{"type": "FeatureCollection", "features": [{"type": "Feature", "properties": {"MM ID": "50001", "SITE_ID": "10001", "radius_m": 183, "radius_source": "Footfall.RADIUS", "color": "#29B6E8"}, "geometry": {"type": "Polygon", "coordinates": [[[-6.2577479, 53.3438446], [-6.257478, 53.3438367], [-6.2572107, 53.343813], [-6.2569486, 53.3437738], [-6.2566942, 53.3437195], [-6.2564499, 53.3436505], [-6.2562182, 53.3435676], [-6.2560011, 53.3434715], [-6.2558009, 53.3433631], [-6.2556194, 53.3432436], [-6.2554585, 53.343114], [-6.2553196, 53.3429756], [-6.255204, 53.3428298], [-6.255113, 53.3426779], [-6.2550473, 53.3425214], [-6.2550077, 53.3423618], [-6.2549944, 53.3422007], [-6.2550077, 53.3420396], [-6.2550473, 53.34188], [-6.255113, 53.3417235], [-6.255204, 53.3415716], [-6.2553196, 53.3414258], [-6.2554585, 53.3412874], [-6.2556194, 53.3411578], [-6.2558009, 53.3410383], [-6.2560011, 53.3409299], [-6.2562182, 53.3408338], [-6.2564499, 53.3407509], [-6.2566942, 53.3406819], [-6.2569486, 53.3406276], [-6.2572107, 53.3405884], [-6.257478, 53.3405647], [-6.2577479, 53.3405568], [-6.2580178, 53.3405647], [-6.2582851, 53.3405884], [-6.2585472, 53.3406276], [-6.2588016, 53.3406819], [-6.2590459, 53.3407509], [-6.2592776, 53.3408338], [-6.2594947, 53.3409299], [-6.2596949, 53.3410383], [-6.2598764, 53.3411578], [-6.2600373, 53.3412874], [-6.2601762, 53.3414258], [-6.2602918, 53.3415716], [-6.2603828, 53.3417235], [-6.2604485, 53.34188], [-6.2604881, 53.3420396], [-6.2605014, 53.3422007], [-6.2604881, 53.3423618], [-6.2604485, 53.3425214], [-6.2603828, 53.3426779], [-6.2602918, 53.3428298], [-6.2601762, 53.3429756], [-6.2600373, 53.343114], [-6.2598764, 53.3432436], [-6.2596949, 53.3433631], [-6.2594947, 53.3434715], [-6.2592776, 53.3435676], [-6.2590459, 53.3436505], [-6.2588016, 53.3437195], [-6.2585472, 53.3437738], [-6.2582851, 53.343813], [-6.2580178, 53.3438367], [-6.2577479, 53.3438446]]]}}, {"type": "Feature", "properties": {"MM ID": "50003", "SITE_ID": "10003", "radius_m": 183, "radius_source": "Footfall.RADIUS", "color": "#29B6E8"}, "geometry": {"type": "Polygon", "coordinates": [[[-6.2636218, 53.3369675], [-6.263352, 53.3369596], [-6.2630847, 53.3369359], [-6.2628226, 53.3368967], [-6.2625683, 53.3368424], [-6.262324, 53.3367734], [-6.2620923, 53.3366905], [-6.2618753, 53.3365944], [-6.2616751, 53.336486], [-6.2614937, 53.3363665], [-6.2613328, 53.3362369], [-6.2611939, 53.3360985], [-6.2610783, 53.3359527], [-6.2609873, 53.3358008], [-6.2609217, 53.3356443], [-6.260882, 53.3354847], [-6.2608688, 53.3353236], [-6.260882, 53.3351625], [-6.2609217, 53.3350029], [-6.2609873, 53.3348464], [-6.2610783, 53.3346945], [-6.2611939, 53.3345487], [-6.2613328, 53.3344103], [-6.2614937, 53.3342807], [-6.2616751, 53.3341612], [-6.2618753, 53.3340528], [-6.2620923, 53.3339567], [-6.262324, 53.3338738], [-6.2625683, 53.3338048], [-6.2628226, 53.3337505], [-6.2630847, 53.3337113], [-6.263352, 53.3336876], [-6.2636218, 53.3336797], [-6.2638916, 53.3336876], [-6.2641589, 53.3337113], [-6.264421, 53.3337505], [-6.2646753, 53.3338048], [-6.2649196, 53.3338738], [-6.2651513, 53.3339567], [-6.2653683, 53.3340528], [-6.2655685, 53.3341612], [-6.2657499, 53.3342807], [-6.2659108, 53.3344103], [-6.2660497, 53.3345487], [-6.2661653, 53.3346945], [-6.2662563, 53.3348464], [-6.2663219, 53.3350029], [-6.2663616, 53.3351625], [-6.2663748, 53.3353236], [-6.2663616, 53.3354847], [-6.2663219, 53.3356443], [-6.2662563, 53.3358008], [-6.2661653, 53.3359527], [-6.2660497, 53.3360985], [-6.2659108, 53.3362369], [-6.2657499, 53.3363665], [-6.2655685, 53.336486], [-6.2653683, 53.3365944], [-6.2651513, 53.3366905], [-6.2649196, 53.3367734], [-6.2646753, 53.3368424], [-6.264421, 53.3368967], [-6.2641589, 53.3369359], [-6.2638916, 53.3369596], [-6.2636218, 53.3369675]]]}}, {"type": "Feature", "properties": {"MM ID": "50005", "SITE_ID": "10004", "radius_m": 183, "radius_source": "Footfall.RADIUS", "color": "#29B6E8"}, "geometry": {"type": "Polygon", "coordinates": [[[-6.2345224, 53.3390355], [-6.2342525, 53.3390276], [-6.2339853, 53.3390039], [-6.2337232, 53.3389647], [-6.2334688, 53.3389104], [-6.2332246, 53.3388414], [-6.2329928, 53.3387585], [-6.2327758, 53.3386624], [-6.2325756, 53.338554], [-6.2323942, 53.3384345], [-6.2322332, 53.3383049], [-6.2320943, 53.3381665], [-6.2319788, 53.3380207], [-6.2318878, 53.3378688], [-6.2318222, 53.3377123], [-6.2317825, 53.3375527], [-6.2317693, 53.3373916], [-6.2317825, 53.3372305], [-6.2318222, 53.3370709], [-6.2318878, 53.3369144], [-6.2319788, 53.3367625], [-6.2320943, 53.3366167], [-6.2322332, 53.3364783], [-6.2323942, 53.3363487], [-6.2325756, 53.3362292], [-6.2327758, 53.3361208], [-6.2329928, 53.3360247], [-6.2332246, 53.3359418], [-6.2334688, 53.3358728], [-6.2337232, 53.3358185], [-6.2339853, 53.3357793], [-6.2342525, 53.3357556], [-6.2345224, 53.3357477], [-6.2347923, 53.3357556], [-6.2350595, 53.3357793], [-6.2353216, 53.3358185], [-6.235576, 53.3358728], [-6.2358202, 53.3359418], [-6.236052, 53.3360247], [-6.236269, 53.3361208], [-6.2364692, 53.3362292], [-6.2366506, 53.3363487], [-6.2368116, 53.3364783], [-6.2369505, 53.3366167], [-6.237066, 53.3367625], [-6.237157, 53.3369144], [-6.2372226, 53.3370709], [-6.2372623, 53.3372305], [-6.2372755, 53.3373916], [-6.2372623, 53.3375527], [-6.2372226, 53.3377123], [-6.237157, 53.3378688], [-6.237066, 53.3380207], [-6.2369505, 53.3381665], [-6.2368116, 53.3383049], [-6.2366506, 53.3384345], [-6.2364692, 53.338554], [-6.236269, 53.3386624], [-6.236052, 53.3387585], [-6.2358202, 53.3388414], [-6.235576, 53.3389104], [-6.2353216, 53.3389647], [-6.2350595, 53.3390039], [-6.2347923, 53.3390276], [-6.2345224, 53.3390355]]]}}, {"type": "Feature", "properties": {"MM ID": "50006", "SITE_ID": "10005", "radius_m": 183, "radius_source": "Footfall.RADIUS", "color": "#29B6E8"}, "geometry": {"type": "Polygon", "coordinates": [[[-6.2627972, 53.3431395], [-6.2625273, 53.3431316], [-6.26226, 53.3431079], [-6.2619979, 53.3430687], [-6.2617435, 53.3430144], [-6.2614993, 53.3429454], [-6.2612675, 53.3428625], [-6.2610505, 53.3427664], [-6.2608502, 53.342658], [-6.2606688, 53.3425385], [-6.2605078, 53.3424089], [-6.2603689, 53.3422705], [-6.2602534, 53.3421247], [-6.2601623, 53.3419728], [-6.2600967, 53.3418163], [-6.260057, 53.3416567], [-6.2600438, 53.3414956], [-6.260057, 53.3413345], [-6.2600967, 53.3411749], [-6.2601623, 53.3410184], [-6.2602534, 53.3408665], [-6.2603689, 53.3407207], [-6.2605078, 53.3405823], [-6.2606688, 53.3404527], [-6.2608502, 53.3403332], [-6.2610505, 53.3402248], [-6.2612675, 53.3401287], [-6.2614993, 53.3400458], [-6.2617435, 53.3399768], [-6.2619979, 53.3399225], [-6.26226, 53.3398833], [-6.2625273, 53.3398596], [-6.2627972, 53.3398517], [-6.2630671, 53.3398596], [-6.2633344, 53.3398833], [-6.2635965, 53.3399225], [-6.2638509, 53.3399768], [-6.2640951, 53.3400458], [-6.2643269, 53.3401287], [-6.2645439, 53.3402248], [-6.2647442, 53.3403332], [-6.2649256, 53.3404527], [-6.2650866, 53.3405823], [-6.2652255, 53.3407207], [-6.265341, 53.3408665], [-6.2654321, 53.3410184], [-6.2654977, 53.3411749], [-6.2655374, 53.3413345], [-6.2655506, 53.3414956], [-6.2655374, 53.3416567], [-6.2654977, 53.3418163], [-6.2654321, 53.3419728], [-6.265341, 53.3421247], [-6.2652255, 53.3422705], [-6.2650866, 53.3424089], [-6.2649256, 53.3425385], [-6.2647442, 53.342658], [-6.2645439, 53.3427664], [-6.2643269, 53.3428625], [-6.2640951, 53.3429454], [-6.2638509, 53.3430144], [-6.2635965, 53.3430687], [-6.2633344, 53.3431079], [-6.2630671, 53.3431316], [-6.2627972, 53.3431395]]]}}, {"type": "Feature", "properties": {"MM ID": "50008", "SITE_ID": "10007", "radius_m": 183, "radius_source": "Footfall.RADIUS", "color": "#29B6E8"}, "geometry": {"type": "Polygon", "coordinates": [[[-6.273078, 53.36018], [-6.272808, 53.3601721], [-6.2725406, 53.3601484], [-6.2722784, 53.3601092], [-6.2720239, 53.3600549], [-6.2717795, 53.3599859], [-6.2715477, 53.359903], [-6.2713306, 53.3598069], [-6.2711303, 53.3596985], [-6.2709487, 53.359579], [-6.2707877, 53.3594494], [-6.2706487, 53.359311], [-6.2705332, 53.3591652], [-6.2704421, 53.3590133], [-6.2703764, 53.3588568], [-6.2703368, 53.3586972], [-6.2703235, 53.3585361], [-6.2703368, 53.358375], [-6.2703764, 53.3582154], [-6.2704421, 53.3580589], [-6.2705332, 53.357907], [-6.2706487, 53.3577612], [-6.2707877, 53.3576228], [-6.2709487, 53.3574932], [-6.2711303, 53.3573737], [-6.2713306, 53.3572653], [-6.2715477, 53.3571692], [-6.2717795, 53.3570863], [-6.2720239, 53.3570173], [-6.2722784, 53.356963], [-6.2725406, 53.3569238], [-6.272808, 53.3569001], [-6.273078, 53.3568922], [-6.273348, 53.3569001], [-6.2736154, 53.3569238], [-6.2738776, 53.356963], [-6.2741321, 53.3570173], [-6.2743765, 53.3570863], [-6.2746083, 53.3571692], [-6.2748254, 53.3572653], [-6.2750257, 53.3573737], [-6.2752073, 53.3574932], [-6.2753683, 53.3576228], [-6.2755073, 53.3577612], [-6.2756228, 53.357907], [-6.2757139, 53.3580589], [-6.2757796, 53.3582154], [-6.2758192, 53.358375], [-6.2758325, 53.3585361], [-6.2758192, 53.3586972], [-6.2757796, 53.3588568], [-6.2757139, 53.3590133], [-6.2756228, 53.3591652], [-6.2755073, 53.359311], [-6.2753683, 53.3594494], [-6.2752073, 53.359579], [-6.2750257, 53.3596985], [-6.2748254, 53.3598069], [-6.2746083, 53.359903], [-6.2743765, 53.3599859], [-6.2741321, 53.3600549], [-6.2738776, 53.3601092], [-6.2736154, 53.3601484], [-6.273348, 53.3601721], [-6.273078, 53.36018]]]}}, {"type": "Feature", "properties": {"MM ID": "50010", "SITE_ID": "10008", "radius_m": 183, "radius_source": "Footfall.RADIUS", "color": "#29B6E8"}, "geometry": {"type": "Polygon", "coordinates": [[[-6.2644465, 53.3443831], [-6.2641766, 53.3443752], [-6.2639093, 53.3443515], [-6.2636472, 53.3443123], [-6.2633928, 53.344258], [-6.2631485, 53.344189], [-6.2629167, 53.3441061], [-6.2626997, 53.34401], [-6.2624995, 53.3439016], [-6.262318, 53.3437821], [-6.2621571, 53.3436525], [-6.2620181, 53.3435141], [-6.2619026, 53.3433683], [-6.2618116, 53.3432164], [-6.2617459, 53.3430599], [-6.2617063, 53.3429003], [-6.261693, 53.3427392], [-6.2617063, 53.3425781], [-6.2617459, 53.3424185], [-6.2618116, 53.342262], [-6.2619026, 53.3421101], [-6.2620181, 53.3419643], [-6.2621571, 53.3418259], [-6.262318, 53.3416963], [-6.2624995, 53.3415768], [-6.2626997, 53.3414684], [-6.2629167, 53.3413723], [-6.2631485, 53.3412894], [-6.2633928, 53.3412204], [-6.2636472, 53.3411661], [-6.2639093, 53.3411269], [-6.2641766, 53.3411032], [-6.2644465, 53.3410953], [-6.2647164, 53.3411032], [-6.2649837, 53.3411269], [-6.2652458, 53.3411661], [-6.2655002, 53.3412204], [-6.2657445, 53.3412894], [-6.2659763, 53.3413723], [-6.2661933, 53.3414684], [-6.2663935, 53.3415768], [-6.266575, 53.3416963], [-6.2667359, 53.3418259], [-6.2668749, 53.3419643], [-6.2669904, 53.3421101], [-6.2670814, 53.342262], [-6.2671471, 53.3424185], [-6.2671867, 53.3425781], [-6.2672, 53.3427392], [-6.2671867, 53.3429003], [-6.2671471, 53.3430599], [-6.2670814, 53.3432164], [-6.2669904, 53.3433683], [-6.2668749, 53.3435141], [-6.2667359, 53.3436525], [-6.266575, 53.3437821], [-6.2663935, 53.3439016], [-6.2661933, 53.34401], [-6.2659763, 53.3441061], [-6.2657445, 53.344189], [-6.2655002, 53.344258], [-6.2652458, 53.3443123], [-6.2649837, 53.3443515], [-6.2647164, 53.3443752], [-6.2644465, 53.3443831]]]}}, {"type": "Feature", "properties": {"MM ID": "50031", "SITE_ID": "10009", "radius_m": 183, "radius_source": "Footfall.RADIUS", "color": "#29B6E8"}, "geometry": {"type": "Polygon", "coordinates": [[[-6.2634728, 53.3485514], [-6.2632029, 53.3485435], [-6.2629356, 53.3485198], [-6.2626734, 53.3484806], [-6.262419, 53.3484263], [-6.2621747, 53.3483573], [-6.2619429, 53.3482744], [-6.2617258, 53.3481783], [-6.2615256, 53.3480699], [-6.2613441, 53.3479504], [-6.2611831, 53.3478208], [-6.2610442, 53.3476824], [-6.2609287, 53.3475366], [-6.2608376, 53.3473847], [-6.260772, 53.3472282], [-6.2607323, 53.3470686], [-6.260719, 53.3469075], [-6.2607323, 53.3467464], [-6.260772, 53.3465868], [-6.2608376, 53.3464303], [-6.2609287, 53.3462784], [-6.2610442, 53.3461326], [-6.2611831, 53.3459942], [-6.2613441, 53.3458646], [-6.2615256, 53.3457451], [-6.2617258, 53.3456367], [-6.2619429, 53.3455406], [-6.2621747, 53.3454577], [-6.262419, 53.3453887], [-6.2626734, 53.3453344], [-6.2629356, 53.3452952], [-6.2632029, 53.3452715], [-6.2634728, 53.3452636], [-6.2637427, 53.3452715], [-6.26401, 53.3452952], [-6.2642722, 53.3453344], [-6.2645266, 53.3453887], [-6.2647709, 53.3454577], [-6.2650027, 53.3455406], [-6.2652198, 53.3456367], [-6.26542, 53.3457451], [-6.2656015, 53.3458646], [-6.2657625, 53.3459942], [-6.2659014, 53.3461326], [-6.2660169, 53.3462784], [-6.266108, 53.3464303], [-6.2661736, 53.3465868], [-6.2662133, 53.3467464], [-6.2662266, 53.3469075], [-6.2662133, 53.3470686], [-6.2661736, 53.3472282], [-6.266108, 53.3473847], [-6.2660169, 53.3475366], [-6.2659014, 53.3476824], [-6.2657625, 53.3478208], [-6.2656015, 53.3479504], [-6.26542, 53.3480699], [-6.2652198, 53.3481783], [-6.2650027, 53.3482744], [-6.2647709, 53.3483573], [-6.2645266, 53.3484263], [-6.2642722, 53.3484806], [-6.26401, 53.3485198], [-6.2637427, 53.3485435], [-6.2634728, 53.3485514]]]}}, {"type": "Feature", "properties": {"MM ID": "50040", "SITE_ID": "10011", "radius_m": 183, "radius_source": "Footfall.RADIUS", "color": "#29B6E8"}, "geometry": {"type": "Polygon", "coordinates": [[[-7.2526095, 52.6542128], [-7.2523439, 52.6542049], [-7.2520808, 52.6541812], [-7.2518229, 52.654142], [-7.2515725, 52.6540877], [-7.2513321, 52.6540187], [-7.251104, 52.6539358], [-7.2508904, 52.6538397], [-7.2506934, 52.6537313], [-7.2505148, 52.6536118], [-7.2503564, 52.6534822], [-7.2502196, 52.6533438], [-7.2501059, 52.653198], [-7.2500164, 52.6530461], [-7.2499517, 52.6528896], [-7.2499127, 52.65273], [-7.2498997, 52.6525689], [-7.2499127, 52.6524078], [-7.2499517, 52.6522482], [-7.2500164, 52.6520917], [-7.2501059, 52.6519398], [-7.2502196, 52.651794], [-7.2503564, 52.6516556], [-7.2505148, 52.651526], [-7.2506934, 52.6514065], [-7.2508904, 52.6512981], [-7.251104, 52.651202], [-7.2513321, 52.6511191], [-7.2515725, 52.6510501], [-7.2518229, 52.6509958], [-7.2520808, 52.6509566], [-7.2523439, 52.6509329], [-7.2526095, 52.650925], [-7.2528751, 52.6509329], [-7.2531382, 52.6509566], [-7.2533961, 52.6509958], [-7.2536465, 52.6510501], [-7.2538869, 52.6511191], [-7.254115, 52.651202], [-7.2543286, 52.6512981], [-7.2545256, 52.6514065], [-7.2547042, 52.651526], [-7.2548626, 52.6516556], [-7.2549994, 52.651794], [-7.2551131, 52.6519398], [-7.2552026, 52.6520917], [-7.2552673, 52.6522482], [-7.2553063, 52.6524078], [-7.2553193, 52.6525689], [-7.2553063, 52.65273], [-7.2552673, 52.6528896], [-7.2552026, 52.6530461], [-7.2551131, 52.653198], [-7.2549994, 52.6533438], [-7.2548626, 52.6534822], [-7.2547042, 52.6536118], [-7.2545256, 52.6537313], [-7.2543286, 52.6538397], [-7.254115, 52.6539358], [-7.2538869, 52.6540187], [-7.2536465, 52.6540877], [-7.2533961, 52.654142], [-7.2531382, 52.6541812], [-7.2528751, 52.6542049], [-7.2526095, 52.6542128]]]}}, {"type": "Feature", "properties": {"MM ID": "50048", "SITE_ID": "10014", "radius_m": 183, "radius_source": "Footfall.RADIUS", "color": "#29B6E8"}, "geometry": {"type": "Polygon", "coordinates": [[[-6.2643566, 53.3461775], [-6.2640867, 53.3461696], [-6.2638194, 53.3461459], [-6.2635573, 53.3461067], [-6.2633028, 53.3460524], [-6.2630586, 53.3459834], [-6.2628268, 53.3459005], [-6.2626097, 53.3458044], [-6.2624095, 53.345696], [-6.262228, 53.3455765], [-6.2620671, 53.3454469], [-6.2619281, 53.3453085], [-6.2618126, 53.3451627], [-6.2617216, 53.3450108], [-6.2616559, 53.3448543], [-6.2616163, 53.3446947], [-6.261603, 53.3445336], [-6.2616163, 53.3443725], [-6.2616559, 53.3442129], [-6.2617216, 53.3440564], [-6.2618126, 53.3439045], [-6.2619281, 53.3437587], [-6.2620671, 53.3436203], [-6.262228, 53.3434907], [-6.2624095, 53.3433712], [-6.2626097, 53.3432628], [-6.2628268, 53.3431667], [-6.2630586, 53.3430838], [-6.2633028, 53.3430148], [-6.2635573, 53.3429605], [-6.2638194, 53.3429213], [-6.2640867, 53.3428976], [-6.2643566, 53.3428897], [-6.2646265, 53.3428976], [-6.2648938, 53.3429213], [-6.2651559, 53.3429605], [-6.2654104, 53.3430148], [-6.2656546, 53.3430838], [-6.2658864, 53.3431667], [-6.2661035, 53.3432628], [-6.2663037, 53.3433712], [-6.2664852, 53.3434907], [-6.2666461, 53.3436203], [-6.2667851, 53.3437587], [-6.2669006, 53.3439045], [-6.2669916, 53.3440564], [-6.2670573, 53.3442129], [-6.2670969, 53.3443725], [-6.2671102, 53.3445336], [-6.2670969, 53.3446947], [-6.2670573, 53.3448543], [-6.2669916, 53.3450108], [-6.2669006, 53.3451627], [-6.2667851, 53.3453085], [-6.2666461, 53.3454469], [-6.2664852, 53.3455765], [-6.2663037, 53.345696], [-6.2661035, 53.3458044], [-6.2658864, 53.3459005], [-6.2656546, 53.3459834], [-6.2654104, 53.3460524], [-6.2651559, 53.3461067], [-6.2648938, 53.3461459], [-6.2646265, 53.3461696], [-6.2643566, 53.3461775]]]}}, {"type": "Feature", "properties": {"MM ID": "50049", "SITE_ID": "10015", "radius_m": 183, "radius_source": "Footfall.RADIUS", "color": "#29B6E8"}, "geometry": {"type": "Polygon", "coordinates": [[[-6.2645949, 53.3465383], [-6.264325, 53.3465304], [-6.2640577, 53.3465067], [-6.2637956, 53.3464675], [-6.2635411, 53.3464132], [-6.2632968, 53.3463442], [-6.2630651, 53.3462613], [-6.262848, 53.3461652], [-6.2626478, 53.3460568], [-6.2624663, 53.3459373], [-6.2623053, 53.3458077], [-6.2621664, 53.3456693], [-6.2620509, 53.3455235], [-6.2619598, 53.3453716], [-6.2618942, 53.3452151], [-6.2618545, 53.3450555], [-6.2618413, 53.3448944], [-6.2618545, 53.3447333], [-6.2618942, 53.3445737], [-6.2619598, 53.3444172], [-6.2620509, 53.3442653], [-6.2621664, 53.3441195], [-6.2623053, 53.3439811], [-6.2624663, 53.3438515], [-6.2626478, 53.343732], [-6.262848, 53.3436236], [-6.2630651, 53.3435275], [-6.2632968, 53.3434446], [-6.2635411, 53.3433756], [-6.2637956, 53.3433213], [-6.2640577, 53.3432821], [-6.264325, 53.3432584], [-6.2645949, 53.3432505], [-6.2648648, 53.3432584], [-6.2651321, 53.3432821], [-6.2653942, 53.3433213], [-6.2656487, 53.3433756], [-6.265893, 53.3434446], [-6.2661247, 53.3435275], [-6.2663418, 53.3436236], [-6.266542, 53.343732], [-6.2667235, 53.3438515], [-6.2668845, 53.3439811], [-6.2670234, 53.3441195], [-6.2671389, 53.3442653], [-6.26723, 53.3444172], [-6.2672956, 53.3445737], [-6.2673353, 53.3447333], [-6.2673485, 53.3448944], [-6.2673353, 53.3450555], [-6.2672956, 53.3452151], [-6.26723, 53.3453716], [-6.2671389, 53.3455235], [-6.2670234, 53.3456693], [-6.2668845, 53.3458077], [-6.2667235, 53.3459373], [-6.266542, 53.3460568], [-6.2663418, 53.3461652], [-6.2661247, 53.3462613], [-6.265893, 53.3463442], [-6.2656487, 53.3464132], [-6.2653942, 53.3464675], [-6.2651321, 53.3465067], [-6.2648648, 53.3465304], [-6.2645949, 53.3465383]]]}}, {"type": "Feature", "properties": {"MM ID": "50054", "SITE_ID": "10016", "radius_m": 183, "radius_source": "Footfall.RADIUS", "color": "#29B6E8"}, "geometry": {"type": "Polygon", "coordinates": [[[-6.2602233, 53.3503091], [-6.2599534, 53.3503012], [-6.259686, 53.3502775], [-6.2594239, 53.3502383], [-6.2591694, 53.350184], [-6.2589251, 53.350115], [-6.2586933, 53.3500321], [-6.2584763, 53.349936], [-6.258276, 53.3498276], [-6.2580945, 53.3497081], [-6.2579335, 53.3495785], [-6.2577946, 53.3494401], [-6.2576791, 53.3492943], [-6.257588, 53.3491424], [-6.2575223, 53.3489859], [-6.2574827, 53.3488263], [-6.2574694, 53.3486652], [-6.2574827, 53.3485041], [-6.2575223, 53.3483445], [-6.257588, 53.348188], [-6.2576791, 53.3480361], [-6.2577946, 53.3478903], [-6.2579335, 53.3477519], [-6.2580945, 53.3476223], [-6.258276, 53.3475028], [-6.2584763, 53.3473944], [-6.2586933, 53.3472983], [-6.2589251, 53.3472154], [-6.2591694, 53.3471464], [-6.2594239, 53.3470921], [-6.259686, 53.3470529], [-6.2599534, 53.3470292], [-6.2602233, 53.3470213], [-6.2604932, 53.3470292], [-6.2607606, 53.3470529], [-6.2610227, 53.3470921], [-6.2612772, 53.3471464], [-6.2615215, 53.3472154], [-6.2617533, 53.3472983], [-6.2619703, 53.3473944], [-6.2621706, 53.3475028], [-6.2623521, 53.3476223], [-6.2625131, 53.3477519], [-6.262652, 53.3478903], [-6.2627675, 53.3480361], [-6.2628586, 53.348188], [-6.2629243, 53.3483445], [-6.2629639, 53.3485041], [-6.2629772, 53.3486652], [-6.2629639, 53.3488263], [-6.2629243, 53.3489859], [-6.2628586, 53.3491424], [-6.2627675, 53.3492943], [-6.262652, 53.3494401], [-6.2625131, 53.3495785], [-6.2623521, 53.3497081], [-6.2621706, 53.3498276], [-6.2619703, 53.349936], [-6.2617533, 53.3500321], [-6.2615215, 53.350115], [-6.2612772, 53.350184], [-6.2610227, 53.3502383], [-6.2607606, 53.3502775], [-6.2604932, 53.3503012], [-6.2602233, 53.3503091]]]}}, {"type": "Feature", "properties": {"MM ID": "50055", "SITE_ID": "10017", "radius_m": 183, "radius_source": "Footfall.RADIUS", "color": "#29B6E8"}, "geometry": {"type": "Polygon", "coordinates": [[[-6.2158477, 53.3341171], [-6.2155779, 53.3341092], [-6.2153106, 53.3340855], [-6.2150486, 53.3340463], [-6.2147942, 53.333992], [-6.21455, 53.333923], [-6.2143183, 53.3338401], [-6.2141013, 53.333744], [-6.2139012, 53.3336356], [-6.2137197, 53.3335161], [-6.2135588, 53.3333865], [-6.2134199, 53.3332481], [-6.2133044, 53.3331023], [-6.2132134, 53.3329504], [-6.2131478, 53.3327939], [-6.2131081, 53.3326343], [-6.2130949, 53.3324732], [-6.2131081, 53.3323121], [-6.2131478, 53.3321525], [-6.2132134, 53.331996], [-6.2133044, 53.3318441], [-6.2134199, 53.3316983], [-6.2135588, 53.3315599], [-6.2137197, 53.3314303], [-6.2139012, 53.3313108], [-6.2141013, 53.3312024], [-6.2143183, 53.3311063], [-6.21455, 53.3310234], [-6.2147942, 53.3309544], [-6.2150486, 53.3309001], [-6.2153106, 53.3308609], [-6.2155779, 53.3308372], [-6.2158477, 53.3308293], [-6.2161175, 53.3308372], [-6.2163848, 53.3308609], [-6.2166468, 53.3309001], [-6.2169012, 53.3309544], [-6.2171454, 53.3310234], [-6.2173771, 53.3311063], [-6.2175941, 53.3312024], [-6.2177942, 53.3313108], [-6.2179757, 53.3314303], [-6.2181366, 53.3315599], [-6.2182755, 53.3316983], [-6.218391, 53.3318441], [-6.218482, 53.331996], [-6.2185476, 53.3321525], [-6.2185873, 53.3323121], [-6.2186005, 53.3324732], [-6.2185873, 53.3326343], [-6.2185476, 53.3327939], [-6.218482, 53.3329504], [-6.218391, 53.3331023], [-6.2182755, 53.3332481], [-6.2181366, 53.3333865], [-6.2179757, 53.3335161], [-6.2177942, 53.3336356], [-6.2175941, 53.333744], [-6.2173771, 53.3338401], [-6.2171454, 53.333923], [-6.2169012, 53.333992], [-6.2166468, 53.3340463], [-6.2163848, 53.3340855], [-6.2161175, 53.3341092], [-6.2158477, 53.3341171]]]}}, {"type": "Feature", "properties": {"MM ID": "50060", "SITE_ID": "10018", "radius_m": 183, "radius_source": "Footfall.RADIUS", "color": "#29B6E8"}, "geometry": {"type": "Polygon", "coordinates": [[[-6.2627972, 53.3431395], [-6.2625273, 53.3431316], [-6.26226, 53.3431079], [-6.2619979, 53.3430687], [-6.2617435, 53.3430144], [-6.2614993, 53.3429454], [-6.2612675, 53.3428625], [-6.2610505, 53.3427664], [-6.2608502, 53.342658], [-6.2606688, 53.3425385], [-6.2605078, 53.3424089], [-6.2603689, 53.3422705], [-6.2602534, 53.3421247], [-6.2601623, 53.3419728], [-6.2600967, 53.3418163], [-6.260057, 53.3416567], [-6.2600438, 53.3414956], [-6.260057, 53.3413345], [-6.2600967, 53.3411749], [-6.2601623, 53.3410184], [-6.2602534, 53.3408665], [-6.2603689, 53.3407207], [-6.2605078, 53.3405823], [-6.2606688, 53.3404527], [-6.2608502, 53.3403332], [-6.2610505, 53.3402248], [-6.2612675, 53.3401287], [-6.2614993, 53.3400458], [-6.2617435, 53.3399768], [-6.2619979, 53.3399225], [-6.26226, 53.3398833], [-6.2625273, 53.3398596], [-6.2627972, 53.3398517], [-6.2630671, 53.3398596], [-6.2633344, 53.3398833], [-6.2635965, 53.3399225], [-6.2638509, 53.3399768], [-6.2640951, 53.3400458], [-6.2643269, 53.3401287], [-6.2645439, 53.3402248], [-6.2647442, 53.3403332], [-6.2649256, 53.3404527], [-6.2650866, 53.3405823], [-6.2652255, 53.3407207], [-6.265341, 53.3408665], [-6.2654321, 53.3410184], [-6.2654977, 53.3411749], [-6.2655374, 53.3413345], [-6.2655506, 53.3414956], [-6.2655374, 53.3416567], [-6.2654977, 53.3418163], [-6.2654321, 53.3419728], [-6.265341, 53.3421247], [-6.2652255, 53.3422705], [-6.2650866, 53.3424089], [-6.2649256, 53.3425385], [-6.2647442, 53.342658], [-6.2645439, 53.3427664], [-6.2643269, 53.3428625], [-6.2640951, 53.3429454], [-6.2638509, 53.3430144], [-6.2635965, 53.3430687], [-6.2633344, 53.3431079], [-6.2630671, 53.3431316], [-6.2627972, 53.3431395]]]}}, {"type": "Feature", "properties": {"MM ID": "50071", "SITE_ID": "10019", "radius_m": 183, "radius_source": "Footfall.RADIUS", "color": "#29B6E8"}, "geometry": {"type": "Polygon", "coordinates": [[[-6.25957, 53.3635888], [-6.2593, 53.3635809], [-6.2590326, 53.3635572], [-6.2587703, 53.363518], [-6.2585158, 53.3634637], [-6.2582714, 53.3633947], [-6.2580396, 53.3633118], [-6.2578224, 53.3632157], [-6.2576221, 53.3631073], [-6.2574406, 53.3629878], [-6.2572795, 53.3628582], [-6.2571405, 53.3627198], [-6.257025, 53.362574], [-6.2569339, 53.3624221], [-6.2568682, 53.3622656], [-6.2568285, 53.362106], [-6.2568153, 53.3619449], [-6.2568285, 53.3617838], [-6.2568682, 53.3616242], [-6.2569339, 53.3614677], [-6.257025, 53.3613158], [-6.2571405, 53.36117], [-6.2572795, 53.3610316], [-6.2574406, 53.360902], [-6.2576221, 53.3607825], [-6.2578224, 53.3606741], [-6.2580396, 53.360578], [-6.2582714, 53.3604951], [-6.2585158, 53.3604261], [-6.2587703, 53.3603718], [-6.2590326, 53.3603326], [-6.2593, 53.3603089], [-6.25957, 53.360301], [-6.25984, 53.3603089], [-6.2601074, 53.3603326], [-6.2603697, 53.3603718], [-6.2606242, 53.3604261], [-6.2608686, 53.3604951], [-6.2611004, 53.360578], [-6.2613176, 53.3606741], [-6.2615179, 53.3607825], [-6.2616994, 53.360902], [-6.2618605, 53.3610316], [-6.2619995, 53.36117], [-6.262115, 53.3613158], [-6.2622061, 53.3614677], [-6.2622718, 53.3616242], [-6.2623115, 53.3617838], [-6.2623247, 53.3619449], [-6.2623115, 53.362106], [-6.2622718, 53.3622656], [-6.2622061, 53.3624221], [-6.262115, 53.362574], [-6.2619995, 53.3627198], [-6.2618605, 53.3628582], [-6.2616994, 53.3629878], [-6.2615179, 53.3631073], [-6.2613176, 53.3632157], [-6.2611004, 53.3633118], [-6.2608686, 53.3633947], [-6.2606242, 53.3634637], [-6.2603697, 53.363518], [-6.2601074, 53.3635572], [-6.25984, 53.3635809], [-6.25957, 53.3635888]]]}}, {"type": "Feature", "properties": {"MM ID": "50075", "SITE_ID": "10020", "radius_m": 183, "radius_source": "Footfall.RADIUS", "color": "#29B6E8"}, "geometry": {"type": "Polygon", "coordinates": [[[-6.2419836, 53.2892473], [-6.2417141, 53.2892394], [-6.2414471, 53.2892157], [-6.2411853, 53.2891765], [-6.2409312, 53.2891222], [-6.2406873, 53.2890532], [-6.2404558, 53.2889703], [-6.2402391, 53.2888742], [-6.2400391, 53.2887658], [-6.2398579, 53.2886463], [-6.2396971, 53.2885167], [-6.2395584, 53.2883783], [-6.239443, 53.2882325], [-6.2393521, 53.2880806], [-6.2392865, 53.2879241], [-6.2392469, 53.2877645], [-6.2392337, 53.2876034], [-6.2392469, 53.2874423], [-6.2392865, 53.2872827], [-6.2393521, 53.2871262], [-6.239443, 53.2869743], [-6.2395584, 53.2868285], [-6.2396971, 53.2866901], [-6.2398579, 53.2865605], [-6.2400391, 53.286441], [-6.2402391, 53.2863326], [-6.2404558, 53.2862365], [-6.2406873, 53.2861536], [-6.2409312, 53.2860846], [-6.2411853, 53.2860303], [-6.2414471, 53.2859911], [-6.2417141, 53.2859674], [-6.2419836, 53.2859595], [-6.2422531, 53.2859674], [-6.2425201, 53.2859911], [-6.2427819, 53.2860303], [-6.243036, 53.2860846], [-6.2432799, 53.2861536], [-6.2435114, 53.2862365], [-6.2437281, 53.2863326], [-6.2439281, 53.286441], [-6.2441093, 53.2865605], [-6.2442701, 53.2866901], [-6.2444088, 53.2868285], [-6.2445242, 53.2869743], [-6.2446151, 53.2871262], [-6.2446807, 53.2872827], [-6.2447203, 53.2874423], [-6.2447335, 53.2876034], [-6.2447203, 53.2877645], [-6.2446807, 53.2879241], [-6.2446151, 53.2880806], [-6.2445242, 53.2882325], [-6.2444088, 53.2883783], [-6.2442701, 53.2885167], [-6.2441093, 53.2886463], [-6.2439281, 53.2887658], [-6.2437281, 53.2888742], [-6.2435114, 53.2889703], [-6.2432799, 53.2890532], [-6.243036, 53.2891222], [-6.2427819, 53.2891765], [-6.2425201, 53.2892157], [-6.2422531, 53.2892394], [-6.2419836, 53.2892473]]]}}, {"type": "Feature", "properties": {"MM ID": "50088", "SITE_ID": "10021", "radius_m": 183, "radius_source": "Footfall.RADIUS", "color": "#29B6E8"}, "geometry": {"type": "Polygon", "coordinates": [[[-6.283924, 53.3540095], [-6.283654, 53.3540016], [-6.2833867, 53.3539779], [-6.2831245, 53.3539387], [-6.28287, 53.3538844], [-6.2826257, 53.3538154], [-6.2823939, 53.3537325], [-6.2821768, 53.3536364], [-6.2819765, 53.353528], [-6.281795, 53.3534085], [-6.281634, 53.3532789], [-6.2814951, 53.3531405], [-6.2813795, 53.3529947], [-6.2812885, 53.3528428], [-6.2812228, 53.3526863], [-6.2811831, 53.3525267], [-6.2811699, 53.3523656], [-6.2811831, 53.3522045], [-6.2812228, 53.3520449], [-6.2812885, 53.3518884], [-6.2813795, 53.3517365], [-6.2814951, 53.3515907], [-6.281634, 53.3514523], [-6.281795, 53.3513227], [-6.2819765, 53.3512032], [-6.2821768, 53.3510948], [-6.2823939, 53.3509987], [-6.2826257, 53.3509158], [-6.28287, 53.3508468], [-6.2831245, 53.3507925], [-6.2833867, 53.3507533], [-6.283654, 53.3507296], [-6.283924, 53.3507217], [-6.284194, 53.3507296], [-6.2844613, 53.3507533], [-6.2847235, 53.3507925], [-6.284978, 53.3508468], [-6.2852223, 53.3509158], [-6.2854541, 53.3509987], [-6.2856712, 53.3510948], [-6.2858715, 53.3512032], [-6.286053, 53.3513227], [-6.286214, 53.3514523], [-6.2863529, 53.3515907], [-6.2864685, 53.3517365], [-6.2865595, 53.3518884], [-6.2866252, 53.3520449], [-6.2866649, 53.3522045], [-6.2866781, 53.3523656], [-6.2866649, 53.3525267], [-6.2866252, 53.3526863], [-6.2865595, 53.3528428], [-6.2864685, 53.3529947], [-6.2863529, 53.3531405], [-6.286214, 53.3532789], [-6.286053, 53.3534085], [-6.2858715, 53.353528], [-6.2856712, 53.3536364], [-6.2854541, 53.3537325], [-6.2852223, 53.3538154], [-6.284978, 53.3538844], [-6.2847235, 53.3539387], [-6.2844613, 53.3539779], [-6.284194, 53.3540016], [-6.283924, 53.3540095]]]}}, {"type": "Feature", "properties": {"MM ID": "50092", "SITE_ID": "10022", "radius_m": 183, "radius_source": "Footfall.RADIUS", "color": "#29B6E8"}, "geometry": {"type": "Polygon", "coordinates": [[[-6.2452907, 53.3426008], [-6.2450208, 53.3425929], [-6.2447535, 53.3425692], [-6.2444914, 53.34253], [-6.244237, 53.3424757], [-6.2439928, 53.3424067], [-6.243761, 53.3423238], [-6.243544, 53.3422277], [-6.2433438, 53.3421193], [-6.2431623, 53.3419998], [-6.2430013, 53.3418702], [-6.2428624, 53.3417318], [-6.2427469, 53.341586], [-6.2426559, 53.3414341], [-6.2425902, 53.3412776], [-6.2425506, 53.341118], [-6.2425373, 53.3409569], [-6.2425506, 53.3407958], [-6.2425902, 53.3406362], [-6.2426559, 53.3404797], [-6.2427469, 53.3403278], [-6.2428624, 53.340182], [-6.2430013, 53.3400436], [-6.2431623, 53.339914], [-6.2433438, 53.3397945], [-6.243544, 53.3396861], [-6.243761, 53.33959], [-6.2439928, 53.3395071], [-6.244237, 53.3394381], [-6.2444914, 53.3393838], [-6.2447535, 53.3393446], [-6.2450208, 53.3393209], [-6.2452907, 53.339313], [-6.2455606, 53.3393209], [-6.2458279, 53.3393446], [-6.24609, 53.3393838], [-6.2463444, 53.3394381], [-6.2465886, 53.3395071], [-6.2468204, 53.33959], [-6.2470374, 53.3396861], [-6.2472376, 53.3397945], [-6.2474191, 53.339914], [-6.2475801, 53.3400436], [-6.247719, 53.340182], [-6.2478345, 53.3403278], [-6.2479255, 53.3404797], [-6.2479912, 53.3406362], [-6.2480308, 53.3407958], [-6.2480441, 53.3409569], [-6.2480308, 53.341118], [-6.2479912, 53.3412776], [-6.2479255, 53.3414341], [-6.2478345, 53.341586], [-6.247719, 53.3417318], [-6.2475801, 53.3418702], [-6.2474191, 53.3419998], [-6.2472376, 53.3421193], [-6.2470374, 53.3422277], [-6.2468204, 53.3423238], [-6.2465886, 53.3424067], [-6.2463444, 53.3424757], [-6.24609, 53.34253], [-6.2458279, 53.3425692], [-6.2455606, 53.3425929], [-6.2452907, 53.3426008]]]}}, {"type": "Feature", "properties": {"MM ID": "50095", "SITE_ID": "10023", "radius_m": 183, "radius_source": "Footfall.RADIUS", "color": "#29B6E8"}, "geometry": {"type": "Polygon", "coordinates": [[[-6.2644409, 53.3963328], [-6.2641707, 53.3963249], [-6.2639031, 53.3963012], [-6.2636406, 53.396262], [-6.2633859, 53.3962077], [-6.2631413, 53.3961387], [-6.2629093, 53.3960558], [-6.262692, 53.3959597], [-6.2624915, 53.3958513], [-6.2623098, 53.3957318], [-6.2621487, 53.3956022], [-6.2620096, 53.3954638], [-6.2618939, 53.395318], [-6.2618028, 53.3951661], [-6.261737, 53.3950096], [-6.2616973, 53.39485], [-6.261684, 53.3946889], [-6.2616973, 53.3945278], [-6.261737, 53.3943682], [-6.2618028, 53.3942117], [-6.2618939, 53.3940598], [-6.2620096, 53.393914], [-6.2621487, 53.3937756], [-6.2623098, 53.393646], [-6.2624915, 53.3935265], [-6.262692, 53.3934181], [-6.2629093, 53.393322], [-6.2631413, 53.3932391], [-6.2633859, 53.3931701], [-6.2636406, 53.3931158], [-6.2639031, 53.3930766], [-6.2641707, 53.3930529], [-6.2644409, 53.393045], [-6.2647111, 53.3930529], [-6.2649787, 53.3930766], [-6.2652412, 53.3931158], [-6.2654959, 53.3931701], [-6.2657405, 53.3932391], [-6.2659725, 53.393322], [-6.2661898, 53.3934181], [-6.2663903, 53.3935265], [-6.266572, 53.393646], [-6.2667331, 53.3937756], [-6.2668722, 53.393914], [-6.2669879, 53.3940598], [-6.267079, 53.3942117], [-6.2671448, 53.3943682], [-6.2671845, 53.3945278], [-6.2671978, 53.3946889], [-6.2671845, 53.39485], [-6.2671448, 53.3950096], [-6.267079, 53.3951661], [-6.2669879, 53.395318], [-6.2668722, 53.3954638], [-6.2667331, 53.3956022], [-6.266572, 53.3957318], [-6.2663903, 53.3958513], [-6.2661898, 53.3959597], [-6.2659725, 53.3960558], [-6.2657405, 53.3961387], [-6.2654959, 53.3962077], [-6.2652412, 53.396262], [-6.2649787, 53.3963012], [-6.2647111, 53.3963249], [-6.2644409, 53.3963328]]]}}, {"type": "Feature", "properties": {"MM ID": "50096", "SITE_ID": "10024", "radius_m": 183, "radius_source": "Footfall.RADIUS", "color": "#29B6E8"}, "geometry": {"type": "Polygon", "coordinates": [[[-6.2609834, 53.3547488], [-6.2607134, 53.3547409], [-6.2604461, 53.3547172], [-6.2601839, 53.354678], [-6.2599294, 53.3546237], [-6.2596851, 53.3545547], [-6.2594533, 53.3544718], [-6.2592362, 53.3543757], [-6.2590359, 53.3542673], [-6.2588544, 53.3541478], [-6.2586934, 53.3540182], [-6.2585544, 53.3538798], [-6.2584389, 53.353734], [-6.2583478, 53.3535821], [-6.2582822, 53.3534256], [-6.2582425, 53.353266], [-6.2582292, 53.3531049], [-6.2582425, 53.3529438], [-6.2582822, 53.3527842], [-6.2583478, 53.3526277], [-6.2584389, 53.3524758], [-6.2585544, 53.35233], [-6.2586934, 53.3521916], [-6.2588544, 53.352062], [-6.2590359, 53.3519425], [-6.2592362, 53.3518341], [-6.2594533, 53.351738], [-6.2596851, 53.3516551], [-6.2599294, 53.3515861], [-6.2601839, 53.3515318], [-6.2604461, 53.3514926], [-6.2607134, 53.3514689], [-6.2609834, 53.351461], [-6.2612534, 53.3514689], [-6.2615207, 53.3514926], [-6.2617829, 53.3515318], [-6.2620374, 53.3515861], [-6.2622817, 53.3516551], [-6.2625135, 53.351738], [-6.2627306, 53.3518341], [-6.2629309, 53.3519425], [-6.2631124, 53.352062], [-6.2632734, 53.3521916], [-6.2634124, 53.35233], [-6.2635279, 53.3524758], [-6.263619, 53.3526277], [-6.2636846, 53.3527842], [-6.2637243, 53.3529438], [-6.2637376, 53.3531049], [-6.2637243, 53.353266], [-6.2636846, 53.3534256], [-6.263619, 53.3535821], [-6.2635279, 53.353734], [-6.2634124, 53.3538798], [-6.2632734, 53.3540182], [-6.2631124, 53.3541478], [-6.2629309, 53.3542673], [-6.2627306, 53.3543757], [-6.2625135, 53.3544718], [-6.2622817, 53.3545547], [-6.2620374, 53.3546237], [-6.2617829, 53.354678], [-6.2615207, 53.3547172], [-6.2612534, 53.3547409], [-6.2609834, 53.3547488]]]}}, {"type": "Feature", "properties": {"MM ID": "50097", "SITE_ID": "10025", "radius_m": 183, "radius_source": "Footfall.RADIUS", "color": "#29B6E8"}, "geometry": {"type": "Polygon", "coordinates": [[[-6.2604198, 53.3329228], [-6.26015, 53.3329149], [-6.2598828, 53.3328912], [-6.2596207, 53.332852], [-6.2593664, 53.3327977], [-6.2591222, 53.3327287], [-6.2588905, 53.3326458], [-6.2586735, 53.3325497], [-6.2584733, 53.3324413], [-6.2582919, 53.3323218], [-6.258131, 53.3321922], [-6.2579921, 53.3320538], [-6.2578766, 53.331908], [-6.2577856, 53.3317561], [-6.2577199, 53.3315996], [-6.2576803, 53.33144], [-6.257667, 53.3312789], [-6.2576803, 53.3311178], [-6.2577199, 53.3309582], [-6.2577856, 53.3308017], [-6.2578766, 53.3306498], [-6.2579921, 53.330504], [-6.258131, 53.3303656], [-6.2582919, 53.330236], [-6.2584733, 53.3301165], [-6.2586735, 53.3300081], [-6.2588905, 53.329912], [-6.2591222, 53.3298291], [-6.2593664, 53.3297601], [-6.2596207, 53.3297058], [-6.2598828, 53.3296666], [-6.26015, 53.3296429], [-6.2604198, 53.329635], [-6.2606896, 53.3296429], [-6.2609568, 53.3296666], [-6.2612189, 53.3297058], [-6.2614732, 53.3297601], [-6.2617174, 53.3298291], [-6.2619491, 53.329912], [-6.2621661, 53.3300081], [-6.2623663, 53.3301165], [-6.2625477, 53.330236], [-6.2627086, 53.3303656], [-6.2628475, 53.330504], [-6.262963, 53.3306498], [-6.263054, 53.3308017], [-6.2631197, 53.3309582], [-6.2631593, 53.3311178], [-6.2631726, 53.3312789], [-6.2631593, 53.33144], [-6.2631197, 53.3315996], [-6.263054, 53.3317561], [-6.262963, 53.331908], [-6.2628475, 53.3320538], [-6.2627086, 53.3321922], [-6.2625477, 53.3323218], [-6.2623663, 53.3324413], [-6.2621661, 53.3325497], [-6.2619491, 53.3326458], [-6.2617174, 53.3327287], [-6.2614732, 53.3327977], [-6.2612189, 53.332852], [-6.2609568, 53.3328912], [-6.2606896, 53.3329149], [-6.2604198, 53.3329228]]]}}, {"type": "Feature", "properties": {"MM ID": "50099", "SITE_ID": "10026", "radius_m": 183, "radius_source": "Footfall.RADIUS", "color": "#29B6E8"}, "geometry": {"type": "Polygon", "coordinates": [[[-6.1962163, 53.3102735], [-6.1959466, 53.3102656], [-6.1956795, 53.3102419], [-6.1954176, 53.3102027], [-6.1951634, 53.3101484], [-6.1949193, 53.3100794], [-6.1946878, 53.3099965], [-6.1944709, 53.3099004], [-6.1942708, 53.309792], [-6.1940895, 53.3096725], [-6.1939287, 53.3095429], [-6.1937899, 53.3094045], [-6.1936744, 53.3092587], [-6.1935835, 53.3091068], [-6.1935179, 53.3089503], [-6.1934783, 53.3087907], [-6.193465, 53.3086296], [-6.1934783, 53.3084685], [-6.1935179, 53.3083089], [-6.1935835, 53.3081524], [-6.1936744, 53.3080005], [-6.1937899, 53.3078547], [-6.1939287, 53.3077163], [-6.1940895, 53.3075867], [-6.1942708, 53.3074672], [-6.1944709, 53.3073588], [-6.1946878, 53.3072627], [-6.1949193, 53.3071798], [-6.1951634, 53.3071108], [-6.1954176, 53.3070565], [-6.1956795, 53.3070173], [-6.1959466, 53.3069936], [-6.1962163, 53.3069857], [-6.196486, 53.3069936], [-6.1967531, 53.3070173], [-6.197015, 53.3070565], [-6.1972692, 53.3071108], [-6.1975133, 53.3071798], [-6.1977448, 53.3072627], [-6.1979617, 53.3073588], [-6.1981618, 53.3074672], [-6.1983431, 53.3075867], [-6.1985039, 53.3077163], [-6.1986427, 53.3078547], [-6.1987582, 53.3080005], [-6.1988491, 53.3081524], [-6.1989147, 53.3083089], [-6.1989543, 53.3084685], [-6.1989676, 53.3086296], [-6.1989543, 53.3087907], [-6.1989147, 53.3089503], [-6.1988491, 53.3091068], [-6.1987582, 53.3092587], [-6.1986427, 53.3094045], [-6.1985039, 53.3095429], [-6.1983431, 53.3096725], [-6.1981618, 53.309792], [-6.1979617, 53.3099004], [-6.1977448, 53.3099965], [-6.1975133, 53.3100794], [-6.1972692, 53.3101484], [-6.197015, 53.3102027], [-6.1967531, 53.3102419], [-6.196486, 53.3102656], [-6.1962163, 53.3102735]]]}}, {"type": "Feature", "properties": {"MM ID": "50104", "SITE_ID": "10027", "radius_m": 183, "radius_source": "Footfall.RADIUS", "color": "#29B6E8"}, "geometry": {"type": "Polygon", "coordinates": [[[-6.2700959, 53.3190575], [-6.2698262, 53.3190496], [-6.269559, 53.3190259], [-6.2692971, 53.3189867], [-6.2690428, 53.3189324], [-6.2687987, 53.3188634], [-6.268567, 53.3187805], [-6.2683501, 53.3186844], [-6.26815, 53.318576], [-6.2679687, 53.3184565], [-6.2678078, 53.3183269], [-6.267669, 53.3181885], [-6.2675535, 53.3180427], [-6.2674625, 53.3178908], [-6.2673969, 53.3177343], [-6.2673573, 53.3175747], [-6.267344, 53.3174136], [-6.2673573, 53.3172525], [-6.2673969, 53.3170929], [-6.2674625, 53.3169364], [-6.2675535, 53.3167845], [-6.267669, 53.3166387], [-6.2678078, 53.3165003], [-6.2679687, 53.3163707], [-6.26815, 53.3162512], [-6.2683501, 53.3161428], [-6.268567, 53.3160467], [-6.2687987, 53.3159638], [-6.2690428, 53.3158948], [-6.2692971, 53.3158405], [-6.269559, 53.3158013], [-6.2698262, 53.3157776], [-6.2700959, 53.3157697], [-6.2703656, 53.3157776], [-6.2706328, 53.3158013], [-6.2708947, 53.3158405], [-6.271149, 53.3158948], [-6.2713931, 53.3159638], [-6.2716248, 53.3160467], [-6.2718417, 53.3161428], [-6.2720418, 53.3162512], [-6.2722231, 53.3163707], [-6.272384, 53.3165003], [-6.2725228, 53.3166387], [-6.2726383, 53.3167845], [-6.2727293, 53.3169364], [-6.2727949, 53.3170929], [-6.2728345, 53.3172525], [-6.2728478, 53.3174136], [-6.2728345, 53.3175747], [-6.2727949, 53.3177343], [-6.2727293, 53.3178908], [-6.2726383, 53.3180427], [-6.2725228, 53.3181885], [-6.272384, 53.3183269], [-6.2722231, 53.3184565], [-6.2720418, 53.318576], [-6.2718417, 53.3186844], [-6.2716248, 53.3187805], [-6.2713931, 53.3188634], [-6.271149, 53.3189324], [-6.2708947, 53.3189867], [-6.2706328, 53.3190259], [-6.2703656, 53.3190496], [-6.2700959, 53.3190575]]]}}, {"type": "Feature", "properties": {"MM ID": "50108", "SITE_ID": "10028", "radius_m": 183, "radius_source": "Footfall.RADIUS", "color": "#29B6E8"}, "geometry": {"type": "Polygon", "coordinates": [[[-6.2797693, 53.3489087], [-6.2794994, 53.3489008], [-6.2792321, 53.3488771], [-6.2789699, 53.3488379], [-6.2787155, 53.3487836], [-6.2784712, 53.3487146], [-6.2782394, 53.3486317], [-6.2780223, 53.3485356], [-6.2778221, 53.3484272], [-6.2776406, 53.3483077], [-6.2774796, 53.3481781], [-6.2773407, 53.3480397], [-6.2772251, 53.3478939], [-6.2771341, 53.347742], [-6.2770684, 53.3475855], [-6.2770288, 53.3474259], [-6.2770155, 53.3472648], [-6.2770288, 53.3471037], [-6.2770684, 53.3469441], [-6.2771341, 53.3467876], [-6.2772251, 53.3466357], [-6.2773407, 53.3464899], [-6.2774796, 53.3463515], [-6.2776406, 53.3462219], [-6.2778221, 53.3461024], [-6.2780223, 53.345994], [-6.2782394, 53.3458979], [-6.2784712, 53.345815], [-6.2787155, 53.345746], [-6.2789699, 53.3456917], [-6.2792321, 53.3456525], [-6.2794994, 53.3456288], [-6.2797693, 53.3456209], [-6.2800392, 53.3456288], [-6.2803065, 53.3456525], [-6.2805687, 53.3456917], [-6.2808231, 53.345746], [-6.2810674, 53.345815], [-6.2812992, 53.3458979], [-6.2815163, 53.345994], [-6.2817165, 53.3461024], [-6.281898, 53.3462219], [-6.282059, 53.3463515], [-6.2821979, 53.3464899], [-6.2823135, 53.3466357], [-6.2824045, 53.3467876], [-6.2824702, 53.3469441], [-6.2825098, 53.3471037], [-6.2825231, 53.3472648], [-6.2825098, 53.3474259], [-6.2824702, 53.3475855], [-6.2824045, 53.347742], [-6.2823135, 53.3478939], [-6.2821979, 53.3480397], [-6.282059, 53.3481781], [-6.281898, 53.3483077], [-6.2817165, 53.3484272], [-6.2815163, 53.3485356], [-6.2812992, 53.3486317], [-6.2810674, 53.3487146], [-6.2808231, 53.3487836], [-6.2805687, 53.3488379], [-6.2803065, 53.3488771], [-6.2800392, 53.3489008], [-6.2797693, 53.3489087]]]}}, {"type": "Feature", "properties": {"MM ID": "50109", "SITE_ID": "10029", "radius_m": 183, "radius_source": "Footfall.RADIUS", "color": "#29B6E8"}, "geometry": {"type": "Polygon", "coordinates": [[[-6.2797693, 53.3489087], [-6.2794994, 53.3489008], [-6.2792321, 53.3488771], [-6.2789699, 53.3488379], [-6.2787155, 53.3487836], [-6.2784712, 53.3487146], [-6.2782394, 53.3486317], [-6.2780223, 53.3485356], [-6.2778221, 53.3484272], [-6.2776406, 53.3483077], [-6.2774796, 53.3481781], [-6.2773407, 53.3480397], [-6.2772251, 53.3478939], [-6.2771341, 53.347742], [-6.2770684, 53.3475855], [-6.2770288, 53.3474259], [-6.2770155, 53.3472648], [-6.2770288, 53.3471037], [-6.2770684, 53.3469441], [-6.2771341, 53.3467876], [-6.2772251, 53.3466357], [-6.2773407, 53.3464899], [-6.2774796, 53.3463515], [-6.2776406, 53.3462219], [-6.2778221, 53.3461024], [-6.2780223, 53.345994], [-6.2782394, 53.3458979], [-6.2784712, 53.345815], [-6.2787155, 53.345746], [-6.2789699, 53.3456917], [-6.2792321, 53.3456525], [-6.2794994, 53.3456288], [-6.2797693, 53.3456209], [-6.2800392, 53.3456288], [-6.2803065, 53.3456525], [-6.2805687, 53.3456917], [-6.2808231, 53.345746], [-6.2810674, 53.345815], [-6.2812992, 53.3458979], [-6.2815163, 53.345994], [-6.2817165, 53.3461024], [-6.281898, 53.3462219], [-6.282059, 53.3463515], [-6.2821979, 53.3464899], [-6.2823135, 53.3466357], [-6.2824045, 53.3467876], [-6.2824702, 53.3469441], [-6.2825098, 53.3471037], [-6.2825231, 53.3472648], [-6.2825098, 53.3474259], [-6.2824702, 53.3475855], [-6.2824045, 53.347742], [-6.2823135, 53.3478939], [-6.2821979, 53.3480397], [-6.282059, 53.3481781], [-6.281898, 53.3483077], [-6.2817165, 53.3484272], [-6.2815163, 53.3485356], [-6.2812992, 53.3486317], [-6.2810674, 53.3487146], [-6.2808231, 53.3487836], [-6.2805687, 53.3488379], [-6.2803065, 53.3488771], [-6.2800392, 53.3489008], [-6.2797693, 53.3489087]]]}}, {"type": "Feature", "properties": {"MM ID": "50117", "SITE_ID": "10030", "radius_m": 183, "radius_source": "Footfall.RADIUS", "color": "#29B6E8"}, "geometry": {"type": "Polygon", "coordinates": [[[-8.4729015, 51.8977411], [-8.4726404, 51.8977332], [-8.4723818, 51.8977095], [-8.4721282, 51.8976703], [-8.471882, 51.897616], [-8.4716457, 51.897547], [-8.4714215, 51.8974641], [-8.4712115, 51.897368], [-8.4710178, 51.8972596], [-8.4708422, 51.8971401], [-8.4706865, 51.8970105], [-8.4705521, 51.8968721], [-8.4704403, 51.8967263], [-8.4703522, 51.8965744], [-8.4702887, 51.8964179], [-8.4702504, 51.8962583], [-8.4702375, 51.8960972], [-8.4702504, 51.8959361], [-8.4702887, 51.8957765], [-8.4703522, 51.89562], [-8.4704403, 51.8954681], [-8.4705521, 51.8953223], [-8.4706865, 51.8951839], [-8.4708422, 51.8950543], [-8.4710178, 51.8949348], [-8.4712115, 51.8948264], [-8.4714215, 51.8947303], [-8.4716457, 51.8946474], [-8.471882, 51.8945784], [-8.4721282, 51.8945241], [-8.4723818, 51.8944849], [-8.4726404, 51.8944612], [-8.4729015, 51.8944533], [-8.4731626, 51.8944612], [-8.4734212, 51.8944849], [-8.4736748, 51.8945241], [-8.473921, 51.8945784], [-8.4741573, 51.8946474], [-8.4743815, 51.8947303], [-8.4745915, 51.8948264], [-8.4747852, 51.8949348], [-8.4749608, 51.8950543], [-8.4751165, 51.8951839], [-8.4752509, 51.8953223], [-8.4753627, 51.8954681], [-8.4754508, 51.89562], [-8.4755143, 51.8957765], [-8.4755526, 51.8959361], [-8.4755655, 51.8960972], [-8.4755526, 51.8962583], [-8.4755143, 51.8964179], [-8.4754508, 51.8965744], [-8.4753627, 51.8967263], [-8.4752509, 51.8968721], [-8.4751165, 51.8970105], [-8.4749608, 51.8971401], [-8.4747852, 51.8972596], [-8.4745915, 51.897368], [-8.4743815, 51.8974641], [-8.4741573, 51.897547], [-8.473921, 51.897616], [-8.4736748, 51.8976703], [-8.4734212, 51.8977095], [-8.4731626, 51.8977332], [-8.4729015, 51.8977411]]]}}, {"type": "Feature", "properties": {"MM ID": "50122", "SITE_ID": "10031", "radius_m": 183, "radius_source": "Footfall.RADIUS", "color": "#29B6E8"}, "geometry": {"type": "Polygon", "coordinates": [[[-6.2367105, 53.3398449], [-6.2364406, 53.339837], [-6.2361734, 53.3398133], [-6.2359113, 53.3397741], [-6.2356569, 53.3397198], [-6.2354127, 53.3396508], [-6.2351809, 53.3395679], [-6.2349639, 53.3394718], [-6.2347637, 53.3393634], [-6.2345822, 53.3392439], [-6.2344213, 53.3391143], [-6.2342824, 53.3389759], [-6.2341669, 53.3388301], [-6.2340759, 53.3386782], [-6.2340102, 53.3385217], [-6.2339706, 53.3383621], [-6.2339573, 53.338201], [-6.2339706, 53.3380399], [-6.2340102, 53.3378803], [-6.2340759, 53.3377238], [-6.2341669, 53.3375719], [-6.2342824, 53.3374261], [-6.2344213, 53.3372877], [-6.2345822, 53.3371581], [-6.2347637, 53.3370386], [-6.2349639, 53.3369302], [-6.2351809, 53.3368341], [-6.2354127, 53.3367512], [-6.2356569, 53.3366822], [-6.2359113, 53.3366279], [-6.2361734, 53.3365887], [-6.2364406, 53.336565], [-6.2367105, 53.3365571], [-6.2369804, 53.336565], [-6.2372476, 53.3365887], [-6.2375097, 53.3366279], [-6.2377641, 53.3366822], [-6.2380083, 53.3367512], [-6.2382401, 53.3368341], [-6.2384571, 53.3369302], [-6.2386573, 53.3370386], [-6.2388388, 53.3371581], [-6.2389997, 53.3372877], [-6.2391386, 53.3374261], [-6.2392541, 53.3375719], [-6.2393451, 53.3377238], [-6.2394108, 53.3378803], [-6.2394504, 53.3380399], [-6.2394637, 53.338201], [-6.2394504, 53.3383621], [-6.2394108, 53.3385217], [-6.2393451, 53.3386782], [-6.2392541, 53.3388301], [-6.2391386, 53.3389759], [-6.2389997, 53.3391143], [-6.2388388, 53.3392439], [-6.2386573, 53.3393634], [-6.2384571, 53.3394718], [-6.2382401, 53.3395679], [-6.2380083, 53.3396508], [-6.2377641, 53.3397198], [-6.2375097, 53.3397741], [-6.2372476, 53.3398133], [-6.2369804, 53.339837], [-6.2367105, 53.3398449]]]}}, {"type": "Feature", "properties": {"MM ID": "50133", "SITE_ID": "10032", "radius_m": 183, "radius_source": "Footfall.RADIUS", "color": "#29B6E8"}, "geometry": {"type": "Polygon", "coordinates": [[[-6.2518257, 53.3255505], [-6.2515559, 53.3255426], [-6.2512888, 53.3255189], [-6.2510268, 53.3254797], [-6.2507724, 53.3254254], [-6.2505283, 53.3253564], [-6.2502966, 53.3252735], [-6.2500797, 53.3251774], [-6.2498795, 53.325069], [-6.2496982, 53.3249495], [-6.2495373, 53.3248199], [-6.2493984, 53.3246815], [-6.2492829, 53.3245357], [-6.2491919, 53.3243838], [-6.2491263, 53.3242273], [-6.2490867, 53.3240677], [-6.2490734, 53.3239066], [-6.2490867, 53.3237455], [-6.2491263, 53.3235859], [-6.2491919, 53.3234294], [-6.2492829, 53.3232775], [-6.2493984, 53.3231317], [-6.2495373, 53.3229933], [-6.2496982, 53.3228637], [-6.2498795, 53.3227442], [-6.2500797, 53.3226358], [-6.2502966, 53.3225397], [-6.2505283, 53.3224568], [-6.2507724, 53.3223878], [-6.2510268, 53.3223335], [-6.2512888, 53.3222943], [-6.2515559, 53.3222706], [-6.2518257, 53.3222627], [-6.2520955, 53.3222706], [-6.2523626, 53.3222943], [-6.2526246, 53.3223335], [-6.252879, 53.3223878], [-6.2531231, 53.3224568], [-6.2533548, 53.3225397], [-6.2535717, 53.3226358], [-6.2537719, 53.3227442], [-6.2539532, 53.3228637], [-6.2541141, 53.3229933], [-6.254253, 53.3231317], [-6.2543685, 53.3232775], [-6.2544595, 53.3234294], [-6.2545251, 53.3235859], [-6.2545647, 53.3237455], [-6.254578, 53.3239066], [-6.2545647, 53.3240677], [-6.2545251, 53.3242273], [-6.2544595, 53.3243838], [-6.2543685, 53.3245357], [-6.254253, 53.3246815], [-6.2541141, 53.3248199], [-6.2539532, 53.3249495], [-6.2537719, 53.325069], [-6.2535717, 53.3251774], [-6.2533548, 53.3252735], [-6.2531231, 53.3253564], [-6.252879, 53.3254254], [-6.2526246, 53.3254797], [-6.2523626, 53.3255189], [-6.2520955, 53.3255426], [-6.2518257, 53.3255505]]]}}, {"type": "Feature", "properties": {"MM ID": "50134", "SITE_ID": "10033", "radius_m": 183, "radius_source": "Footfall.RADIUS", "color": "#29B6E8"}, "geometry": {"type": "Polygon", "coordinates": [[[-6.3077829, 53.3419742], [-6.307513, 53.3419663], [-6.3072458, 53.3419426], [-6.3069836, 53.3419034], [-6.3067292, 53.3418491], [-6.306485, 53.3417801], [-6.3062532, 53.3416972], [-6.3060362, 53.3416011], [-6.305836, 53.3414927], [-6.3056545, 53.3413732], [-6.3054936, 53.3412436], [-6.3053547, 53.3411052], [-6.3052391, 53.3409594], [-6.3051481, 53.3408075], [-6.3050825, 53.340651], [-6.3050428, 53.3404914], [-6.3050296, 53.3403303], [-6.3050428, 53.3401692], [-6.3050825, 53.3400096], [-6.3051481, 53.3398531], [-6.3052391, 53.3397012], [-6.3053547, 53.3395554], [-6.3054936, 53.339417], [-6.3056545, 53.3392874], [-6.305836, 53.3391679], [-6.3060362, 53.3390595], [-6.3062532, 53.3389634], [-6.306485, 53.3388805], [-6.3067292, 53.3388115], [-6.3069836, 53.3387572], [-6.3072458, 53.338718], [-6.307513, 53.3386943], [-6.3077829, 53.3386864], [-6.3080528, 53.3386943], [-6.30832, 53.338718], [-6.3085822, 53.3387572], [-6.3088366, 53.3388115], [-6.3090808, 53.3388805], [-6.3093126, 53.3389634], [-6.3095296, 53.3390595], [-6.3097298, 53.3391679], [-6.3099113, 53.3392874], [-6.3100722, 53.339417], [-6.3102111, 53.3395554], [-6.3103267, 53.3397012], [-6.3104177, 53.3398531], [-6.3104833, 53.3400096], [-6.310523, 53.3401692], [-6.3105362, 53.3403303], [-6.310523, 53.3404914], [-6.3104833, 53.340651], [-6.3104177, 53.3408075], [-6.3103267, 53.3409594], [-6.3102111, 53.3411052], [-6.3100722, 53.3412436], [-6.3099113, 53.3413732], [-6.3097298, 53.3414927], [-6.3095296, 53.3416011], [-6.3093126, 53.3416972], [-6.3090808, 53.3417801], [-6.3088366, 53.3418491], [-6.3085822, 53.3419034], [-6.30832, 53.3419426], [-6.3080528, 53.3419663], [-6.3077829, 53.3419742]]]}}, {"type": "Feature", "properties": {"MM ID": "50136", "SITE_ID": "10034", "radius_m": 183, "radius_source": "Footfall.RADIUS", "color": "#29B6E8"}, "geometry": {"type": "Polygon", "coordinates": [[[-6.2345224, 53.3390355], [-6.2342525, 53.3390276], [-6.2339853, 53.3390039], [-6.2337232, 53.3389647], [-6.2334688, 53.3389104], [-6.2332246, 53.3388414], [-6.2329928, 53.3387585], [-6.2327758, 53.3386624], [-6.2325756, 53.338554], [-6.2323942, 53.3384345], [-6.2322332, 53.3383049], [-6.2320943, 53.3381665], [-6.2319788, 53.3380207], [-6.2318878, 53.3378688], [-6.2318222, 53.3377123], [-6.2317825, 53.3375527], [-6.2317693, 53.3373916], [-6.2317825, 53.3372305], [-6.2318222, 53.3370709], [-6.2318878, 53.3369144], [-6.2319788, 53.3367625], [-6.2320943, 53.3366167], [-6.2322332, 53.3364783], [-6.2323942, 53.3363487], [-6.2325756, 53.3362292], [-6.2327758, 53.3361208], [-6.2329928, 53.3360247], [-6.2332246, 53.3359418], [-6.2334688, 53.3358728], [-6.2337232, 53.3358185], [-6.2339853, 53.3357793], [-6.2342525, 53.3357556], [-6.2345224, 53.3357477], [-6.2347923, 53.3357556], [-6.2350595, 53.3357793], [-6.2353216, 53.3358185], [-6.235576, 53.3358728], [-6.2358202, 53.3359418], [-6.236052, 53.3360247], [-6.236269, 53.3361208], [-6.2364692, 53.3362292], [-6.2366506, 53.3363487], [-6.2368116, 53.3364783], [-6.2369505, 53.3366167], [-6.237066, 53.3367625], [-6.237157, 53.3369144], [-6.2372226, 53.3370709], [-6.2372623, 53.3372305], [-6.2372755, 53.3373916], [-6.2372623, 53.3375527], [-6.2372226, 53.3377123], [-6.237157, 53.3378688], [-6.237066, 53.3380207], [-6.2369505, 53.3381665], [-6.2368116, 53.3383049], [-6.2366506, 53.3384345], [-6.2364692, 53.338554], [-6.236269, 53.3386624], [-6.236052, 53.3387585], [-6.2358202, 53.3388414], [-6.235576, 53.3389104], [-6.2353216, 53.3389647], [-6.2350595, 53.3390039], [-6.2347923, 53.3390276], [-6.2345224, 53.3390355]]]}}, {"type": "Feature", "properties": {"MM ID": "50141", "SITE_ID": "10035", "radius_m": 183, "radius_source": "Footfall.RADIUS", "color": "#29B6E8"}, "geometry": {"type": "Polygon", "coordinates": [[[-6.2557481, 53.3686185], [-6.2554781, 53.3686106], [-6.2552106, 53.3685869], [-6.2549483, 53.3685477], [-6.2546938, 53.3684934], [-6.2544494, 53.3684244], [-6.2542175, 53.3683415], [-6.2540003, 53.3682454], [-6.2538, 53.368137], [-6.2536184, 53.3680175], [-6.2534574, 53.3678879], [-6.2533184, 53.3677495], [-6.2532028, 53.3676037], [-6.2531117, 53.3674518], [-6.253046, 53.3672953], [-6.2530063, 53.3671357], [-6.252993, 53.3669746], [-6.2530063, 53.3668135], [-6.253046, 53.3666539], [-6.2531117, 53.3664974], [-6.2532028, 53.3663455], [-6.2533184, 53.3661997], [-6.2534574, 53.3660613], [-6.2536184, 53.3659317], [-6.2538, 53.3658122], [-6.2540003, 53.3657038], [-6.2542175, 53.3656077], [-6.2544494, 53.3655248], [-6.2546938, 53.3654558], [-6.2549483, 53.3654015], [-6.2552106, 53.3653623], [-6.2554781, 53.3653386], [-6.2557481, 53.3653307], [-6.2560181, 53.3653386], [-6.2562856, 53.3653623], [-6.2565479, 53.3654015], [-6.2568024, 53.3654558], [-6.2570468, 53.3655248], [-6.2572787, 53.3656077], [-6.2574959, 53.3657038], [-6.2576962, 53.3658122], [-6.2578778, 53.3659317], [-6.2580388, 53.3660613], [-6.2581778, 53.3661997], [-6.2582934, 53.3663455], [-6.2583845, 53.3664974], [-6.2584502, 53.3666539], [-6.2584899, 53.3668135], [-6.2585032, 53.3669746], [-6.2584899, 53.3671357], [-6.2584502, 53.3672953], [-6.2583845, 53.3674518], [-6.2582934, 53.3676037], [-6.2581778, 53.3677495], [-6.2580388, 53.3678879], [-6.2578778, 53.3680175], [-6.2576962, 53.368137], [-6.2574959, 53.3682454], [-6.2572787, 53.3683415], [-6.2570468, 53.3684244], [-6.2568024, 53.3684934], [-6.2565479, 53.3685477], [-6.2562856, 53.3685869], [-6.2560181, 53.3686106], [-6.2557481, 53.3686185]]]}}, {"type": "Feature", "properties": {"MM ID": "50151", "SITE_ID": "10036", "radius_m": 183, "radius_source": "Footfall.RADIUS", "color": "#29B6E8"}, "geometry": {"type": "Polygon", "coordinates": [[[-6.2608002, 53.3446906], [-6.2605303, 53.3446827], [-6.260263, 53.344659], [-6.2600009, 53.3446198], [-6.2597465, 53.3445655], [-6.2595022, 53.3444965], [-6.2592704, 53.3444136], [-6.2590534, 53.3443175], [-6.2588532, 53.3442091], [-6.2586717, 53.3440896], [-6.2585107, 53.34396], [-6.2583718, 53.3438216], [-6.2582563, 53.3436758], [-6.2581653, 53.3435239], [-6.2580996, 53.3433674], [-6.2580599, 53.3432078], [-6.2580467, 53.3430467], [-6.2580599, 53.3428856], [-6.2580996, 53.342726], [-6.2581653, 53.3425695], [-6.2582563, 53.3424176], [-6.2583718, 53.3422718], [-6.2585107, 53.3421334], [-6.2586717, 53.3420038], [-6.2588532, 53.3418843], [-6.2590534, 53.3417759], [-6.2592704, 53.3416798], [-6.2595022, 53.3415969], [-6.2597465, 53.3415279], [-6.2600009, 53.3414736], [-6.260263, 53.3414344], [-6.2605303, 53.3414107], [-6.2608002, 53.3414028], [-6.2610701, 53.3414107], [-6.2613374, 53.3414344], [-6.2615995, 53.3414736], [-6.2618539, 53.3415279], [-6.2620982, 53.3415969], [-6.26233, 53.3416798], [-6.262547, 53.3417759], [-6.2627472, 53.3418843], [-6.2629287, 53.3420038], [-6.2630897, 53.3421334], [-6.2632286, 53.3422718], [-6.2633441, 53.3424176], [-6.2634351, 53.3425695], [-6.2635008, 53.342726], [-6.2635405, 53.3428856], [-6.2635537, 53.3430467], [-6.2635405, 53.3432078], [-6.2635008, 53.3433674], [-6.2634351, 53.3435239], [-6.2633441, 53.3436758], [-6.2632286, 53.3438216], [-6.2630897, 53.34396], [-6.2629287, 53.3440896], [-6.2627472, 53.3442091], [-6.262547, 53.3443175], [-6.26233, 53.3444136], [-6.2620982, 53.3444965], [-6.2618539, 53.3445655], [-6.2615995, 53.3446198], [-6.2613374, 53.344659], [-6.2610701, 53.3446827], [-6.2608002, 53.3446906]]]}}, {"type": "Feature", "properties": {"MM ID": "50153", "SITE_ID": "10037", "radius_m": 183, "radius_source": "Footfall.RADIUS", "color": "#29B6E8"}, "geometry": {"type": "Polygon", "coordinates": [[[-6.2656238, 53.3375839], [-6.265354, 53.337576], [-6.2650867, 53.3375523], [-6.2648246, 53.3375131], [-6.2645703, 53.3374588], [-6.264326, 53.3373898], [-6.2640943, 53.3373069], [-6.2638773, 53.3372108], [-6.2636771, 53.3371024], [-6.2634957, 53.3369829], [-6.2633347, 53.3368533], [-6.2631958, 53.3367149], [-6.2630803, 53.3365691], [-6.2629893, 53.3364172], [-6.2629236, 53.3362607], [-6.262884, 53.3361011], [-6.2628707, 53.33594], [-6.262884, 53.3357789], [-6.2629236, 53.3356193], [-6.2629893, 53.3354628], [-6.2630803, 53.3353109], [-6.2631958, 53.3351651], [-6.2633347, 53.3350267], [-6.2634957, 53.3348971], [-6.2636771, 53.3347776], [-6.2638773, 53.3346692], [-6.2640943, 53.3345731], [-6.264326, 53.3344902], [-6.2645703, 53.3344212], [-6.2648246, 53.3343669], [-6.2650867, 53.3343277], [-6.265354, 53.334304], [-6.2656238, 53.3342961], [-6.2658936, 53.334304], [-6.2661609, 53.3343277], [-6.266423, 53.3343669], [-6.2666773, 53.3344212], [-6.2669216, 53.3344902], [-6.2671533, 53.3345731], [-6.2673703, 53.3346692], [-6.2675705, 53.3347776], [-6.2677519, 53.3348971], [-6.2679129, 53.3350267], [-6.2680518, 53.3351651], [-6.2681673, 53.3353109], [-6.2682583, 53.3354628], [-6.268324, 53.3356193], [-6.2683636, 53.3357789], [-6.2683769, 53.33594], [-6.2683636, 53.3361011], [-6.268324, 53.3362607], [-6.2682583, 53.3364172], [-6.2681673, 53.3365691], [-6.2680518, 53.3367149], [-6.2679129, 53.3368533], [-6.2677519, 53.3369829], [-6.2675705, 53.3371024], [-6.2673703, 53.3372108], [-6.2671533, 53.3373069], [-6.2669216, 53.3373898], [-6.2666773, 53.3374588], [-6.266423, 53.3375131], [-6.2661609, 53.3375523], [-6.2658936, 53.337576], [-6.2656238, 53.3375839]]]}}, {"type": "Feature", "properties": {"MM ID": "50164", "SITE_ID": "10038", "radius_m": 183, "radius_source": "Footfall.RADIUS", "color": "#29B6E8"}, "geometry": {"type": "Polygon", "coordinates": [[[-6.2767761, 53.3444041], [-6.2765062, 53.3443962], [-6.2762389, 53.3443725], [-6.2759768, 53.3443333], [-6.2757224, 53.344279], [-6.2754781, 53.34421], [-6.2752463, 53.3441271], [-6.2750293, 53.344031], [-6.2748291, 53.3439226], [-6.2746476, 53.3438031], [-6.2744867, 53.3436735], [-6.2743477, 53.3435351], [-6.2742322, 53.3433893], [-6.2741412, 53.3432374], [-6.2740755, 53.3430809], [-6.2740359, 53.3429213], [-6.2740226, 53.3427602], [-6.2740359, 53.3425991], [-6.2740755, 53.3424395], [-6.2741412, 53.342283], [-6.2742322, 53.3421311], [-6.2743477, 53.3419853], [-6.2744867, 53.3418469], [-6.2746476, 53.3417173], [-6.2748291, 53.3415978], [-6.2750293, 53.3414894], [-6.2752463, 53.3413933], [-6.2754781, 53.3413104], [-6.2757224, 53.3412414], [-6.2759768, 53.3411871], [-6.2762389, 53.3411479], [-6.2765062, 53.3411242], [-6.2767761, 53.3411163], [-6.277046, 53.3411242], [-6.2773133, 53.3411479], [-6.2775754, 53.3411871], [-6.2778298, 53.3412414], [-6.2780741, 53.3413104], [-6.2783059, 53.3413933], [-6.2785229, 53.3414894], [-6.2787231, 53.3415978], [-6.2789046, 53.3417173], [-6.2790655, 53.3418469], [-6.2792045, 53.3419853], [-6.27932, 53.3421311], [-6.279411, 53.342283], [-6.2794767, 53.3424395], [-6.2795163, 53.3425991], [-6.2795296, 53.3427602], [-6.2795163, 53.3429213], [-6.2794767, 53.3430809], [-6.279411, 53.3432374], [-6.27932, 53.3433893], [-6.2792045, 53.3435351], [-6.2790655, 53.3436735], [-6.2789046, 53.3438031], [-6.2787231, 53.3439226], [-6.2785229, 53.344031], [-6.2783059, 53.3441271], [-6.2780741, 53.34421], [-6.2778298, 53.344279], [-6.2775754, 53.3443333], [-6.2773133, 53.3443725], [-6.277046, 53.3443962], [-6.2767761, 53.3444041]]]}}, {"type": "Feature", "properties": {"MM ID": "50171", "SITE_ID": "10040", "radius_m": 183, "radius_source": "Footfall.RADIUS", "color": "#29B6E8"}, "geometry": {"type": "Polygon", "coordinates": [[[-8.4751256, 51.8979322], [-8.4748645, 51.8979243], [-8.4746059, 51.8979006], [-8.4743523, 51.8978614], [-8.4741061, 51.8978071], [-8.4738698, 51.8977381], [-8.4736456, 51.8976552], [-8.4734356, 51.8975591], [-8.4732419, 51.8974507], [-8.4730663, 51.8973312], [-8.4729106, 51.8972016], [-8.4727762, 51.8970632], [-8.4726644, 51.8969174], [-8.4725763, 51.8967655], [-8.4725128, 51.896609], [-8.4724744, 51.8964494], [-8.4724616, 51.8962883], [-8.4724744, 51.8961272], [-8.4725128, 51.8959676], [-8.4725763, 51.8958111], [-8.4726644, 51.8956592], [-8.4727762, 51.8955134], [-8.4729106, 51.895375], [-8.4730663, 51.8952454], [-8.4732419, 51.8951259], [-8.4734356, 51.8950175], [-8.4736456, 51.8949214], [-8.4738698, 51.8948385], [-8.4741061, 51.8947695], [-8.4743523, 51.8947152], [-8.4746059, 51.894676], [-8.4748645, 51.8946523], [-8.4751256, 51.8946444], [-8.4753867, 51.8946523], [-8.4756453, 51.894676], [-8.4758989, 51.8947152], [-8.4761451, 51.8947695], [-8.4763814, 51.8948385], [-8.4766056, 51.8949214], [-8.4768156, 51.8950175], [-8.4770093, 51.8951259], [-8.4771849, 51.8952454], [-8.4773406, 51.895375], [-8.477475, 51.8955134], [-8.4775868, 51.8956592], [-8.4776749, 51.8958111], [-8.4777384, 51.8959676], [-8.4777768, 51.8961272], [-8.4777896, 51.8962883], [-8.4777768, 51.8964494], [-8.4777384, 51.896609], [-8.4776749, 51.8967655], [-8.4775868, 51.8969174], [-8.477475, 51.8970632], [-8.4773406, 51.8972016], [-8.4771849, 51.8973312], [-8.4770093, 51.8974507], [-8.4768156, 51.8975591], [-8.4766056, 51.8976552], [-8.4763814, 51.8977381], [-8.4761451, 51.8978071], [-8.4758989, 51.8978614], [-8.4756453, 51.8979006], [-8.4753867, 51.8979243], [-8.4751256, 51.8979322]]]}}, {"type": "Feature", "properties": {"MM ID": "50172", "SITE_ID": "10041", "radius_m": 183, "radius_source": "Footfall.RADIUS", "color": "#29B6E8"}, "geometry": {"type": "Polygon", "coordinates": [[[-8.4751256, 51.8979322], [-8.4748645, 51.8979243], [-8.4746059, 51.8979006], [-8.4743523, 51.8978614], [-8.4741061, 51.8978071], [-8.4738698, 51.8977381], [-8.4736456, 51.8976552], [-8.4734356, 51.8975591], [-8.4732419, 51.8974507], [-8.4730663, 51.8973312], [-8.4729106, 51.8972016], [-8.4727762, 51.8970632], [-8.4726644, 51.8969174], [-8.4725763, 51.8967655], [-8.4725128, 51.896609], [-8.4724744, 51.8964494], [-8.4724616, 51.8962883], [-8.4724744, 51.8961272], [-8.4725128, 51.8959676], [-8.4725763, 51.8958111], [-8.4726644, 51.8956592], [-8.4727762, 51.8955134], [-8.4729106, 51.895375], [-8.4730663, 51.8952454], [-8.4732419, 51.8951259], [-8.4734356, 51.8950175], [-8.4736456, 51.8949214], [-8.4738698, 51.8948385], [-8.4741061, 51.8947695], [-8.4743523, 51.8947152], [-8.4746059, 51.894676], [-8.4748645, 51.8946523], [-8.4751256, 51.8946444], [-8.4753867, 51.8946523], [-8.4756453, 51.894676], [-8.4758989, 51.8947152], [-8.4761451, 51.8947695], [-8.4763814, 51.8948385], [-8.4766056, 51.8949214], [-8.4768156, 51.8950175], [-8.4770093, 51.8951259], [-8.4771849, 51.8952454], [-8.4773406, 51.895375], [-8.477475, 51.8955134], [-8.4775868, 51.8956592], [-8.4776749, 51.8958111], [-8.4777384, 51.8959676], [-8.4777768, 51.8961272], [-8.4777896, 51.8962883], [-8.4777768, 51.8964494], [-8.4777384, 51.896609], [-8.4776749, 51.8967655], [-8.4775868, 51.8969174], [-8.477475, 51.8970632], [-8.4773406, 51.8972016], [-8.4771849, 51.8973312], [-8.4770093, 51.8974507], [-8.4768156, 51.8975591], [-8.4766056, 51.8976552], [-8.4763814, 51.8977381], [-8.4761451, 51.8978071], [-8.4758989, 51.8978614], [-8.4756453, 51.8979006], [-8.4753867, 51.8979243], [-8.4751256, 51.8979322]]]}}, {"type": "Feature", "properties": {"MM ID": "50175", "SITE_ID": "10042", "radius_m": 183, "radius_source": "Footfall.RADIUS", "color": "#29B6E8"}, "geometry": {"type": "Polygon", "coordinates": [[[-8.4682089, 51.9029634], [-8.4679478, 51.9029555], [-8.4676891, 51.9029318], [-8.4674355, 51.9028926], [-8.4671893, 51.9028383], [-8.466953, 51.9027693], [-8.4667287, 51.9026864], [-8.4665187, 51.9025903], [-8.466325, 51.9024819], [-8.4661494, 51.9023624], [-8.4659936, 51.9022328], [-8.4658592, 51.9020944], [-8.4657474, 51.9019486], [-8.4656593, 51.9017967], [-8.4655958, 51.9016402], [-8.4655574, 51.9014806], [-8.4655446, 51.9013195], [-8.4655574, 51.9011584], [-8.4655958, 51.9009988], [-8.4656593, 51.9008423], [-8.4657474, 51.9006904], [-8.4658592, 51.9005446], [-8.4659936, 51.9004062], [-8.4661494, 51.9002766], [-8.466325, 51.9001571], [-8.4665187, 51.9000487], [-8.4667287, 51.8999526], [-8.466953, 51.8998697], [-8.4671893, 51.8998007], [-8.4674355, 51.8997464], [-8.4676891, 51.8997072], [-8.4679478, 51.8996835], [-8.4682089, 51.8996756], [-8.46847, 51.8996835], [-8.4687287, 51.8997072], [-8.4689823, 51.8997464], [-8.4692285, 51.8998007], [-8.4694648, 51.8998697], [-8.4696891, 51.8999526], [-8.4698991, 51.9000487], [-8.4700928, 51.9001571], [-8.4702684, 51.9002766], [-8.4704242, 51.9004062], [-8.4705586, 51.9005446], [-8.4706704, 51.9006904], [-8.4707585, 51.9008423], [-8.470822, 51.9009988], [-8.4708604, 51.9011584], [-8.4708732, 51.9013195], [-8.4708604, 51.9014806], [-8.470822, 51.9016402], [-8.4707585, 51.9017967], [-8.4706704, 51.9019486], [-8.4705586, 51.9020944], [-8.4704242, 51.9022328], [-8.4702684, 51.9023624], [-8.4700928, 51.9024819], [-8.4698991, 51.9025903], [-8.4696891, 51.9026864], [-8.4694648, 51.9027693], [-8.4692285, 51.9028383], [-8.4689823, 51.9028926], [-8.4687287, 51.9029318], [-8.46847, 51.9029555], [-8.4682089, 51.9029634]]]}}, {"type": "Feature", "properties": {"MM ID": "50176", "SITE_ID": "10043", "radius_m": 183, "radius_source": "Footfall.RADIUS", "color": "#29B6E8"}, "geometry": {"type": "Polygon", "coordinates": [[[-8.4682089, 51.9029634], [-8.4679478, 51.9029555], [-8.4676891, 51.9029318], [-8.4674355, 51.9028926], [-8.4671893, 51.9028383], [-8.466953, 51.9027693], [-8.4667287, 51.9026864], [-8.4665187, 51.9025903], [-8.466325, 51.9024819], [-8.4661494, 51.9023624], [-8.4659936, 51.9022328], [-8.4658592, 51.9020944], [-8.4657474, 51.9019486], [-8.4656593, 51.9017967], [-8.4655958, 51.9016402], [-8.4655574, 51.9014806], [-8.4655446, 51.9013195], [-8.4655574, 51.9011584], [-8.4655958, 51.9009988], [-8.4656593, 51.9008423], [-8.4657474, 51.9006904], [-8.4658592, 51.9005446], [-8.4659936, 51.9004062], [-8.4661494, 51.9002766], [-8.466325, 51.9001571], [-8.4665187, 51.9000487], [-8.4667287, 51.8999526], [-8.466953, 51.8998697], [-8.4671893, 51.8998007], [-8.4674355, 51.8997464], [-8.4676891, 51.8997072], [-8.4679478, 51.8996835], [-8.4682089, 51.8996756], [-8.46847, 51.8996835], [-8.4687287, 51.8997072], [-8.4689823, 51.8997464], [-8.4692285, 51.8998007], [-8.4694648, 51.8998697], [-8.4696891, 51.8999526], [-8.4698991, 51.9000487], [-8.4700928, 51.9001571], [-8.4702684, 51.9002766], [-8.4704242, 51.9004062], [-8.4705586, 51.9005446], [-8.4706704, 51.9006904], [-8.4707585, 51.9008423], [-8.470822, 51.9009988], [-8.4708604, 51.9011584], [-8.4708732, 51.9013195], [-8.4708604, 51.9014806], [-8.470822, 51.9016402], [-8.4707585, 51.9017967], [-8.4706704, 51.9019486], [-8.4705586, 51.9020944], [-8.4704242, 51.9022328], [-8.4702684, 51.9023624], [-8.4700928, 51.9024819], [-8.4698991, 51.9025903], [-8.4696891, 51.9026864], [-8.4694648, 51.9027693], [-8.4692285, 51.9028383], [-8.4689823, 51.9028926], [-8.4687287, 51.9029318], [-8.46847, 51.9029555], [-8.4682089, 51.9029634]]]}}, {"type": "Feature", "properties": {"MM ID": "50197", "SITE_ID": "10046", "radius_m": 183, "radius_source": "Footfall.RADIUS", "color": "#29B6E8"}, "geometry": {"type": "Polygon", "coordinates": [[[-6.2635781, 53.3489077], [-6.2633082, 53.3488998], [-6.2630409, 53.3488761], [-6.2627787, 53.3488369], [-6.2625243, 53.3487826], [-6.26228, 53.3487136], [-6.2620482, 53.3486307], [-6.2618311, 53.3485346], [-6.2616309, 53.3484262], [-6.2614494, 53.3483067], [-6.2612884, 53.3481771], [-6.2611495, 53.3480387], [-6.2610339, 53.3478929], [-6.2609429, 53.347741], [-6.2608772, 53.3475845], [-6.2608376, 53.3474249], [-6.2608243, 53.3472638], [-6.2608376, 53.3471027], [-6.2608772, 53.3469431], [-6.2609429, 53.3467866], [-6.2610339, 53.3466347], [-6.2611495, 53.3464889], [-6.2612884, 53.3463505], [-6.2614494, 53.3462209], [-6.2616309, 53.3461014], [-6.2618311, 53.345993], [-6.2620482, 53.3458969], [-6.26228, 53.345814], [-6.2625243, 53.345745], [-6.2627787, 53.3456907], [-6.2630409, 53.3456515], [-6.2633082, 53.3456278], [-6.2635781, 53.3456199], [-6.263848, 53.3456278], [-6.2641153, 53.3456515], [-6.2643775, 53.3456907], [-6.2646319, 53.345745], [-6.2648762, 53.345814], [-6.265108, 53.3458969], [-6.2653251, 53.345993], [-6.2655253, 53.3461014], [-6.2657068, 53.3462209], [-6.2658678, 53.3463505], [-6.2660067, 53.3464889], [-6.2661223, 53.3466347], [-6.2662133, 53.3467866], [-6.266279, 53.3469431], [-6.2663186, 53.3471027], [-6.2663319, 53.3472638], [-6.2663186, 53.3474249], [-6.266279, 53.3475845], [-6.2662133, 53.347741], [-6.2661223, 53.3478929], [-6.2660067, 53.3480387], [-6.2658678, 53.3481771], [-6.2657068, 53.3483067], [-6.2655253, 53.3484262], [-6.2653251, 53.3485346], [-6.265108, 53.3486307], [-6.2648762, 53.3487136], [-6.2646319, 53.3487826], [-6.2643775, 53.3488369], [-6.2641153, 53.3488761], [-6.263848, 53.3488998], [-6.2635781, 53.3489077]]]}}, {"type": "Feature", "properties": {"MM ID": "50203", "SITE_ID": "10047", "radius_m": 183, "radius_source": "Footfall.RADIUS", "color": "#29B6E8"}, "geometry": {"type": "Polygon", "coordinates": [[[-6.2462796, 53.3901054], [-6.2460094, 53.3900975], [-6.2457418, 53.3900738], [-6.2454794, 53.3900346], [-6.2452248, 53.3899803], [-6.2449802, 53.3899113], [-6.2447482, 53.3898284], [-6.2445309, 53.3897323], [-6.2443305, 53.3896239], [-6.2441488, 53.3895044], [-6.2439877, 53.3893748], [-6.2438486, 53.3892364], [-6.243733, 53.3890906], [-6.2436418, 53.3889387], [-6.2435761, 53.3887822], [-6.2435364, 53.3886226], [-6.2435232, 53.3884615], [-6.2435364, 53.3883004], [-6.2435761, 53.3881408], [-6.2436418, 53.3879843], [-6.243733, 53.3878324], [-6.2438486, 53.3876866], [-6.2439877, 53.3875482], [-6.2441488, 53.3874186], [-6.2443305, 53.3872991], [-6.2445309, 53.3871907], [-6.2447482, 53.3870946], [-6.2449802, 53.3870117], [-6.2452248, 53.3869427], [-6.2454794, 53.3868884], [-6.2457418, 53.3868492], [-6.2460094, 53.3868255], [-6.2462796, 53.3868176], [-6.2465498, 53.3868255], [-6.2468174, 53.3868492], [-6.2470798, 53.3868884], [-6.2473344, 53.3869427], [-6.247579, 53.3870117], [-6.247811, 53.3870946], [-6.2480283, 53.3871907], [-6.2482287, 53.3872991], [-6.2484104, 53.3874186], [-6.2485715, 53.3875482], [-6.2487106, 53.3876866], [-6.2488262, 53.3878324], [-6.2489174, 53.3879843], [-6.2489831, 53.3881408], [-6.2490228, 53.3883004], [-6.249036, 53.3884615], [-6.2490228, 53.3886226], [-6.2489831, 53.3887822], [-6.2489174, 53.3889387], [-6.2488262, 53.3890906], [-6.2487106, 53.3892364], [-6.2485715, 53.3893748], [-6.2484104, 53.3895044], [-6.2482287, 53.3896239], [-6.2480283, 53.3897323], [-6.247811, 53.3898284], [-6.247579, 53.3899113], [-6.2473344, 53.3899803], [-6.2470798, 53.3900346], [-6.2468174, 53.3900738], [-6.2465498, 53.3900975], [-6.2462796, 53.3901054]]]}}, {"type": "Feature", "properties": {"MM ID": "50204", "SITE_ID": "10048", "radius_m": 183, "radius_source": "Footfall.RADIUS", "color": "#29B6E8"}, "geometry": {"type": "Polygon", "coordinates": [[[-6.2655684, 53.3468007], [-6.2652985, 53.3467928], [-6.2650312, 53.3467691], [-6.2647691, 53.3467299], [-6.2645146, 53.3466756], [-6.2642703, 53.3466066], [-6.2640386, 53.3465237], [-6.2638215, 53.3464276], [-6.2636213, 53.3463192], [-6.2634398, 53.3461997], [-6.2632788, 53.3460701], [-6.2631399, 53.3459317], [-6.2630244, 53.3457859], [-6.2629333, 53.345634], [-6.2628677, 53.3454775], [-6.262828, 53.3453179], [-6.2628148, 53.3451568], [-6.262828, 53.3449957], [-6.2628677, 53.3448361], [-6.2629333, 53.3446796], [-6.2630244, 53.3445277], [-6.2631399, 53.3443819], [-6.2632788, 53.3442435], [-6.2634398, 53.3441139], [-6.2636213, 53.3439944], [-6.2638215, 53.343886], [-6.2640386, 53.3437899], [-6.2642703, 53.343707], [-6.2645146, 53.343638], [-6.2647691, 53.3435837], [-6.2650312, 53.3435445], [-6.2652985, 53.3435208], [-6.2655684, 53.3435129], [-6.2658383, 53.3435208], [-6.2661056, 53.3435445], [-6.2663677, 53.3435837], [-6.2666222, 53.343638], [-6.2668665, 53.343707], [-6.2670982, 53.3437899], [-6.2673153, 53.343886], [-6.2675155, 53.3439944], [-6.267697, 53.3441139], [-6.267858, 53.3442435], [-6.2679969, 53.3443819], [-6.2681124, 53.3445277], [-6.2682035, 53.3446796], [-6.2682691, 53.3448361], [-6.2683088, 53.3449957], [-6.268322, 53.3451568], [-6.2683088, 53.3453179], [-6.2682691, 53.3454775], [-6.2682035, 53.345634], [-6.2681124, 53.3457859], [-6.2679969, 53.3459317], [-6.267858, 53.3460701], [-6.267697, 53.3461997], [-6.2675155, 53.3463192], [-6.2673153, 53.3464276], [-6.2670982, 53.3465237], [-6.2668665, 53.3466066], [-6.2666222, 53.3466756], [-6.2663677, 53.3467299], [-6.2661056, 53.3467691], [-6.2658383, 53.3467928], [-6.2655684, 53.3468007]]]}}, {"type": "Feature", "properties": {"MM ID": "50223", "SITE_ID": "10050", "radius_m": 183, "radius_source": "Footfall.RADIUS", "color": "#29B6E8"}, "geometry": {"type": "Polygon", "coordinates": [[[-7.2471278, 52.6564324], [-7.2468622, 52.6564245], [-7.2465991, 52.6564008], [-7.2463411, 52.6563616], [-7.2460907, 52.6563073], [-7.2458503, 52.6562383], [-7.2456222, 52.6561554], [-7.2454086, 52.6560593], [-7.2452116, 52.6559509], [-7.245033, 52.6558314], [-7.2448745, 52.6557018], [-7.2447378, 52.6555634], [-7.2446241, 52.6554176], [-7.2445345, 52.6552657], [-7.2444699, 52.6551092], [-7.2444309, 52.6549496], [-7.2444178, 52.6547885], [-7.2444309, 52.6546274], [-7.2444699, 52.6544678], [-7.2445345, 52.6543113], [-7.2446241, 52.6541594], [-7.2447378, 52.6540136], [-7.2448745, 52.6538752], [-7.245033, 52.6537456], [-7.2452116, 52.6536261], [-7.2454086, 52.6535177], [-7.2456222, 52.6534216], [-7.2458503, 52.6533387], [-7.2460907, 52.6532697], [-7.2463411, 52.6532154], [-7.2465991, 52.6531762], [-7.2468622, 52.6531525], [-7.2471278, 52.6531446], [-7.2473934, 52.6531525], [-7.2476565, 52.6531762], [-7.2479145, 52.6532154], [-7.2481649, 52.6532697], [-7.2484053, 52.6533387], [-7.2486334, 52.6534216], [-7.248847, 52.6535177], [-7.249044, 52.6536261], [-7.2492226, 52.6537456], [-7.2493811, 52.6538752], [-7.2495178, 52.6540136], [-7.2496315, 52.6541594], [-7.2497211, 52.6543113], [-7.2497857, 52.6544678], [-7.2498247, 52.6546274], [-7.2498378, 52.6547885], [-7.2498247, 52.6549496], [-7.2497857, 52.6551092], [-7.2497211, 52.6552657], [-7.2496315, 52.6554176], [-7.2495178, 52.6555634], [-7.2493811, 52.6557018], [-7.2492226, 52.6558314], [-7.249044, 52.6559509], [-7.248847, 52.6560593], [-7.2486334, 52.6561554], [-7.2484053, 52.6562383], [-7.2481649, 52.6563073], [-7.2479145, 52.6563616], [-7.2476565, 52.6564008], [-7.2473934, 52.6564245], [-7.2471278, 52.6564324]]]}}, {"type": "Feature", "properties": {"MM ID": "50236", "SITE_ID": "10051", "radius_m": 183, "radius_source": "Footfall.RADIUS", "color": "#29B6E8"}, "geometry": {"type": "Polygon", "coordinates": [[[-6.2657207, 53.3382613], [-6.2654508, 53.3382534], [-6.2651836, 53.3382297], [-6.2649215, 53.3381905], [-6.2646671, 53.3381362], [-6.2644229, 53.3380672], [-6.2641912, 53.3379843], [-6.2639742, 53.3378882], [-6.263774, 53.3377798], [-6.2635925, 53.3376603], [-6.2634316, 53.3375307], [-6.2632927, 53.3373923], [-6.2631772, 53.3372465], [-6.2630861, 53.3370946], [-6.2630205, 53.3369381], [-6.2629809, 53.3367785], [-6.2629676, 53.3366174], [-6.2629809, 53.3364563], [-6.2630205, 53.3362967], [-6.2630861, 53.3361402], [-6.2631772, 53.3359883], [-6.2632927, 53.3358425], [-6.2634316, 53.3357041], [-6.2635925, 53.3355745], [-6.263774, 53.335455], [-6.2639742, 53.3353466], [-6.2641912, 53.3352505], [-6.2644229, 53.3351676], [-6.2646671, 53.3350986], [-6.2649215, 53.3350443], [-6.2651836, 53.3350051], [-6.2654508, 53.3349814], [-6.2657207, 53.3349735], [-6.2659906, 53.3349814], [-6.2662578, 53.3350051], [-6.2665199, 53.3350443], [-6.2667743, 53.3350986], [-6.2670185, 53.3351676], [-6.2672502, 53.3352505], [-6.2674672, 53.3353466], [-6.2676674, 53.335455], [-6.2678489, 53.3355745], [-6.2680098, 53.3357041], [-6.2681487, 53.3358425], [-6.2682642, 53.3359883], [-6.2683553, 53.3361402], [-6.2684209, 53.3362967], [-6.2684605, 53.3364563], [-6.2684738, 53.3366174], [-6.2684605, 53.3367785], [-6.2684209, 53.3369381], [-6.2683553, 53.3370946], [-6.2682642, 53.3372465], [-6.2681487, 53.3373923], [-6.2680098, 53.3375307], [-6.2678489, 53.3376603], [-6.2676674, 53.3377798], [-6.2674672, 53.3378882], [-6.2672502, 53.3379843], [-6.2670185, 53.3380672], [-6.2667743, 53.3381362], [-6.2665199, 53.3381905], [-6.2662578, 53.3382297], [-6.2659906, 53.3382534], [-6.2657207, 53.3382613]]]}}, {"type": "Feature", "properties": {"MM ID": "50237", "SITE_ID": "10052", "radius_m": 183, "radius_source": "Footfall.RADIUS", "color": "#29B6E8"}, "geometry": {"type": "Polygon", "coordinates": [[[-6.2657207, 53.3382613], [-6.2654508, 53.3382534], [-6.2651836, 53.3382297], [-6.2649215, 53.3381905], [-6.2646671, 53.3381362], [-6.2644229, 53.3380672], [-6.2641912, 53.3379843], [-6.2639742, 53.3378882], [-6.263774, 53.3377798], [-6.2635925, 53.3376603], [-6.2634316, 53.3375307], [-6.2632927, 53.3373923], [-6.2631772, 53.3372465], [-6.2630861, 53.3370946], [-6.2630205, 53.3369381], [-6.2629809, 53.3367785], [-6.2629676, 53.3366174], [-6.2629809, 53.3364563], [-6.2630205, 53.3362967], [-6.2630861, 53.3361402], [-6.2631772, 53.3359883], [-6.2632927, 53.3358425], [-6.2634316, 53.3357041], [-6.2635925, 53.3355745], [-6.263774, 53.335455], [-6.2639742, 53.3353466], [-6.2641912, 53.3352505], [-6.2644229, 53.3351676], [-6.2646671, 53.3350986], [-6.2649215, 53.3350443], [-6.2651836, 53.3350051], [-6.2654508, 53.3349814], [-6.2657207, 53.3349735], [-6.2659906, 53.3349814], [-6.2662578, 53.3350051], [-6.2665199, 53.3350443], [-6.2667743, 53.3350986], [-6.2670185, 53.3351676], [-6.2672502, 53.3352505], [-6.2674672, 53.3353466], [-6.2676674, 53.335455], [-6.2678489, 53.3355745], [-6.2680098, 53.3357041], [-6.2681487, 53.3358425], [-6.2682642, 53.3359883], [-6.2683553, 53.3361402], [-6.2684209, 53.3362967], [-6.2684605, 53.3364563], [-6.2684738, 53.3366174], [-6.2684605, 53.3367785], [-6.2684209, 53.3369381], [-6.2683553, 53.3370946], [-6.2682642, 53.3372465], [-6.2681487, 53.3373923], [-6.2680098, 53.3375307], [-6.2678489, 53.3376603], [-6.2676674, 53.3377798], [-6.2674672, 53.3378882], [-6.2672502, 53.3379843], [-6.2670185, 53.3380672], [-6.2667743, 53.3381362], [-6.2665199, 53.3381905], [-6.2662578, 53.3382297], [-6.2659906, 53.3382534], [-6.2657207, 53.3382613]]]}}, {"type": "Feature", "properties": {"MM ID": "50247", "SITE_ID": "10053", "radius_m": 183, "radius_source": "Footfall.RADIUS", "color": "#29B6E8"}, "geometry": {"type": "Polygon", "coordinates": [[[-6.2757533, 53.3466645], [-6.2754834, 53.3466566], [-6.2752161, 53.3466329], [-6.274954, 53.3465937], [-6.2746995, 53.3465394], [-6.2744552, 53.3464704], [-6.2742235, 53.3463875], [-6.2740064, 53.3462914], [-6.2738062, 53.346183], [-6.2736247, 53.3460635], [-6.2734637, 53.3459339], [-6.2733248, 53.3457955], [-6.2732093, 53.3456497], [-6.2731182, 53.3454978], [-6.2730526, 53.3453413], [-6.2730129, 53.3451817], [-6.2729997, 53.3450206], [-6.2730129, 53.3448595], [-6.2730526, 53.3446999], [-6.2731182, 53.3445434], [-6.2732093, 53.3443915], [-6.2733248, 53.3442457], [-6.2734637, 53.3441073], [-6.2736247, 53.3439777], [-6.2738062, 53.3438582], [-6.2740064, 53.3437498], [-6.2742235, 53.3436537], [-6.2744552, 53.3435708], [-6.2746995, 53.3435018], [-6.274954, 53.3434475], [-6.2752161, 53.3434083], [-6.2754834, 53.3433846], [-6.2757533, 53.3433767], [-6.2760232, 53.3433846], [-6.2762905, 53.3434083], [-6.2765526, 53.3434475], [-6.2768071, 53.3435018], [-6.2770514, 53.3435708], [-6.2772831, 53.3436537], [-6.2775002, 53.3437498], [-6.2777004, 53.3438582], [-6.2778819, 53.3439777], [-6.2780429, 53.3441073], [-6.2781818, 53.3442457], [-6.2782973, 53.3443915], [-6.2783884, 53.3445434], [-6.278454, 53.3446999], [-6.2784937, 53.3448595], [-6.2785069, 53.3450206], [-6.2784937, 53.3451817], [-6.278454, 53.3453413], [-6.2783884, 53.3454978], [-6.2782973, 53.3456497], [-6.2781818, 53.3457955], [-6.2780429, 53.3459339], [-6.2778819, 53.3460635], [-6.2777004, 53.346183], [-6.2775002, 53.3462914], [-6.2772831, 53.3463875], [-6.2770514, 53.3464704], [-6.2768071, 53.3465394], [-6.2765526, 53.3465937], [-6.2762905, 53.3466329], [-6.2760232, 53.3466566], [-6.2757533, 53.3466645]]]}}, {"type": "Feature", "properties": {"MM ID": "50248", "SITE_ID": "10054", "radius_m": 183, "radius_source": "Footfall.RADIUS", "color": "#29B6E8"}, "geometry": {"type": "Polygon", "coordinates": [[[-6.2757533, 53.3466645], [-6.2754834, 53.3466566], [-6.2752161, 53.3466329], [-6.274954, 53.3465937], [-6.2746995, 53.3465394], [-6.2744552, 53.3464704], [-6.2742235, 53.3463875], [-6.2740064, 53.3462914], [-6.2738062, 53.346183], [-6.2736247, 53.3460635], [-6.2734637, 53.3459339], [-6.2733248, 53.3457955], [-6.2732093, 53.3456497], [-6.2731182, 53.3454978], [-6.2730526, 53.3453413], [-6.2730129, 53.3451817], [-6.2729997, 53.3450206], [-6.2730129, 53.3448595], [-6.2730526, 53.3446999], [-6.2731182, 53.3445434], [-6.2732093, 53.3443915], [-6.2733248, 53.3442457], [-6.2734637, 53.3441073], [-6.2736247, 53.3439777], [-6.2738062, 53.3438582], [-6.2740064, 53.3437498], [-6.2742235, 53.3436537], [-6.2744552, 53.3435708], [-6.2746995, 53.3435018], [-6.274954, 53.3434475], [-6.2752161, 53.3434083], [-6.2754834, 53.3433846], [-6.2757533, 53.3433767], [-6.2760232, 53.3433846], [-6.2762905, 53.3434083], [-6.2765526, 53.3434475], [-6.2768071, 53.3435018], [-6.2770514, 53.3435708], [-6.2772831, 53.3436537], [-6.2775002, 53.3437498], [-6.2777004, 53.3438582], [-6.2778819, 53.3439777], [-6.2780429, 53.3441073], [-6.2781818, 53.3442457], [-6.2782973, 53.3443915], [-6.2783884, 53.3445434], [-6.278454, 53.3446999], [-6.2784937, 53.3448595], [-6.2785069, 53.3450206], [-6.2784937, 53.3451817], [-6.278454, 53.3453413], [-6.2783884, 53.3454978], [-6.2782973, 53.3456497], [-6.2781818, 53.3457955], [-6.2780429, 53.3459339], [-6.2778819, 53.3460635], [-6.2777004, 53.346183], [-6.2775002, 53.3462914], [-6.2772831, 53.3463875], [-6.2770514, 53.3464704], [-6.2768071, 53.3465394], [-6.2765526, 53.3465937], [-6.2762905, 53.3466329], [-6.2760232, 53.3466566], [-6.2757533, 53.3466645]]]}}, {"type": "Feature", "properties": {"MM ID": "50249", "SITE_ID": "10055", "radius_m": 183, "radius_source": "Footfall.RADIUS", "color": "#29B6E8"}, "geometry": {"type": "Polygon", "coordinates": [[[-6.2757533, 53.3466645], [-6.2754834, 53.3466566], [-6.2752161, 53.3466329], [-6.274954, 53.3465937], [-6.2746995, 53.3465394], [-6.2744552, 53.3464704], [-6.2742235, 53.3463875], [-6.2740064, 53.3462914], [-6.2738062, 53.346183], [-6.2736247, 53.3460635], [-6.2734637, 53.3459339], [-6.2733248, 53.3457955], [-6.2732093, 53.3456497], [-6.2731182, 53.3454978], [-6.2730526, 53.3453413], [-6.2730129, 53.3451817], [-6.2729997, 53.3450206], [-6.2730129, 53.3448595], [-6.2730526, 53.3446999], [-6.2731182, 53.3445434], [-6.2732093, 53.3443915], [-6.2733248, 53.3442457], [-6.2734637, 53.3441073], [-6.2736247, 53.3439777], [-6.2738062, 53.3438582], [-6.2740064, 53.3437498], [-6.2742235, 53.3436537], [-6.2744552, 53.3435708], [-6.2746995, 53.3435018], [-6.274954, 53.3434475], [-6.2752161, 53.3434083], [-6.2754834, 53.3433846], [-6.2757533, 53.3433767], [-6.2760232, 53.3433846], [-6.2762905, 53.3434083], [-6.2765526, 53.3434475], [-6.2768071, 53.3435018], [-6.2770514, 53.3435708], [-6.2772831, 53.3436537], [-6.2775002, 53.3437498], [-6.2777004, 53.3438582], [-6.2778819, 53.3439777], [-6.2780429, 53.3441073], [-6.2781818, 53.3442457], [-6.2782973, 53.3443915], [-6.2783884, 53.3445434], [-6.278454, 53.3446999], [-6.2784937, 53.3448595], [-6.2785069, 53.3450206], [-6.2784937, 53.3451817], [-6.278454, 53.3453413], [-6.2783884, 53.3454978], [-6.2782973, 53.3456497], [-6.2781818, 53.3457955], [-6.2780429, 53.3459339], [-6.2778819, 53.3460635], [-6.2777004, 53.346183], [-6.2775002, 53.3462914], [-6.2772831, 53.3463875], [-6.2770514, 53.3464704], [-6.2768071, 53.3465394], [-6.2765526, 53.3465937], [-6.2762905, 53.3466329], [-6.2760232, 53.3466566], [-6.2757533, 53.3466645]]]}}, {"type": "Feature", "properties": {"MM ID": "50250", "SITE_ID": "10056", "radius_m": 183, "radius_source": "Footfall.RADIUS", "color": "#29B6E8"}, "geometry": {"type": "Polygon", "coordinates": [[[-6.2593191, 53.3445253], [-6.2590492, 53.3445174], [-6.2587819, 53.3444937], [-6.2585198, 53.3444545], [-6.2582654, 53.3444002], [-6.2580211, 53.3443312], [-6.2577893, 53.3442483], [-6.2575723, 53.3441522], [-6.2573721, 53.3440438], [-6.2571906, 53.3439243], [-6.2570296, 53.3437947], [-6.2568907, 53.3436563], [-6.2567752, 53.3435105], [-6.2566842, 53.3433586], [-6.2566185, 53.3432021], [-6.2565789, 53.3430425], [-6.2565656, 53.3428814], [-6.2565789, 53.3427203], [-6.2566185, 53.3425607], [-6.2566842, 53.3424042], [-6.2567752, 53.3422523], [-6.2568907, 53.3421065], [-6.2570296, 53.3419681], [-6.2571906, 53.3418385], [-6.2573721, 53.341719], [-6.2575723, 53.3416106], [-6.2577893, 53.3415145], [-6.2580211, 53.3414316], [-6.2582654, 53.3413626], [-6.2585198, 53.3413083], [-6.2587819, 53.3412691], [-6.2590492, 53.3412454], [-6.2593191, 53.3412375], [-6.259589, 53.3412454], [-6.2598563, 53.3412691], [-6.2601184, 53.3413083], [-6.2603728, 53.3413626], [-6.2606171, 53.3414316], [-6.2608489, 53.3415145], [-6.2610659, 53.3416106], [-6.2612661, 53.341719], [-6.2614476, 53.3418385], [-6.2616086, 53.3419681], [-6.2617475, 53.3421065], [-6.261863, 53.3422523], [-6.261954, 53.3424042], [-6.2620197, 53.3425607], [-6.2620593, 53.3427203], [-6.2620726, 53.3428814], [-6.2620593, 53.3430425], [-6.2620197, 53.3432021], [-6.261954, 53.3433586], [-6.261863, 53.3435105], [-6.2617475, 53.3436563], [-6.2616086, 53.3437947], [-6.2614476, 53.3439243], [-6.2612661, 53.3440438], [-6.2610659, 53.3441522], [-6.2608489, 53.3442483], [-6.2606171, 53.3443312], [-6.2603728, 53.3444002], [-6.2601184, 53.3444545], [-6.2598563, 53.3444937], [-6.259589, 53.3445174], [-6.2593191, 53.3445253]]]}}, {"type": "Feature", "properties": {"MM ID": "50266", "SITE_ID": "10059", "radius_m": 183, "radius_source": "Footfall.RADIUS", "color": "#29B6E8"}, "geometry": {"type": "Polygon", "coordinates": [[[-6.2718184, 53.3659673], [-6.2715484, 53.3659594], [-6.2712809, 53.3659357], [-6.2710187, 53.3658965], [-6.2707642, 53.3658422], [-6.2705198, 53.3657732], [-6.2702879, 53.3656903], [-6.2700707, 53.3655942], [-6.2698704, 53.3654858], [-6.2696888, 53.3653663], [-6.2695278, 53.3652367], [-6.2693888, 53.3650983], [-6.2692732, 53.3649525], [-6.2691821, 53.3648006], [-6.2691164, 53.3646441], [-6.2690768, 53.3644845], [-6.2690635, 53.3643234], [-6.2690768, 53.3641623], [-6.2691164, 53.3640027], [-6.2691821, 53.3638462], [-6.2692732, 53.3636943], [-6.2693888, 53.3635485], [-6.2695278, 53.3634101], [-6.2696888, 53.3632805], [-6.2698704, 53.363161], [-6.2700707, 53.3630526], [-6.2702879, 53.3629565], [-6.2705198, 53.3628736], [-6.2707642, 53.3628046], [-6.2710187, 53.3627503], [-6.2712809, 53.3627111], [-6.2715484, 53.3626874], [-6.2718184, 53.3626795], [-6.2720884, 53.3626874], [-6.2723559, 53.3627111], [-6.2726181, 53.3627503], [-6.2728726, 53.3628046], [-6.273117, 53.3628736], [-6.2733489, 53.3629565], [-6.2735661, 53.3630526], [-6.2737664, 53.363161], [-6.273948, 53.3632805], [-6.274109, 53.3634101], [-6.274248, 53.3635485], [-6.2743636, 53.3636943], [-6.2744547, 53.3638462], [-6.2745204, 53.3640027], [-6.27456, 53.3641623], [-6.2745733, 53.3643234], [-6.27456, 53.3644845], [-6.2745204, 53.3646441], [-6.2744547, 53.3648006], [-6.2743636, 53.3649525], [-6.274248, 53.3650983], [-6.274109, 53.3652367], [-6.273948, 53.3653663], [-6.2737664, 53.3654858], [-6.2735661, 53.3655942], [-6.2733489, 53.3656903], [-6.273117, 53.3657732], [-6.2728726, 53.3658422], [-6.2726181, 53.3658965], [-6.2723559, 53.3659357], [-6.2720884, 53.3659594], [-6.2718184, 53.3659673]]]}}, {"type": "Feature", "properties": {"MM ID": "50267", "SITE_ID": "10060", "radius_m": 183, "radius_source": "Footfall.RADIUS", "color": "#29B6E8"}, "geometry": {"type": "Polygon", "coordinates": [[[-6.2718184, 53.3659673], [-6.2715484, 53.3659594], [-6.2712809, 53.3659357], [-6.2710187, 53.3658965], [-6.2707642, 53.3658422], [-6.2705198, 53.3657732], [-6.2702879, 53.3656903], [-6.2700707, 53.3655942], [-6.2698704, 53.3654858], [-6.2696888, 53.3653663], [-6.2695278, 53.3652367], [-6.2693888, 53.3650983], [-6.2692732, 53.3649525], [-6.2691821, 53.3648006], [-6.2691164, 53.3646441], [-6.2690768, 53.3644845], [-6.2690635, 53.3643234], [-6.2690768, 53.3641623], [-6.2691164, 53.3640027], [-6.2691821, 53.3638462], [-6.2692732, 53.3636943], [-6.2693888, 53.3635485], [-6.2695278, 53.3634101], [-6.2696888, 53.3632805], [-6.2698704, 53.363161], [-6.2700707, 53.3630526], [-6.2702879, 53.3629565], [-6.2705198, 53.3628736], [-6.2707642, 53.3628046], [-6.2710187, 53.3627503], [-6.2712809, 53.3627111], [-6.2715484, 53.3626874], [-6.2718184, 53.3626795], [-6.2720884, 53.3626874], [-6.2723559, 53.3627111], [-6.2726181, 53.3627503], [-6.2728726, 53.3628046], [-6.273117, 53.3628736], [-6.2733489, 53.3629565], [-6.2735661, 53.3630526], [-6.2737664, 53.363161], [-6.273948, 53.3632805], [-6.274109, 53.3634101], [-6.274248, 53.3635485], [-6.2743636, 53.3636943], [-6.2744547, 53.3638462], [-6.2745204, 53.3640027], [-6.27456, 53.3641623], [-6.2745733, 53.3643234], [-6.27456, 53.3644845], [-6.2745204, 53.3646441], [-6.2744547, 53.3648006], [-6.2743636, 53.3649525], [-6.274248, 53.3650983], [-6.274109, 53.3652367], [-6.273948, 53.3653663], [-6.2737664, 53.3654858], [-6.2735661, 53.3655942], [-6.2733489, 53.3656903], [-6.273117, 53.3657732], [-6.2728726, 53.3658422], [-6.2726181, 53.3658965], [-6.2723559, 53.3659357], [-6.2720884, 53.3659594], [-6.2718184, 53.3659673]]]}}, {"type": "Feature", "properties": {"MM ID": "50275", "SITE_ID": "10061", "radius_m": 183, "radius_source": "Footfall.RADIUS", "color": "#29B6E8"}, "geometry": {"type": "Polygon", "coordinates": [[[-6.2634728, 53.3485514], [-6.2632029, 53.3485435], [-6.2629356, 53.3485198], [-6.2626734, 53.3484806], [-6.262419, 53.3484263], [-6.2621747, 53.3483573], [-6.2619429, 53.3482744], [-6.2617258, 53.3481783], [-6.2615256, 53.3480699], [-6.2613441, 53.3479504], [-6.2611831, 53.3478208], [-6.2610442, 53.3476824], [-6.2609287, 53.3475366], [-6.2608376, 53.3473847], [-6.260772, 53.3472282], [-6.2607323, 53.3470686], [-6.260719, 53.3469075], [-6.2607323, 53.3467464], [-6.260772, 53.3465868], [-6.2608376, 53.3464303], [-6.2609287, 53.3462784], [-6.2610442, 53.3461326], [-6.2611831, 53.3459942], [-6.2613441, 53.3458646], [-6.2615256, 53.3457451], [-6.2617258, 53.3456367], [-6.2619429, 53.3455406], [-6.2621747, 53.3454577], [-6.262419, 53.3453887], [-6.2626734, 53.3453344], [-6.2629356, 53.3452952], [-6.2632029, 53.3452715], [-6.2634728, 53.3452636], [-6.2637427, 53.3452715], [-6.26401, 53.3452952], [-6.2642722, 53.3453344], [-6.2645266, 53.3453887], [-6.2647709, 53.3454577], [-6.2650027, 53.3455406], [-6.2652198, 53.3456367], [-6.26542, 53.3457451], [-6.2656015, 53.3458646], [-6.2657625, 53.3459942], [-6.2659014, 53.3461326], [-6.2660169, 53.3462784], [-6.266108, 53.3464303], [-6.2661736, 53.3465868], [-6.2662133, 53.3467464], [-6.2662266, 53.3469075], [-6.2662133, 53.3470686], [-6.2661736, 53.3472282], [-6.266108, 53.3473847], [-6.2660169, 53.3475366], [-6.2659014, 53.3476824], [-6.2657625, 53.3478208], [-6.2656015, 53.3479504], [-6.26542, 53.3480699], [-6.2652198, 53.3481783], [-6.2650027, 53.3482744], [-6.2647709, 53.3483573], [-6.2645266, 53.3484263], [-6.2642722, 53.3484806], [-6.26401, 53.3485198], [-6.2637427, 53.3485435], [-6.2634728, 53.3485514]]]}}, {"type": "Feature", "properties": {"MM ID": "50312", "SITE_ID": "10062", "radius_m": 183, "radius_source": "Footfall.RADIUS", "color": "#29B6E8"}, "geometry": {"type": "Polygon", "coordinates": [[[-6.3077829, 53.3419742], [-6.307513, 53.3419663], [-6.3072458, 53.3419426], [-6.3069836, 53.3419034], [-6.3067292, 53.3418491], [-6.306485, 53.3417801], [-6.3062532, 53.3416972], [-6.3060362, 53.3416011], [-6.305836, 53.3414927], [-6.3056545, 53.3413732], [-6.3054936, 53.3412436], [-6.3053547, 53.3411052], [-6.3052391, 53.3409594], [-6.3051481, 53.3408075], [-6.3050825, 53.340651], [-6.3050428, 53.3404914], [-6.3050296, 53.3403303], [-6.3050428, 53.3401692], [-6.3050825, 53.3400096], [-6.3051481, 53.3398531], [-6.3052391, 53.3397012], [-6.3053547, 53.3395554], [-6.3054936, 53.339417], [-6.3056545, 53.3392874], [-6.305836, 53.3391679], [-6.3060362, 53.3390595], [-6.3062532, 53.3389634], [-6.306485, 53.3388805], [-6.3067292, 53.3388115], [-6.3069836, 53.3387572], [-6.3072458, 53.338718], [-6.307513, 53.3386943], [-6.3077829, 53.3386864], [-6.3080528, 53.3386943], [-6.30832, 53.338718], [-6.3085822, 53.3387572], [-6.3088366, 53.3388115], [-6.3090808, 53.3388805], [-6.3093126, 53.3389634], [-6.3095296, 53.3390595], [-6.3097298, 53.3391679], [-6.3099113, 53.3392874], [-6.3100722, 53.339417], [-6.3102111, 53.3395554], [-6.3103267, 53.3397012], [-6.3104177, 53.3398531], [-6.3104833, 53.3400096], [-6.310523, 53.3401692], [-6.3105362, 53.3403303], [-6.310523, 53.3404914], [-6.3104833, 53.340651], [-6.3104177, 53.3408075], [-6.3103267, 53.3409594], [-6.3102111, 53.3411052], [-6.3100722, 53.3412436], [-6.3099113, 53.3413732], [-6.3097298, 53.3414927], [-6.3095296, 53.3416011], [-6.3093126, 53.3416972], [-6.3090808, 53.3417801], [-6.3088366, 53.3418491], [-6.3085822, 53.3419034], [-6.30832, 53.3419426], [-6.3080528, 53.3419663], [-6.3077829, 53.3419742]]]}}, {"type": "Feature", "properties": {"MM ID": "50313", "SITE_ID": "10063", "radius_m": 183, "radius_source": "Footfall.RADIUS", "color": "#29B6E8"}, "geometry": {"type": "Polygon", "coordinates": [[[-6.2513795, 53.3319968], [-6.2511097, 53.3319889], [-6.2508425, 53.3319652], [-6.2505804, 53.331926], [-6.2503261, 53.3318717], [-6.2500819, 53.3318027], [-6.2498502, 53.3317198], [-6.2496332, 53.3316237], [-6.2494331, 53.3315153], [-6.2492516, 53.3313958], [-6.2490907, 53.3312662], [-6.2489518, 53.3311278], [-6.2488363, 53.330982], [-6.2487453, 53.3308301], [-6.2486797, 53.3306736], [-6.2486401, 53.330514], [-6.2486268, 53.3303529], [-6.2486401, 53.3301918], [-6.2486797, 53.3300322], [-6.2487453, 53.3298757], [-6.2488363, 53.3297238], [-6.2489518, 53.329578], [-6.2490907, 53.3294396], [-6.2492516, 53.32931], [-6.2494331, 53.3291905], [-6.2496332, 53.3290821], [-6.2498502, 53.328986], [-6.2500819, 53.3289031], [-6.2503261, 53.3288341], [-6.2505804, 53.3287798], [-6.2508425, 53.3287406], [-6.2511097, 53.3287169], [-6.2513795, 53.328709], [-6.2516493, 53.3287169], [-6.2519165, 53.3287406], [-6.2521786, 53.3287798], [-6.2524329, 53.3288341], [-6.2526771, 53.3289031], [-6.2529088, 53.328986], [-6.2531258, 53.3290821], [-6.2533259, 53.3291905], [-6.2535074, 53.32931], [-6.2536683, 53.3294396], [-6.2538072, 53.329578], [-6.2539227, 53.3297238], [-6.2540137, 53.3298757], [-6.2540793, 53.3300322], [-6.2541189, 53.3301918], [-6.2541322, 53.3303529], [-6.2541189, 53.330514], [-6.2540793, 53.3306736], [-6.2540137, 53.3308301], [-6.2539227, 53.330982], [-6.2538072, 53.3311278], [-6.2536683, 53.3312662], [-6.2535074, 53.3313958], [-6.2533259, 53.3315153], [-6.2531258, 53.3316237], [-6.2529088, 53.3317198], [-6.2526771, 53.3318027], [-6.2524329, 53.3318717], [-6.2521786, 53.331926], [-6.2519165, 53.3319652], [-6.2516493, 53.3319889], [-6.2513795, 53.3319968]]]}}, {"type": "Feature", "properties": {"MM ID": "50315", "SITE_ID": "10064", "radius_m": 183, "radius_source": "Footfall.RADIUS", "color": "#29B6E8"}, "geometry": {"type": "Polygon", "coordinates": [[[-6.2494085, 53.3586688], [-6.2491385, 53.3586609], [-6.2488711, 53.3586372], [-6.2486089, 53.358598], [-6.2483544, 53.3585437], [-6.2481101, 53.3584747], [-6.2478782, 53.3583918], [-6.2476611, 53.3582957], [-6.2474608, 53.3581873], [-6.2472793, 53.3580678], [-6.2471183, 53.3579382], [-6.2469793, 53.3577998], [-6.2468638, 53.357654], [-6.2467727, 53.3575021], [-6.246707, 53.3573456], [-6.2466673, 53.357186], [-6.2466541, 53.3570249], [-6.2466673, 53.3568638], [-6.246707, 53.3567042], [-6.2467727, 53.3565477], [-6.2468638, 53.3563958], [-6.2469793, 53.35625], [-6.2471183, 53.3561116], [-6.2472793, 53.355982], [-6.2474608, 53.3558625], [-6.2476611, 53.3557541], [-6.2478782, 53.355658], [-6.2481101, 53.3555751], [-6.2483544, 53.3555061], [-6.2486089, 53.3554518], [-6.2488711, 53.3554126], [-6.2491385, 53.3553889], [-6.2494085, 53.355381], [-6.2496785, 53.3553889], [-6.2499459, 53.3554126], [-6.2502081, 53.3554518], [-6.2504626, 53.3555061], [-6.2507069, 53.3555751], [-6.2509388, 53.355658], [-6.2511559, 53.3557541], [-6.2513562, 53.3558625], [-6.2515377, 53.355982], [-6.2516987, 53.3561116], [-6.2518377, 53.35625], [-6.2519532, 53.3563958], [-6.2520443, 53.3565477], [-6.25211, 53.3567042], [-6.2521497, 53.3568638], [-6.2521629, 53.3570249], [-6.2521497, 53.357186], [-6.25211, 53.3573456], [-6.2520443, 53.3575021], [-6.2519532, 53.357654], [-6.2518377, 53.3577998], [-6.2516987, 53.3579382], [-6.2515377, 53.3580678], [-6.2513562, 53.3581873], [-6.2511559, 53.3582957], [-6.2509388, 53.3583918], [-6.2507069, 53.3584747], [-6.2504626, 53.3585437], [-6.2502081, 53.358598], [-6.2499459, 53.3586372], [-6.2496785, 53.3586609], [-6.2494085, 53.3586688]]]}}, {"type": "Feature", "properties": {"MM ID": "50324", "SITE_ID": "10065", "radius_m": 183, "radius_source": "Footfall.RADIUS", "color": "#29B6E8"}, "geometry": {"type": "Polygon", "coordinates": [[[-6.2594087, 53.3553227], [-6.2591387, 53.3553148], [-6.2588714, 53.3552911], [-6.2586092, 53.3552519], [-6.2583547, 53.3551976], [-6.2581104, 53.3551286], [-6.2578785, 53.3550457], [-6.2576615, 53.3549496], [-6.2574612, 53.3548412], [-6.2572797, 53.3547217], [-6.2571187, 53.3545921], [-6.2569797, 53.3544537], [-6.2568642, 53.3543079], [-6.2567731, 53.354156], [-6.2567074, 53.3539995], [-6.2566678, 53.3538399], [-6.2566545, 53.3536788], [-6.2566678, 53.3535177], [-6.2567074, 53.3533581], [-6.2567731, 53.3532016], [-6.2568642, 53.3530497], [-6.2569797, 53.3529039], [-6.2571187, 53.3527655], [-6.2572797, 53.3526359], [-6.2574612, 53.3525164], [-6.2576615, 53.352408], [-6.2578785, 53.3523119], [-6.2581104, 53.352229], [-6.2583547, 53.35216], [-6.2586092, 53.3521057], [-6.2588714, 53.3520665], [-6.2591387, 53.3520428], [-6.2594087, 53.3520349], [-6.2596787, 53.3520428], [-6.259946, 53.3520665], [-6.2602082, 53.3521057], [-6.2604627, 53.35216], [-6.260707, 53.352229], [-6.2609389, 53.3523119], [-6.2611559, 53.352408], [-6.2613562, 53.3525164], [-6.2615377, 53.3526359], [-6.2616987, 53.3527655], [-6.2618377, 53.3529039], [-6.2619532, 53.3530497], [-6.2620443, 53.3532016], [-6.26211, 53.3533581], [-6.2621496, 53.3535177], [-6.2621629, 53.3536788], [-6.2621496, 53.3538399], [-6.26211, 53.3539995], [-6.2620443, 53.354156], [-6.2619532, 53.3543079], [-6.2618377, 53.3544537], [-6.2616987, 53.3545921], [-6.2615377, 53.3547217], [-6.2613562, 53.3548412], [-6.2611559, 53.3549496], [-6.2609389, 53.3550457], [-6.260707, 53.3551286], [-6.2604627, 53.3551976], [-6.2602082, 53.3552519], [-6.259946, 53.3552911], [-6.2596787, 53.3553148], [-6.2594087, 53.3553227]]]}}, {"type": "Feature", "properties": {"MM ID": "50330", "SITE_ID": "10066", "radius_m": 183, "radius_source": "Footfall.RADIUS", "color": "#29B6E8"}, "geometry": {"type": "Polygon", "coordinates": [[[-6.3715773, 53.3859836], [-6.3713071, 53.3859757], [-6.3710396, 53.385952], [-6.3707772, 53.3859128], [-6.3705226, 53.3858585], [-6.370278, 53.3857895], [-6.370046, 53.3857066], [-6.3698288, 53.3856105], [-6.3696284, 53.3855021], [-6.3694467, 53.3853826], [-6.3692856, 53.385253], [-6.3691466, 53.3851146], [-6.3690309, 53.3849688], [-6.3689398, 53.3848169], [-6.3688741, 53.3846604], [-6.3688344, 53.3845008], [-6.3688211, 53.3843397], [-6.3688344, 53.3841786], [-6.3688741, 53.384019], [-6.3689398, 53.3838625], [-6.3690309, 53.3837106], [-6.3691466, 53.3835648], [-6.3692856, 53.3834264], [-6.3694467, 53.3832968], [-6.3696284, 53.3831773], [-6.3698288, 53.3830689], [-6.370046, 53.3829728], [-6.370278, 53.3828899], [-6.3705226, 53.3828209], [-6.3707772, 53.3827666], [-6.3710396, 53.3827274], [-6.3713071, 53.3827037], [-6.3715773, 53.3826958], [-6.3718475, 53.3827037], [-6.372115, 53.3827274], [-6.3723774, 53.3827666], [-6.372632, 53.3828209], [-6.3728766, 53.3828899], [-6.3731086, 53.3829728], [-6.3733258, 53.3830689], [-6.3735262, 53.3831773], [-6.3737079, 53.3832968], [-6.373869, 53.3834264], [-6.374008, 53.3835648], [-6.3741237, 53.3837106], [-6.3742148, 53.3838625], [-6.3742805, 53.384019], [-6.3743202, 53.3841786], [-6.3743335, 53.3843397], [-6.3743202, 53.3845008], [-6.3742805, 53.3846604], [-6.3742148, 53.3848169], [-6.3741237, 53.3849688], [-6.374008, 53.3851146], [-6.373869, 53.385253], [-6.3737079, 53.3853826], [-6.3735262, 53.3855021], [-6.3733258, 53.3856105], [-6.3731086, 53.3857066], [-6.3728766, 53.3857895], [-6.372632, 53.3858585], [-6.3723774, 53.3859128], [-6.372115, 53.385952], [-6.3718475, 53.3859757], [-6.3715773, 53.3859836]]]}}, {"type": "Feature", "properties": {"MM ID": "50333", "SITE_ID": "10067", "radius_m": 183, "radius_source": "Footfall.RADIUS", "color": "#29B6E8"}, "geometry": {"type": "Polygon", "coordinates": [[[-6.38565, 53.4200461], [-6.3853796, 53.4200382], [-6.3851119, 53.4200145], [-6.3848493, 53.4199753], [-6.3845944, 53.419921], [-6.3843497, 53.419852], [-6.3841175, 53.4197691], [-6.3839001, 53.419673], [-6.3836995, 53.4195646], [-6.3835177, 53.4194451], [-6.3833565, 53.4193155], [-6.3832173, 53.4191771], [-6.3831016, 53.4190313], [-6.3830104, 53.4188794], [-6.3829446, 53.4187229], [-6.3829049, 53.4185633], [-6.3828916, 53.4184022], [-6.3829049, 53.4182411], [-6.3829446, 53.4180815], [-6.3830104, 53.417925], [-6.3831016, 53.4177731], [-6.3832173, 53.4176273], [-6.3833565, 53.4174889], [-6.3835177, 53.4173593], [-6.3836995, 53.4172398], [-6.3839001, 53.4171314], [-6.3841175, 53.4170353], [-6.3843497, 53.4169524], [-6.3845944, 53.4168834], [-6.3848493, 53.4168291], [-6.3851119, 53.4167899], [-6.3853796, 53.4167662], [-6.38565, 53.4167583], [-6.3859204, 53.4167662], [-6.3861881, 53.4167899], [-6.3864507, 53.4168291], [-6.3867056, 53.4168834], [-6.3869503, 53.4169524], [-6.3871825, 53.4170353], [-6.3873999, 53.4171314], [-6.3876005, 53.4172398], [-6.3877823, 53.4173593], [-6.3879435, 53.4174889], [-6.3880827, 53.4176273], [-6.3881984, 53.4177731], [-6.3882896, 53.417925], [-6.3883554, 53.4180815], [-6.3883951, 53.4182411], [-6.3884084, 53.4184022], [-6.3883951, 53.4185633], [-6.3883554, 53.4187229], [-6.3882896, 53.4188794], [-6.3881984, 53.4190313], [-6.3880827, 53.4191771], [-6.3879435, 53.4193155], [-6.3877823, 53.4194451], [-6.3876005, 53.4195646], [-6.3873999, 53.419673], [-6.3871825, 53.4197691], [-6.3869503, 53.419852], [-6.3867056, 53.419921], [-6.3864507, 53.4199753], [-6.3861881, 53.4200145], [-6.3859204, 53.4200382], [-6.38565, 53.4200461]]]}}, {"type": "Feature", "properties": {"MM ID": "50334", "SITE_ID": "10068", "radius_m": 183, "radius_source": "Footfall.RADIUS", "color": "#29B6E8"}, "geometry": {"type": "Polygon", "coordinates": [[[-6.3934004, 53.4072835], [-6.3931301, 53.4072756], [-6.3928624, 53.4072519], [-6.3925999, 53.4072127], [-6.3923451, 53.4071584], [-6.3921005, 53.4070894], [-6.3918684, 53.4070065], [-6.391651, 53.4069104], [-6.3914505, 53.406802], [-6.3912688, 53.4066825], [-6.3911076, 53.4065529], [-6.3909684, 53.4064145], [-6.3908527, 53.4062687], [-6.3907616, 53.4061168], [-6.3906958, 53.4059603], [-6.3906561, 53.4058007], [-6.3906428, 53.4056396], [-6.3906561, 53.4054785], [-6.3906958, 53.4053189], [-6.3907616, 53.4051624], [-6.3908527, 53.4050105], [-6.3909684, 53.4048647], [-6.3911076, 53.4047263], [-6.3912688, 53.4045967], [-6.3914505, 53.4044772], [-6.391651, 53.4043688], [-6.3918684, 53.4042727], [-6.3921005, 53.4041898], [-6.3923451, 53.4041208], [-6.3925999, 53.4040665], [-6.3928624, 53.4040273], [-6.3931301, 53.4040036], [-6.3934004, 53.4039957], [-6.3936707, 53.4040036], [-6.3939384, 53.4040273], [-6.3942009, 53.4040665], [-6.3944557, 53.4041208], [-6.3947003, 53.4041898], [-6.3949324, 53.4042727], [-6.3951498, 53.4043688], [-6.3953503, 53.4044772], [-6.395532, 53.4045967], [-6.3956932, 53.4047263], [-6.3958324, 53.4048647], [-6.3959481, 53.4050105], [-6.3960392, 53.4051624], [-6.396105, 53.4053189], [-6.3961447, 53.4054785], [-6.396158, 53.4056396], [-6.3961447, 53.4058007], [-6.396105, 53.4059603], [-6.3960392, 53.4061168], [-6.3959481, 53.4062687], [-6.3958324, 53.4064145], [-6.3956932, 53.4065529], [-6.395532, 53.4066825], [-6.3953503, 53.406802], [-6.3951498, 53.4069104], [-6.3949324, 53.4070065], [-6.3947003, 53.4070894], [-6.3944557, 53.4071584], [-6.3942009, 53.4072127], [-6.3939384, 53.4072519], [-6.3936707, 53.4072756], [-6.3934004, 53.4072835]]]}}, {"type": "Feature", "properties": {"MM ID": "50339", "SITE_ID": "10069", "radius_m": 183, "radius_source": "Footfall.RADIUS", "color": "#29B6E8"}, "geometry": {"type": "Polygon", "coordinates": [[[-6.1518146, 53.4039215], [-6.1515443, 53.4039136], [-6.1512767, 53.4038899], [-6.1510142, 53.4038507], [-6.1507594, 53.4037964], [-6.1505148, 53.4037274], [-6.1502827, 53.4036445], [-6.1500654, 53.4035484], [-6.1498649, 53.40344], [-6.1496831, 53.4033205], [-6.149522, 53.4031909], [-6.1493828, 53.4030525], [-6.1492671, 53.4029067], [-6.149176, 53.4027548], [-6.1491102, 53.4025983], [-6.1490705, 53.4024387], [-6.1490573, 53.4022776], [-6.1490705, 53.4021165], [-6.1491102, 53.4019569], [-6.149176, 53.4018004], [-6.1492671, 53.4016485], [-6.1493828, 53.4015027], [-6.149522, 53.4013643], [-6.1496831, 53.4012347], [-6.1498649, 53.4011152], [-6.1500654, 53.4010068], [-6.1502827, 53.4009107], [-6.1505148, 53.4008278], [-6.1507594, 53.4007588], [-6.1510142, 53.4007045], [-6.1512767, 53.4006653], [-6.1515443, 53.4006416], [-6.1518146, 53.4006337], [-6.1520849, 53.4006416], [-6.1523525, 53.4006653], [-6.152615, 53.4007045], [-6.1528698, 53.4007588], [-6.1531144, 53.4008278], [-6.1533465, 53.4009107], [-6.1535638, 53.4010068], [-6.1537643, 53.4011152], [-6.1539461, 53.4012347], [-6.1541072, 53.4013643], [-6.1542464, 53.4015027], [-6.1543621, 53.4016485], [-6.1544532, 53.4018004], [-6.154519, 53.4019569], [-6.1545587, 53.4021165], [-6.1545719, 53.4022776], [-6.1545587, 53.4024387], [-6.154519, 53.4025983], [-6.1544532, 53.4027548], [-6.1543621, 53.4029067], [-6.1542464, 53.4030525], [-6.1541072, 53.4031909], [-6.1539461, 53.4033205], [-6.1537643, 53.40344], [-6.1535638, 53.4035484], [-6.1533465, 53.4036445], [-6.1531144, 53.4037274], [-6.1528698, 53.4037964], [-6.152615, 53.4038507], [-6.1523525, 53.4038899], [-6.1520849, 53.4039136], [-6.1518146, 53.4039215]]]}}, {"type": "Feature", "properties": {"MM ID": "50340", "SITE_ID": "10070", "radius_m": 183, "radius_source": "Footfall.RADIUS", "color": "#29B6E8"}, "geometry": {"type": "Polygon", "coordinates": [[[-6.2575537, 53.3604224], [-6.2572837, 53.3604145], [-6.2570163, 53.3603908], [-6.2567541, 53.3603516], [-6.2564996, 53.3602973], [-6.2562552, 53.3602283], [-6.2560234, 53.3601454], [-6.2558062, 53.3600493], [-6.255606, 53.3599409], [-6.2554244, 53.3598214], [-6.2552634, 53.3596918], [-6.2551244, 53.3595534], [-6.2550088, 53.3594076], [-6.2549178, 53.3592557], [-6.2548521, 53.3590992], [-6.2548124, 53.3589396], [-6.2547992, 53.3587785], [-6.2548124, 53.3586174], [-6.2548521, 53.3584578], [-6.2549178, 53.3583013], [-6.2550088, 53.3581494], [-6.2551244, 53.3580036], [-6.2552634, 53.3578652], [-6.2554244, 53.3577356], [-6.255606, 53.3576161], [-6.2558062, 53.3575077], [-6.2560234, 53.3574116], [-6.2562552, 53.3573287], [-6.2564996, 53.3572597], [-6.2567541, 53.3572054], [-6.2570163, 53.3571662], [-6.2572837, 53.3571425], [-6.2575537, 53.3571346], [-6.2578237, 53.3571425], [-6.2580911, 53.3571662], [-6.2583533, 53.3572054], [-6.2586078, 53.3572597], [-6.2588522, 53.3573287], [-6.259084, 53.3574116], [-6.2593012, 53.3575077], [-6.2595014, 53.3576161], [-6.259683, 53.3577356], [-6.259844, 53.3578652], [-6.259983, 53.3580036], [-6.2600986, 53.3581494], [-6.2601896, 53.3583013], [-6.2602553, 53.3584578], [-6.260295, 53.3586174], [-6.2603082, 53.3587785], [-6.260295, 53.3589396], [-6.2602553, 53.3590992], [-6.2601896, 53.3592557], [-6.2600986, 53.3594076], [-6.259983, 53.3595534], [-6.259844, 53.3596918], [-6.259683, 53.3598214], [-6.2595014, 53.3599409], [-6.2593012, 53.3600493], [-6.259084, 53.3601454], [-6.2588522, 53.3602283], [-6.2586078, 53.3602973], [-6.2583533, 53.3603516], [-6.2580911, 53.3603908], [-6.2578237, 53.3604145], [-6.2575537, 53.3604224]]]}}, {"type": "Feature", "properties": {"MM ID": "50349", "SITE_ID": "10071", "radius_m": 183, "radius_source": "Footfall.RADIUS", "color": "#29B6E8"}, "geometry": {"type": "Polygon", "coordinates": [[[-6.2654514, 53.3389158], [-6.2651815, 53.3389079], [-6.2649143, 53.3388842], [-6.2646522, 53.338845], [-6.2643978, 53.3387907], [-6.2641536, 53.3387217], [-6.2639218, 53.3386388], [-6.2637048, 53.3385427], [-6.2635046, 53.3384343], [-6.2633232, 53.3383148], [-6.2631622, 53.3381852], [-6.2630233, 53.3380468], [-6.2629078, 53.337901], [-6.2628168, 53.3377491], [-6.2627512, 53.3375926], [-6.2627115, 53.337433], [-6.2626983, 53.3372719], [-6.2627115, 53.3371108], [-6.2627512, 53.3369512], [-6.2628168, 53.3367947], [-6.2629078, 53.3366428], [-6.2630233, 53.336497], [-6.2631622, 53.3363586], [-6.2633232, 53.336229], [-6.2635046, 53.3361095], [-6.2637048, 53.3360011], [-6.2639218, 53.335905], [-6.2641536, 53.3358221], [-6.2643978, 53.3357531], [-6.2646522, 53.3356988], [-6.2649143, 53.3356596], [-6.2651815, 53.3356359], [-6.2654514, 53.335628], [-6.2657213, 53.3356359], [-6.2659885, 53.3356596], [-6.2662506, 53.3356988], [-6.266505, 53.3357531], [-6.2667492, 53.3358221], [-6.266981, 53.335905], [-6.267198, 53.3360011], [-6.2673982, 53.3361095], [-6.2675796, 53.336229], [-6.2677406, 53.3363586], [-6.2678795, 53.336497], [-6.267995, 53.3366428], [-6.268086, 53.3367947], [-6.2681516, 53.3369512], [-6.2681913, 53.3371108], [-6.2682045, 53.3372719], [-6.2681913, 53.337433], [-6.2681516, 53.3375926], [-6.268086, 53.3377491], [-6.267995, 53.337901], [-6.2678795, 53.3380468], [-6.2677406, 53.3381852], [-6.2675796, 53.3383148], [-6.2673982, 53.3384343], [-6.267198, 53.3385427], [-6.266981, 53.3386388], [-6.2667492, 53.3387217], [-6.266505, 53.3387907], [-6.2662506, 53.338845], [-6.2659885, 53.3388842], [-6.2657213, 53.3389079], [-6.2654514, 53.3389158]]]}}, {"type": "Feature", "properties": {"MM ID": "50356", "SITE_ID": "10072", "radius_m": 183, "radius_source": "Footfall.RADIUS", "color": "#29B6E8"}, "geometry": {"type": "Polygon", "coordinates": [[[-6.2525807, 53.3436119], [-6.2523108, 53.343604], [-6.2520435, 53.3435803], [-6.2517814, 53.3435411], [-6.251527, 53.3434868], [-6.2512827, 53.3434178], [-6.251051, 53.3433349], [-6.2508339, 53.3432388], [-6.2506337, 53.3431304], [-6.2504523, 53.3430109], [-6.2502913, 53.3428813], [-6.2501524, 53.3427429], [-6.2500369, 53.3425971], [-6.2499458, 53.3424452], [-6.2498802, 53.3422887], [-6.2498405, 53.3421291], [-6.2498273, 53.341968], [-6.2498405, 53.3418069], [-6.2498802, 53.3416473], [-6.2499458, 53.3414908], [-6.2500369, 53.3413389], [-6.2501524, 53.3411931], [-6.2502913, 53.3410547], [-6.2504523, 53.3409251], [-6.2506337, 53.3408056], [-6.2508339, 53.3406972], [-6.251051, 53.3406011], [-6.2512827, 53.3405182], [-6.251527, 53.3404492], [-6.2517814, 53.3403949], [-6.2520435, 53.3403557], [-6.2523108, 53.340332], [-6.2525807, 53.3403241], [-6.2528506, 53.340332], [-6.2531179, 53.3403557], [-6.25338, 53.3403949], [-6.2536344, 53.3404492], [-6.2538787, 53.3405182], [-6.2541104, 53.3406011], [-6.2543275, 53.3406972], [-6.2545277, 53.3408056], [-6.2547091, 53.3409251], [-6.2548701, 53.3410547], [-6.255009, 53.3411931], [-6.2551245, 53.3413389], [-6.2552156, 53.3414908], [-6.2552812, 53.3416473], [-6.2553209, 53.3418069], [-6.2553341, 53.341968], [-6.2553209, 53.3421291], [-6.2552812, 53.3422887], [-6.2552156, 53.3424452], [-6.2551245, 53.3425971], [-6.255009, 53.3427429], [-6.2548701, 53.3428813], [-6.2547091, 53.3430109], [-6.2545277, 53.3431304], [-6.2543275, 53.3432388], [-6.2541104, 53.3433349], [-6.2538787, 53.3434178], [-6.2536344, 53.3434868], [-6.25338, 53.3435411], [-6.2531179, 53.3435803], [-6.2528506, 53.343604], [-6.2525807, 53.3436119]]]}}, {"type": "Feature", "properties": {"MM ID": "50373", "SITE_ID": "10073", "radius_m": 183, "radius_source": "Footfall.RADIUS", "color": "#29B6E8"}, "geometry": {"type": "Polygon", "coordinates": [[[-7.1183298, 52.2580794], [-7.1180666, 52.2580715], [-7.1178059, 52.2580478], [-7.1175502, 52.2580086], [-7.1173021, 52.2579543], [-7.1170638, 52.2578853], [-7.1168378, 52.2578024], [-7.1166261, 52.2577063], [-7.1164308, 52.2575979], [-7.1162538, 52.2574784], [-7.1160968, 52.2573488], [-7.1159613, 52.2572104], [-7.1158487, 52.2570646], [-7.1157599, 52.2569127], [-7.1156958, 52.2567562], [-7.1156572, 52.2565966], [-7.1156442, 52.2564355], [-7.1156572, 52.2562744], [-7.1156958, 52.2561148], [-7.1157599, 52.2559583], [-7.1158487, 52.2558064], [-7.1159613, 52.2556606], [-7.1160968, 52.2555222], [-7.1162538, 52.2553926], [-7.1164308, 52.2552731], [-7.1166261, 52.2551647], [-7.1168378, 52.2550686], [-7.1170638, 52.2549857], [-7.1173021, 52.2549167], [-7.1175502, 52.2548624], [-7.1178059, 52.2548232], [-7.1180666, 52.2547995], [-7.1183298, 52.2547916], [-7.118593, 52.2547995], [-7.1188537, 52.2548232], [-7.1191094, 52.2548624], [-7.1193575, 52.2549167], [-7.1195958, 52.2549857], [-7.1198218, 52.2550686], [-7.1200335, 52.2551647], [-7.1202288, 52.2552731], [-7.1204058, 52.2553926], [-7.1205628, 52.2555222], [-7.1206983, 52.2556606], [-7.1208109, 52.2558064], [-7.1208997, 52.2559583], [-7.1209638, 52.2561148], [-7.1210024, 52.2562744], [-7.1210154, 52.2564355], [-7.1210024, 52.2565966], [-7.1209638, 52.2567562], [-7.1208997, 52.2569127], [-7.1208109, 52.2570646], [-7.1206983, 52.2572104], [-7.1205628, 52.2573488], [-7.1204058, 52.2574784], [-7.1202288, 52.2575979], [-7.1200335, 52.2577063], [-7.1198218, 52.2578024], [-7.1195958, 52.2578853], [-7.1193575, 52.2579543], [-7.1191094, 52.2580086], [-7.1188537, 52.2580478], [-7.118593, 52.2580715], [-7.1183298, 52.2580794]]]}}, {"type": "Feature", "properties": {"MM ID": "50377", "SITE_ID": "10074", "radius_m": 183, "radius_source": "Footfall.RADIUS", "color": "#29B6E8"}, "geometry": {"type": "Polygon", "coordinates": [[[-6.263423, 53.34276], [-6.2631531, 53.3427521], [-6.2628858, 53.3427284], [-6.2626237, 53.3426892], [-6.2623693, 53.3426349], [-6.2621251, 53.3425659], [-6.2618933, 53.342483], [-6.2616763, 53.3423869], [-6.2614761, 53.3422785], [-6.2612946, 53.342159], [-6.2611336, 53.3420294], [-6.2609947, 53.341891], [-6.2608792, 53.3417452], [-6.2607882, 53.3415933], [-6.2607225, 53.3414368], [-6.2606829, 53.3412772], [-6.2606696, 53.3411161], [-6.2606829, 53.340955], [-6.2607225, 53.3407954], [-6.2607882, 53.3406389], [-6.2608792, 53.340487], [-6.2609947, 53.3403412], [-6.2611336, 53.3402028], [-6.2612946, 53.3400732], [-6.2614761, 53.3399537], [-6.2616763, 53.3398453], [-6.2618933, 53.3397492], [-6.2621251, 53.3396663], [-6.2623693, 53.3395973], [-6.2626237, 53.339543], [-6.2628858, 53.3395038], [-6.2631531, 53.3394801], [-6.263423, 53.3394722], [-6.2636929, 53.3394801], [-6.2639602, 53.3395038], [-6.2642223, 53.339543], [-6.2644767, 53.3395973], [-6.2647209, 53.3396663], [-6.2649527, 53.3397492], [-6.2651697, 53.3398453], [-6.2653699, 53.3399537], [-6.2655514, 53.3400732], [-6.2657124, 53.3402028], [-6.2658513, 53.3403412], [-6.2659668, 53.340487], [-6.2660578, 53.3406389], [-6.2661235, 53.3407954], [-6.2661631, 53.340955], [-6.2661764, 53.3411161], [-6.2661631, 53.3412772], [-6.2661235, 53.3414368], [-6.2660578, 53.3415933], [-6.2659668, 53.3417452], [-6.2658513, 53.341891], [-6.2657124, 53.3420294], [-6.2655514, 53.342159], [-6.2653699, 53.3422785], [-6.2651697, 53.3423869], [-6.2649527, 53.342483], [-6.2647209, 53.3425659], [-6.2644767, 53.3426349], [-6.2642223, 53.3426892], [-6.2639602, 53.3427284], [-6.2636929, 53.3427521], [-6.263423, 53.34276]]]}}, {"type": "Feature", "properties": {"MM ID": "50389", "SITE_ID": "10075", "radius_m": 183, "radius_source": "Footfall.RADIUS", "color": "#29B6E8"}, "geometry": {"type": "Polygon", "coordinates": [[[-6.2622729, 53.3416479], [-6.262003, 53.34164], [-6.2617358, 53.3416163], [-6.2614737, 53.3415771], [-6.2612193, 53.3415228], [-6.260975, 53.3414538], [-6.2607432, 53.3413709], [-6.2605262, 53.3412748], [-6.260326, 53.3411664], [-6.2601446, 53.3410469], [-6.2599836, 53.3409173], [-6.2598447, 53.3407789], [-6.2597292, 53.3406331], [-6.2596381, 53.3404812], [-6.2595725, 53.3403247], [-6.2595328, 53.3401651], [-6.2595196, 53.340004], [-6.2595328, 53.3398429], [-6.2595725, 53.3396833], [-6.2596381, 53.3395268], [-6.2597292, 53.3393749], [-6.2598447, 53.3392291], [-6.2599836, 53.3390907], [-6.2601446, 53.3389611], [-6.260326, 53.3388416], [-6.2605262, 53.3387332], [-6.2607432, 53.3386371], [-6.260975, 53.3385542], [-6.2612193, 53.3384852], [-6.2614737, 53.3384309], [-6.2617358, 53.3383917], [-6.262003, 53.338368], [-6.2622729, 53.3383601], [-6.2625428, 53.338368], [-6.26281, 53.3383917], [-6.2630721, 53.3384309], [-6.2633265, 53.3384852], [-6.2635708, 53.3385542], [-6.2638026, 53.3386371], [-6.2640196, 53.3387332], [-6.2642198, 53.3388416], [-6.2644012, 53.3389611], [-6.2645622, 53.3390907], [-6.2647011, 53.3392291], [-6.2648166, 53.3393749], [-6.2649077, 53.3395268], [-6.2649733, 53.3396833], [-6.265013, 53.3398429], [-6.2650262, 53.340004], [-6.265013, 53.3401651], [-6.2649733, 53.3403247], [-6.2649077, 53.3404812], [-6.2648166, 53.3406331], [-6.2647011, 53.3407789], [-6.2645622, 53.3409173], [-6.2644012, 53.3410469], [-6.2642198, 53.3411664], [-6.2640196, 53.3412748], [-6.2638026, 53.3413709], [-6.2635708, 53.3414538], [-6.2633265, 53.3415228], [-6.2630721, 53.3415771], [-6.26281, 53.3416163], [-6.2625428, 53.34164], [-6.2622729, 53.3416479]]]}}, {"type": "Feature", "properties": {"MM ID": "50390", "SITE_ID": "10076", "radius_m": 183, "radius_source": "Footfall.RADIUS", "color": "#29B6E8"}, "geometry": {"type": "Polygon", "coordinates": [[[-6.2622729, 53.3416479], [-6.262003, 53.34164], [-6.2617358, 53.3416163], [-6.2614737, 53.3415771], [-6.2612193, 53.3415228], [-6.260975, 53.3414538], [-6.2607432, 53.3413709], [-6.2605262, 53.3412748], [-6.260326, 53.3411664], [-6.2601446, 53.3410469], [-6.2599836, 53.3409173], [-6.2598447, 53.3407789], [-6.2597292, 53.3406331], [-6.2596381, 53.3404812], [-6.2595725, 53.3403247], [-6.2595328, 53.3401651], [-6.2595196, 53.340004], [-6.2595328, 53.3398429], [-6.2595725, 53.3396833], [-6.2596381, 53.3395268], [-6.2597292, 53.3393749], [-6.2598447, 53.3392291], [-6.2599836, 53.3390907], [-6.2601446, 53.3389611], [-6.260326, 53.3388416], [-6.2605262, 53.3387332], [-6.2607432, 53.3386371], [-6.260975, 53.3385542], [-6.2612193, 53.3384852], [-6.2614737, 53.3384309], [-6.2617358, 53.3383917], [-6.262003, 53.338368], [-6.2622729, 53.3383601], [-6.2625428, 53.338368], [-6.26281, 53.3383917], [-6.2630721, 53.3384309], [-6.2633265, 53.3384852], [-6.2635708, 53.3385542], [-6.2638026, 53.3386371], [-6.2640196, 53.3387332], [-6.2642198, 53.3388416], [-6.2644012, 53.3389611], [-6.2645622, 53.3390907], [-6.2647011, 53.3392291], [-6.2648166, 53.3393749], [-6.2649077, 53.3395268], [-6.2649733, 53.3396833], [-6.265013, 53.3398429], [-6.2650262, 53.340004], [-6.265013, 53.3401651], [-6.2649733, 53.3403247], [-6.2649077, 53.3404812], [-6.2648166, 53.3406331], [-6.2647011, 53.3407789], [-6.2645622, 53.3409173], [-6.2644012, 53.3410469], [-6.2642198, 53.3411664], [-6.2640196, 53.3412748], [-6.2638026, 53.3413709], [-6.2635708, 53.3414538], [-6.2633265, 53.3415228], [-6.2630721, 53.3415771], [-6.26281, 53.3416163], [-6.2625428, 53.34164], [-6.2622729, 53.3416479]]]}}, {"type": "Feature", "properties": {"MM ID": "50398", "SITE_ID": "10078", "radius_m": 183, "radius_source": "Footfall.RADIUS", "color": "#29B6E8"}, "geometry": {"type": "Polygon", "coordinates": [[[-6.2632737, 53.3424363], [-6.2630038, 53.3424284], [-6.2627365, 53.3424047], [-6.2624744, 53.3423655], [-6.26222, 53.3423112], [-6.2619758, 53.3422422], [-6.261744, 53.3421593], [-6.261527, 53.3420632], [-6.2613268, 53.3419548], [-6.2611453, 53.3418353], [-6.2609844, 53.3417057], [-6.2608454, 53.3415673], [-6.2607299, 53.3414215], [-6.2606389, 53.3412696], [-6.2605732, 53.3411131], [-6.2605336, 53.3409535], [-6.2605203, 53.3407924], [-6.2605336, 53.3406313], [-6.2605732, 53.3404717], [-6.2606389, 53.3403152], [-6.2607299, 53.3401633], [-6.2608454, 53.3400175], [-6.2609844, 53.3398791], [-6.2611453, 53.3397495], [-6.2613268, 53.33963], [-6.261527, 53.3395216], [-6.261744, 53.3394255], [-6.2619758, 53.3393426], [-6.26222, 53.3392736], [-6.2624744, 53.3392193], [-6.2627365, 53.3391801], [-6.2630038, 53.3391564], [-6.2632737, 53.3391485], [-6.2635436, 53.3391564], [-6.2638109, 53.3391801], [-6.264073, 53.3392193], [-6.2643274, 53.3392736], [-6.2645716, 53.3393426], [-6.2648034, 53.3394255], [-6.2650204, 53.3395216], [-6.2652206, 53.33963], [-6.2654021, 53.3397495], [-6.265563, 53.3398791], [-6.265702, 53.3400175], [-6.2658175, 53.3401633], [-6.2659085, 53.3403152], [-6.2659742, 53.3404717], [-6.2660138, 53.3406313], [-6.2660271, 53.3407924], [-6.2660138, 53.3409535], [-6.2659742, 53.3411131], [-6.2659085, 53.3412696], [-6.2658175, 53.3414215], [-6.265702, 53.3415673], [-6.265563, 53.3417057], [-6.2654021, 53.3418353], [-6.2652206, 53.3419548], [-6.2650204, 53.3420632], [-6.2648034, 53.3421593], [-6.2645716, 53.3422422], [-6.2643274, 53.3423112], [-6.264073, 53.3423655], [-6.2638109, 53.3424047], [-6.2635436, 53.3424284], [-6.2632737, 53.3424363]]]}}, {"type": "Feature", "properties": {"MM ID": "50403", "SITE_ID": "10079", "radius_m": 183, "radius_source": "Footfall.RADIUS", "color": "#29B6E8"}, "geometry": {"type": "Polygon", "coordinates": [[[-6.2618576, 53.3496519], [-6.2615877, 53.349644], [-6.2613204, 53.3496203], [-6.2610582, 53.3495811], [-6.2608038, 53.3495268], [-6.2605595, 53.3494578], [-6.2603277, 53.3493749], [-6.2601106, 53.3492788], [-6.2599103, 53.3491704], [-6.2597289, 53.3490509], [-6.2595679, 53.3489213], [-6.2594289, 53.3487829], [-6.2593134, 53.3486371], [-6.2592223, 53.3484852], [-6.2591567, 53.3483287], [-6.259117, 53.3481691], [-6.2591038, 53.348008], [-6.259117, 53.3478469], [-6.2591567, 53.3476873], [-6.2592223, 53.3475308], [-6.2593134, 53.3473789], [-6.2594289, 53.3472331], [-6.2595679, 53.3470947], [-6.2597289, 53.3469651], [-6.2599103, 53.3468456], [-6.2601106, 53.3467372], [-6.2603277, 53.3466411], [-6.2605595, 53.3465582], [-6.2608038, 53.3464892], [-6.2610582, 53.3464349], [-6.2613204, 53.3463957], [-6.2615877, 53.346372], [-6.2618576, 53.3463641], [-6.2621275, 53.346372], [-6.2623948, 53.3463957], [-6.262657, 53.3464349], [-6.2629114, 53.3464892], [-6.2631557, 53.3465582], [-6.2633875, 53.3466411], [-6.2636046, 53.3467372], [-6.2638049, 53.3468456], [-6.2639863, 53.3469651], [-6.2641473, 53.3470947], [-6.2642863, 53.3472331], [-6.2644018, 53.3473789], [-6.2644929, 53.3475308], [-6.2645585, 53.3476873], [-6.2645982, 53.3478469], [-6.2646114, 53.348008], [-6.2645982, 53.3481691], [-6.2645585, 53.3483287], [-6.2644929, 53.3484852], [-6.2644018, 53.3486371], [-6.2642863, 53.3487829], [-6.2641473, 53.3489213], [-6.2639863, 53.3490509], [-6.2638049, 53.3491704], [-6.2636046, 53.3492788], [-6.2633875, 53.3493749], [-6.2631557, 53.3494578], [-6.2629114, 53.3495268], [-6.262657, 53.3495811], [-6.2623948, 53.3496203], [-6.2621275, 53.349644], [-6.2618576, 53.3496519]]]}}, {"type": "Feature", "properties": {"MM ID": "50404", "SITE_ID": "10080", "radius_m": 183, "radius_source": "Footfall.RADIUS", "color": "#29B6E8"}, "geometry": {"type": "Polygon", "coordinates": [[[-6.2618576, 53.3496519], [-6.2615877, 53.349644], [-6.2613204, 53.3496203], [-6.2610582, 53.3495811], [-6.2608038, 53.3495268], [-6.2605595, 53.3494578], [-6.2603277, 53.3493749], [-6.2601106, 53.3492788], [-6.2599103, 53.3491704], [-6.2597289, 53.3490509], [-6.2595679, 53.3489213], [-6.2594289, 53.3487829], [-6.2593134, 53.3486371], [-6.2592223, 53.3484852], [-6.2591567, 53.3483287], [-6.259117, 53.3481691], [-6.2591038, 53.348008], [-6.259117, 53.3478469], [-6.2591567, 53.3476873], [-6.2592223, 53.3475308], [-6.2593134, 53.3473789], [-6.2594289, 53.3472331], [-6.2595679, 53.3470947], [-6.2597289, 53.3469651], [-6.2599103, 53.3468456], [-6.2601106, 53.3467372], [-6.2603277, 53.3466411], [-6.2605595, 53.3465582], [-6.2608038, 53.3464892], [-6.2610582, 53.3464349], [-6.2613204, 53.3463957], [-6.2615877, 53.346372], [-6.2618576, 53.3463641], [-6.2621275, 53.346372], [-6.2623948, 53.3463957], [-6.262657, 53.3464349], [-6.2629114, 53.3464892], [-6.2631557, 53.3465582], [-6.2633875, 53.3466411], [-6.2636046, 53.3467372], [-6.2638049, 53.3468456], [-6.2639863, 53.3469651], [-6.2641473, 53.3470947], [-6.2642863, 53.3472331], [-6.2644018, 53.3473789], [-6.2644929, 53.3475308], [-6.2645585, 53.3476873], [-6.2645982, 53.3478469], [-6.2646114, 53.348008], [-6.2645982, 53.3481691], [-6.2645585, 53.3483287], [-6.2644929, 53.3484852], [-6.2644018, 53.3486371], [-6.2642863, 53.3487829], [-6.2641473, 53.3489213], [-6.2639863, 53.3490509], [-6.2638049, 53.3491704], [-6.2636046, 53.3492788], [-6.2633875, 53.3493749], [-6.2631557, 53.3494578], [-6.2629114, 53.3495268], [-6.262657, 53.3495811], [-6.2623948, 53.3496203], [-6.2621275, 53.349644], [-6.2618576, 53.3496519]]]}}, {"type": "Feature", "properties": {"MM ID": "50407", "SITE_ID": "10081", "radius_m": 183, "radius_source": "Footfall.RADIUS", "color": "#29B6E8"}, "geometry": {"type": "Polygon", "coordinates": [[[-8.6249302, 52.6654676], [-8.6246645, 52.6654597], [-8.6244014, 52.665436], [-8.6241434, 52.6653968], [-8.6238929, 52.6653425], [-8.6236525, 52.6652735], [-8.6234243, 52.6651906], [-8.6232107, 52.6650945], [-8.6230136, 52.6649861], [-8.6228349, 52.6648666], [-8.6226765, 52.664737], [-8.6225397, 52.6645986], [-8.622426, 52.6644528], [-8.6223364, 52.6643009], [-8.6222718, 52.6641444], [-8.6222327, 52.6639848], [-8.6222197, 52.6638237], [-8.6222327, 52.6636626], [-8.6222718, 52.663503], [-8.6223364, 52.6633465], [-8.622426, 52.6631946], [-8.6225397, 52.6630488], [-8.6226765, 52.6629104], [-8.6228349, 52.6627808], [-8.6230136, 52.6626613], [-8.6232107, 52.6625529], [-8.6234243, 52.6624568], [-8.6236525, 52.6623739], [-8.6238929, 52.6623049], [-8.6241434, 52.6622506], [-8.6244014, 52.6622114], [-8.6246645, 52.6621877], [-8.6249302, 52.6621798], [-8.6251959, 52.6621877], [-8.625459, 52.6622114], [-8.625717, 52.6622506], [-8.6259675, 52.6623049], [-8.6262079, 52.6623739], [-8.6264361, 52.6624568], [-8.6266497, 52.6625529], [-8.6268468, 52.6626613], [-8.6270255, 52.6627808], [-8.6271839, 52.6629104], [-8.6273207, 52.6630488], [-8.6274344, 52.6631946], [-8.627524, 52.6633465], [-8.6275886, 52.663503], [-8.6276277, 52.6636626], [-8.6276407, 52.6638237], [-8.6276277, 52.6639848], [-8.6275886, 52.6641444], [-8.627524, 52.6643009], [-8.6274344, 52.6644528], [-8.6273207, 52.6645986], [-8.6271839, 52.664737], [-8.6270255, 52.6648666], [-8.6268468, 52.6649861], [-8.6266497, 52.6650945], [-8.6264361, 52.6651906], [-8.6262079, 52.6652735], [-8.6259675, 52.6653425], [-8.625717, 52.6653968], [-8.625459, 52.665436], [-8.6251959, 52.6654597], [-8.6249302, 52.6654676]]]}}, {"type": "Feature", "properties": {"MM ID": "50408", "SITE_ID": "10082", "radius_m": 183, "radius_source": "Footfall.RADIUS", "color": "#29B6E8"}, "geometry": {"type": "Polygon", "coordinates": [[[-6.272432, 53.3435779], [-6.2721621, 53.34357], [-6.2718948, 53.3435463], [-6.2716327, 53.3435071], [-6.2713783, 53.3434528], [-6.271134, 53.3433838], [-6.2709023, 53.3433009], [-6.2706852, 53.3432048], [-6.270485, 53.3430964], [-6.2703036, 53.3429769], [-6.2701426, 53.3428473], [-6.2700037, 53.3427089], [-6.2698882, 53.3425631], [-6.2697971, 53.3424112], [-6.2697315, 53.3422547], [-6.2696918, 53.3420951], [-6.2696786, 53.341934], [-6.2696918, 53.3417729], [-6.2697315, 53.3416133], [-6.2697971, 53.3414568], [-6.2698882, 53.3413049], [-6.2700037, 53.3411591], [-6.2701426, 53.3410207], [-6.2703036, 53.3408911], [-6.270485, 53.3407716], [-6.2706852, 53.3406632], [-6.2709023, 53.3405671], [-6.271134, 53.3404842], [-6.2713783, 53.3404152], [-6.2716327, 53.3403609], [-6.2718948, 53.3403217], [-6.2721621, 53.340298], [-6.272432, 53.3402901], [-6.2727019, 53.340298], [-6.2729692, 53.3403217], [-6.2732313, 53.3403609], [-6.2734857, 53.3404152], [-6.27373, 53.3404842], [-6.2739617, 53.3405671], [-6.2741788, 53.3406632], [-6.274379, 53.3407716], [-6.2745604, 53.3408911], [-6.2747214, 53.3410207], [-6.2748603, 53.3411591], [-6.2749758, 53.3413049], [-6.2750669, 53.3414568], [-6.2751325, 53.3416133], [-6.2751722, 53.3417729], [-6.2751854, 53.341934], [-6.2751722, 53.3420951], [-6.2751325, 53.3422547], [-6.2750669, 53.3424112], [-6.2749758, 53.3425631], [-6.2748603, 53.3427089], [-6.2747214, 53.3428473], [-6.2745604, 53.3429769], [-6.274379, 53.3430964], [-6.2741788, 53.3432048], [-6.2739617, 53.3433009], [-6.27373, 53.3433838], [-6.2734857, 53.3434528], [-6.2732313, 53.3435071], [-6.2729692, 53.3435463], [-6.2727019, 53.34357], [-6.272432, 53.3435779]]]}}, {"type": "Feature", "properties": {"MM ID": "50416", "SITE_ID": "10083", "radius_m": 183, "radius_source": "Footfall.RADIUS", "color": "#29B6E8"}, "geometry": {"type": "Polygon", "coordinates": [[[-6.2629431, 53.3463076], [-6.2626732, 53.3462997], [-6.2624059, 53.346276], [-6.2621438, 53.3462368], [-6.2618893, 53.3461825], [-6.2616451, 53.3461135], [-6.2614133, 53.3460306], [-6.2611962, 53.3459345], [-6.260996, 53.3458261], [-6.2608145, 53.3457066], [-6.2606536, 53.345577], [-6.2605146, 53.3454386], [-6.2603991, 53.3452928], [-6.2603081, 53.3451409], [-6.2602424, 53.3449844], [-6.2602027, 53.3448248], [-6.2601895, 53.3446637], [-6.2602027, 53.3445026], [-6.2602424, 53.344343], [-6.2603081, 53.3441865], [-6.2603991, 53.3440346], [-6.2605146, 53.3438888], [-6.2606536, 53.3437504], [-6.2608145, 53.3436208], [-6.260996, 53.3435013], [-6.2611962, 53.3433929], [-6.2614133, 53.3432968], [-6.2616451, 53.3432139], [-6.2618893, 53.3431449], [-6.2621438, 53.3430906], [-6.2624059, 53.3430514], [-6.2626732, 53.3430277], [-6.2629431, 53.3430198], [-6.263213, 53.3430277], [-6.2634803, 53.3430514], [-6.2637424, 53.3430906], [-6.2639969, 53.3431449], [-6.2642411, 53.3432139], [-6.2644729, 53.3432968], [-6.26469, 53.3433929], [-6.2648902, 53.3435013], [-6.2650717, 53.3436208], [-6.2652326, 53.3437504], [-6.2653716, 53.3438888], [-6.2654871, 53.3440346], [-6.2655781, 53.3441865], [-6.2656438, 53.344343], [-6.2656835, 53.3445026], [-6.2656967, 53.3446637], [-6.2656835, 53.3448248], [-6.2656438, 53.3449844], [-6.2655781, 53.3451409], [-6.2654871, 53.3452928], [-6.2653716, 53.3454386], [-6.2652326, 53.345577], [-6.2650717, 53.3457066], [-6.2648902, 53.3458261], [-6.26469, 53.3459345], [-6.2644729, 53.3460306], [-6.2642411, 53.3461135], [-6.2639969, 53.3461825], [-6.2637424, 53.3462368], [-6.2634803, 53.346276], [-6.263213, 53.3462997], [-6.2629431, 53.3463076]]]}}, {"type": "Feature", "properties": {"MM ID": "50417", "SITE_ID": "10084", "radius_m": 183, "radius_source": "Footfall.RADIUS", "color": "#29B6E8"}, "geometry": {"type": "Polygon", "coordinates": [[[-6.2629431, 53.3463076], [-6.2626732, 53.3462997], [-6.2624059, 53.346276], [-6.2621438, 53.3462368], [-6.2618893, 53.3461825], [-6.2616451, 53.3461135], [-6.2614133, 53.3460306], [-6.2611962, 53.3459345], [-6.260996, 53.3458261], [-6.2608145, 53.3457066], [-6.2606536, 53.345577], [-6.2605146, 53.3454386], [-6.2603991, 53.3452928], [-6.2603081, 53.3451409], [-6.2602424, 53.3449844], [-6.2602027, 53.3448248], [-6.2601895, 53.3446637], [-6.2602027, 53.3445026], [-6.2602424, 53.344343], [-6.2603081, 53.3441865], [-6.2603991, 53.3440346], [-6.2605146, 53.3438888], [-6.2606536, 53.3437504], [-6.2608145, 53.3436208], [-6.260996, 53.3435013], [-6.2611962, 53.3433929], [-6.2614133, 53.3432968], [-6.2616451, 53.3432139], [-6.2618893, 53.3431449], [-6.2621438, 53.3430906], [-6.2624059, 53.3430514], [-6.2626732, 53.3430277], [-6.2629431, 53.3430198], [-6.263213, 53.3430277], [-6.2634803, 53.3430514], [-6.2637424, 53.3430906], [-6.2639969, 53.3431449], [-6.2642411, 53.3432139], [-6.2644729, 53.3432968], [-6.26469, 53.3433929], [-6.2648902, 53.3435013], [-6.2650717, 53.3436208], [-6.2652326, 53.3437504], [-6.2653716, 53.3438888], [-6.2654871, 53.3440346], [-6.2655781, 53.3441865], [-6.2656438, 53.344343], [-6.2656835, 53.3445026], [-6.2656967, 53.3446637], [-6.2656835, 53.3448248], [-6.2656438, 53.3449844], [-6.2655781, 53.3451409], [-6.2654871, 53.3452928], [-6.2653716, 53.3454386], [-6.2652326, 53.345577], [-6.2650717, 53.3457066], [-6.2648902, 53.3458261], [-6.26469, 53.3459345], [-6.2644729, 53.3460306], [-6.2642411, 53.3461135], [-6.2639969, 53.3461825], [-6.2637424, 53.3462368], [-6.2634803, 53.346276], [-6.263213, 53.3462997], [-6.2629431, 53.3463076]]]}}, {"type": "Feature", "properties": {"MM ID": "50418", "SITE_ID": "10085", "radius_m": 183, "radius_source": "Footfall.RADIUS", "color": "#29B6E8"}, "geometry": {"type": "Polygon", "coordinates": [[[-6.279635, 53.3443449], [-6.2793651, 53.344337], [-6.2790978, 53.3443133], [-6.2788357, 53.3442741], [-6.2785813, 53.3442198], [-6.278337, 53.3441508], [-6.2781052, 53.3440679], [-6.2778882, 53.3439718], [-6.277688, 53.3438634], [-6.2775065, 53.3437439], [-6.2773456, 53.3436143], [-6.2772066, 53.3434759], [-6.2770911, 53.3433301], [-6.2770001, 53.3431782], [-6.2769344, 53.3430217], [-6.2768948, 53.3428621], [-6.2768815, 53.342701], [-6.2768948, 53.3425399], [-6.2769344, 53.3423803], [-6.2770001, 53.3422238], [-6.2770911, 53.3420719], [-6.2772066, 53.3419261], [-6.2773456, 53.3417877], [-6.2775065, 53.3416581], [-6.277688, 53.3415386], [-6.2778882, 53.3414302], [-6.2781052, 53.3413341], [-6.278337, 53.3412512], [-6.2785813, 53.3411822], [-6.2788357, 53.3411279], [-6.2790978, 53.3410887], [-6.2793651, 53.341065], [-6.279635, 53.3410571], [-6.2799049, 53.341065], [-6.2801722, 53.3410887], [-6.2804343, 53.3411279], [-6.2806887, 53.3411822], [-6.280933, 53.3412512], [-6.2811648, 53.3413341], [-6.2813818, 53.3414302], [-6.281582, 53.3415386], [-6.2817635, 53.3416581], [-6.2819244, 53.3417877], [-6.2820634, 53.3419261], [-6.2821789, 53.3420719], [-6.2822699, 53.3422238], [-6.2823356, 53.3423803], [-6.2823752, 53.3425399], [-6.2823885, 53.342701], [-6.2823752, 53.3428621], [-6.2823356, 53.3430217], [-6.2822699, 53.3431782], [-6.2821789, 53.3433301], [-6.2820634, 53.3434759], [-6.2819244, 53.3436143], [-6.2817635, 53.3437439], [-6.281582, 53.3438634], [-6.2813818, 53.3439718], [-6.2811648, 53.3440679], [-6.280933, 53.3441508], [-6.2806887, 53.3442198], [-6.2804343, 53.3442741], [-6.2801722, 53.3443133], [-6.2799049, 53.344337], [-6.279635, 53.3443449]]]}}, {"type": "Feature", "properties": {"MM ID": "50419", "SITE_ID": "10086", "radius_m": 183, "radius_source": "Footfall.RADIUS", "color": "#29B6E8"}, "geometry": {"type": "Polygon", "coordinates": [[[-6.2462796, 53.3901054], [-6.2460094, 53.3900975], [-6.2457418, 53.3900738], [-6.2454794, 53.3900346], [-6.2452248, 53.3899803], [-6.2449802, 53.3899113], [-6.2447482, 53.3898284], [-6.2445309, 53.3897323], [-6.2443305, 53.3896239], [-6.2441488, 53.3895044], [-6.2439877, 53.3893748], [-6.2438486, 53.3892364], [-6.243733, 53.3890906], [-6.2436418, 53.3889387], [-6.2435761, 53.3887822], [-6.2435364, 53.3886226], [-6.2435232, 53.3884615], [-6.2435364, 53.3883004], [-6.2435761, 53.3881408], [-6.2436418, 53.3879843], [-6.243733, 53.3878324], [-6.2438486, 53.3876866], [-6.2439877, 53.3875482], [-6.2441488, 53.3874186], [-6.2443305, 53.3872991], [-6.2445309, 53.3871907], [-6.2447482, 53.3870946], [-6.2449802, 53.3870117], [-6.2452248, 53.3869427], [-6.2454794, 53.3868884], [-6.2457418, 53.3868492], [-6.2460094, 53.3868255], [-6.2462796, 53.3868176], [-6.2465498, 53.3868255], [-6.2468174, 53.3868492], [-6.2470798, 53.3868884], [-6.2473344, 53.3869427], [-6.247579, 53.3870117], [-6.247811, 53.3870946], [-6.2480283, 53.3871907], [-6.2482287, 53.3872991], [-6.2484104, 53.3874186], [-6.2485715, 53.3875482], [-6.2487106, 53.3876866], [-6.2488262, 53.3878324], [-6.2489174, 53.3879843], [-6.2489831, 53.3881408], [-6.2490228, 53.3883004], [-6.249036, 53.3884615], [-6.2490228, 53.3886226], [-6.2489831, 53.3887822], [-6.2489174, 53.3889387], [-6.2488262, 53.3890906], [-6.2487106, 53.3892364], [-6.2485715, 53.3893748], [-6.2484104, 53.3895044], [-6.2482287, 53.3896239], [-6.2480283, 53.3897323], [-6.247811, 53.3898284], [-6.247579, 53.3899113], [-6.2473344, 53.3899803], [-6.2470798, 53.3900346], [-6.2468174, 53.3900738], [-6.2465498, 53.3900975], [-6.2462796, 53.3901054]]]}}, {"type": "Feature", "properties": {"MM ID": "50420", "SITE_ID": "10087", "radius_m": 183, "radius_source": "Footfall.RADIUS", "color": "#29B6E8"}, "geometry": {"type": "Polygon", "coordinates": [[[-6.2659764, 53.3459971], [-6.2657065, 53.3459892], [-6.2654392, 53.3459655], [-6.2651771, 53.3459263], [-6.2649226, 53.345872], [-6.2646784, 53.345803], [-6.2644466, 53.3457201], [-6.2642295, 53.345624], [-6.2640293, 53.3455156], [-6.2638478, 53.3453961], [-6.2636869, 53.3452665], [-6.2635479, 53.3451281], [-6.2634324, 53.3449823], [-6.2633414, 53.3448304], [-6.2632757, 53.3446739], [-6.2632361, 53.3445143], [-6.2632228, 53.3443532], [-6.2632361, 53.3441921], [-6.2632757, 53.3440325], [-6.2633414, 53.343876], [-6.2634324, 53.3437241], [-6.2635479, 53.3435783], [-6.2636869, 53.3434399], [-6.2638478, 53.3433103], [-6.2640293, 53.3431908], [-6.2642295, 53.3430824], [-6.2644466, 53.3429863], [-6.2646784, 53.3429034], [-6.2649226, 53.3428344], [-6.2651771, 53.3427801], [-6.2654392, 53.3427409], [-6.2657065, 53.3427172], [-6.2659764, 53.3427093], [-6.2662463, 53.3427172], [-6.2665136, 53.3427409], [-6.2667757, 53.3427801], [-6.2670302, 53.3428344], [-6.2672744, 53.3429034], [-6.2675062, 53.3429863], [-6.2677233, 53.3430824], [-6.2679235, 53.3431908], [-6.268105, 53.3433103], [-6.2682659, 53.3434399], [-6.2684049, 53.3435783], [-6.2685204, 53.3437241], [-6.2686114, 53.343876], [-6.2686771, 53.3440325], [-6.2687167, 53.3441921], [-6.26873, 53.3443532], [-6.2687167, 53.3445143], [-6.2686771, 53.3446739], [-6.2686114, 53.3448304], [-6.2685204, 53.3449823], [-6.2684049, 53.3451281], [-6.2682659, 53.3452665], [-6.268105, 53.3453961], [-6.2679235, 53.3455156], [-6.2677233, 53.345624], [-6.2675062, 53.3457201], [-6.2672744, 53.345803], [-6.2670302, 53.345872], [-6.2667757, 53.3459263], [-6.2665136, 53.3459655], [-6.2662463, 53.3459892], [-6.2659764, 53.3459971]]]}}, {"type": "Feature", "properties": {"MM ID": "50422", "SITE_ID": "10088", "radius_m": 183, "radius_source": "Footfall.RADIUS", "color": "#29B6E8"}, "geometry": {"type": "Polygon", "coordinates": [[[-7.1099564, 52.2613151], [-7.1096931, 52.2613072], [-7.1094324, 52.2612835], [-7.1091768, 52.2612443], [-7.1089286, 52.26119], [-7.1086903, 52.261121], [-7.1084643, 52.2610381], [-7.1082526, 52.260942], [-7.1080573, 52.2608336], [-7.1078803, 52.2607141], [-7.1077233, 52.2605845], [-7.1075878, 52.2604461], [-7.1074751, 52.2603003], [-7.1073863, 52.2601484], [-7.1073222, 52.2599919], [-7.1072836, 52.2598323], [-7.1072706, 52.2596712], [-7.1072836, 52.2595101], [-7.1073222, 52.2593505], [-7.1073863, 52.259194], [-7.1074751, 52.2590421], [-7.1075878, 52.2588963], [-7.1077233, 52.2587579], [-7.1078803, 52.2586283], [-7.1080573, 52.2585088], [-7.1082526, 52.2584004], [-7.1084643, 52.2583043], [-7.1086903, 52.2582214], [-7.1089286, 52.2581524], [-7.1091768, 52.2580981], [-7.1094324, 52.2580589], [-7.1096931, 52.2580352], [-7.1099564, 52.2580273], [-7.1102197, 52.2580352], [-7.1104804, 52.2580589], [-7.110736, 52.2580981], [-7.1109842, 52.2581524], [-7.1112225, 52.2582214], [-7.1114485, 52.2583043], [-7.1116602, 52.2584004], [-7.1118555, 52.2585088], [-7.1120325, 52.2586283], [-7.1121895, 52.2587579], [-7.112325, 52.2588963], [-7.1124377, 52.2590421], [-7.1125265, 52.259194], [-7.1125906, 52.2593505], [-7.1126292, 52.2595101], [-7.1126422, 52.2596712], [-7.1126292, 52.2598323], [-7.1125906, 52.2599919], [-7.1125265, 52.2601484], [-7.1124377, 52.2603003], [-7.112325, 52.2604461], [-7.1121895, 52.2605845], [-7.1120325, 52.2607141], [-7.1118555, 52.2608336], [-7.1116602, 52.260942], [-7.1114485, 52.2610381], [-7.1112225, 52.261121], [-7.1109842, 52.26119], [-7.110736, 52.2612443], [-7.1104804, 52.2612835], [-7.1102197, 52.2613072], [-7.1099564, 52.2613151]]]}}, {"type": "Feature", "properties": {"MM ID": "50425", "SITE_ID": "10091", "radius_m": 183, "radius_source": "Footfall.RADIUS", "color": "#29B6E8"}, "geometry": {"type": "Polygon", "coordinates": [[[-8.4732418, 51.9130917], [-8.4729806, 51.9130838], [-8.4727219, 51.9130601], [-8.4724682, 51.9130209], [-8.472222, 51.9129666], [-8.4719856, 51.9128976], [-8.4717613, 51.9128147], [-8.4715512, 51.9127186], [-8.4713574, 51.9126102], [-8.4711818, 51.9124907], [-8.471026, 51.9123611], [-8.4708916, 51.9122227], [-8.4707798, 51.9120769], [-8.4706917, 51.911925], [-8.4706281, 51.9117685], [-8.4705897, 51.9116089], [-8.4705769, 51.9114478], [-8.4705897, 51.9112867], [-8.4706281, 51.9111271], [-8.4706917, 51.9109706], [-8.4707798, 51.9108187], [-8.4708916, 51.9106729], [-8.471026, 51.9105345], [-8.4711818, 51.9104049], [-8.4713574, 51.9102854], [-8.4715512, 51.910177], [-8.4717613, 51.9100809], [-8.4719856, 51.909998], [-8.472222, 51.909929], [-8.4724682, 51.9098747], [-8.4727219, 51.9098355], [-8.4729806, 51.9098118], [-8.4732418, 51.9098039], [-8.473503, 51.9098118], [-8.4737617, 51.9098355], [-8.4740154, 51.9098747], [-8.4742616, 51.909929], [-8.474498, 51.909998], [-8.4747223, 51.9100809], [-8.4749324, 51.910177], [-8.4751262, 51.9102854], [-8.4753018, 51.9104049], [-8.4754576, 51.9105345], [-8.475592, 51.9106729], [-8.4757038, 51.9108187], [-8.4757919, 51.9109706], [-8.4758555, 51.9111271], [-8.4758939, 51.9112867], [-8.4759067, 51.9114478], [-8.4758939, 51.9116089], [-8.4758555, 51.9117685], [-8.4757919, 51.911925], [-8.4757038, 51.9120769], [-8.475592, 51.9122227], [-8.4754576, 51.9123611], [-8.4753018, 51.9124907], [-8.4751262, 51.9126102], [-8.4749324, 51.9127186], [-8.4747223, 51.9128147], [-8.474498, 51.9128976], [-8.4742616, 51.9129666], [-8.4740154, 51.9130209], [-8.4737617, 51.9130601], [-8.473503, 51.9130838], [-8.4732418, 51.9130917]]]}}, {"type": "Feature", "properties": {"MM ID": "50426", "SITE_ID": "10092", "radius_m": 183, "radius_source": "Footfall.RADIUS", "color": "#29B6E8"}, "geometry": {"type": "Polygon", "coordinates": [[[-8.4659918, 51.9028462], [-8.4657307, 51.9028383], [-8.465472, 51.9028146], [-8.4652184, 51.9027754], [-8.4649722, 51.9027211], [-8.4647359, 51.9026521], [-8.4645116, 51.9025692], [-8.4643016, 51.9024731], [-8.4641079, 51.9023647], [-8.4639323, 51.9022452], [-8.4637765, 51.9021156], [-8.4636421, 51.9019772], [-8.4635303, 51.9018314], [-8.4634422, 51.9016795], [-8.4633787, 51.901523], [-8.4633404, 51.9013634], [-8.4633275, 51.9012023], [-8.4633404, 51.9010412], [-8.4633787, 51.9008816], [-8.4634422, 51.9007251], [-8.4635303, 51.9005732], [-8.4636421, 51.9004274], [-8.4637765, 51.900289], [-8.4639323, 51.9001594], [-8.4641079, 51.9000399], [-8.4643016, 51.8999315], [-8.4645116, 51.8998354], [-8.4647359, 51.8997525], [-8.4649722, 51.8996835], [-8.4652184, 51.8996292], [-8.465472, 51.89959], [-8.4657307, 51.8995663], [-8.4659918, 51.8995584], [-8.4662529, 51.8995663], [-8.4665116, 51.89959], [-8.4667652, 51.8996292], [-8.4670114, 51.8996835], [-8.4672477, 51.8997525], [-8.467472, 51.8998354], [-8.467682, 51.8999315], [-8.4678757, 51.9000399], [-8.4680513, 51.9001594], [-8.4682071, 51.900289], [-8.4683415, 51.9004274], [-8.4684533, 51.9005732], [-8.4685414, 51.9007251], [-8.4686049, 51.9008816], [-8.4686432, 51.9010412], [-8.4686561, 51.9012023], [-8.4686432, 51.9013634], [-8.4686049, 51.901523], [-8.4685414, 51.9016795], [-8.4684533, 51.9018314], [-8.4683415, 51.9019772], [-8.4682071, 51.9021156], [-8.4680513, 51.9022452], [-8.4678757, 51.9023647], [-8.467682, 51.9024731], [-8.467472, 51.9025692], [-8.4672477, 51.9026521], [-8.4670114, 51.9027211], [-8.4667652, 51.9027754], [-8.4665116, 51.9028146], [-8.4662529, 51.9028383], [-8.4659918, 51.9028462]]]}}, {"type": "Feature", "properties": {"MM ID": "50427", "SITE_ID": "10093", "radius_m": 183, "radius_source": "Footfall.RADIUS", "color": "#29B6E8"}, "geometry": {"type": "Polygon", "coordinates": [[[-6.2642613, 53.3493566], [-6.2639914, 53.3493487], [-6.2637241, 53.349325], [-6.2634619, 53.3492858], [-6.2632075, 53.3492315], [-6.2629632, 53.3491625], [-6.2627314, 53.3490796], [-6.2625143, 53.3489835], [-6.2623141, 53.3488751], [-6.2621326, 53.3487556], [-6.2619716, 53.348626], [-6.2618327, 53.3484876], [-6.2617171, 53.3483418], [-6.2616261, 53.3481899], [-6.2615604, 53.3480334], [-6.2615207, 53.3478738], [-6.2615075, 53.3477127], [-6.2615207, 53.3475516], [-6.2615604, 53.347392], [-6.2616261, 53.3472355], [-6.2617171, 53.3470836], [-6.2618327, 53.3469378], [-6.2619716, 53.3467994], [-6.2621326, 53.3466698], [-6.2623141, 53.3465503], [-6.2625143, 53.3464419], [-6.2627314, 53.3463458], [-6.2629632, 53.3462629], [-6.2632075, 53.3461939], [-6.2634619, 53.3461396], [-6.2637241, 53.3461004], [-6.2639914, 53.3460767], [-6.2642613, 53.3460688], [-6.2645312, 53.3460767], [-6.2647985, 53.3461004], [-6.2650607, 53.3461396], [-6.2653151, 53.3461939], [-6.2655594, 53.3462629], [-6.2657912, 53.3463458], [-6.2660083, 53.3464419], [-6.2662085, 53.3465503], [-6.26639, 53.3466698], [-6.266551, 53.3467994], [-6.2666899, 53.3469378], [-6.2668055, 53.3470836], [-6.2668965, 53.3472355], [-6.2669622, 53.347392], [-6.2670019, 53.3475516], [-6.2670151, 53.3477127], [-6.2670019, 53.3478738], [-6.2669622, 53.3480334], [-6.2668965, 53.3481899], [-6.2668055, 53.3483418], [-6.2666899, 53.3484876], [-6.266551, 53.348626], [-6.26639, 53.3487556], [-6.2662085, 53.3488751], [-6.2660083, 53.3489835], [-6.2657912, 53.3490796], [-6.2655594, 53.3491625], [-6.2653151, 53.3492315], [-6.2650607, 53.3492858], [-6.2647985, 53.349325], [-6.2645312, 53.3493487], [-6.2642613, 53.3493566]]]}}, {"type": "Feature", "properties": {"MM ID": "50428", "SITE_ID": "10094", "radius_m": 183, "radius_source": "Footfall.RADIUS", "color": "#29B6E8"}, "geometry": {"type": "Polygon", "coordinates": [[[-6.2642613, 53.3493566], [-6.2639914, 53.3493487], [-6.2637241, 53.349325], [-6.2634619, 53.3492858], [-6.2632075, 53.3492315], [-6.2629632, 53.3491625], [-6.2627314, 53.3490796], [-6.2625143, 53.3489835], [-6.2623141, 53.3488751], [-6.2621326, 53.3487556], [-6.2619716, 53.348626], [-6.2618327, 53.3484876], [-6.2617171, 53.3483418], [-6.2616261, 53.3481899], [-6.2615604, 53.3480334], [-6.2615207, 53.3478738], [-6.2615075, 53.3477127], [-6.2615207, 53.3475516], [-6.2615604, 53.347392], [-6.2616261, 53.3472355], [-6.2617171, 53.3470836], [-6.2618327, 53.3469378], [-6.2619716, 53.3467994], [-6.2621326, 53.3466698], [-6.2623141, 53.3465503], [-6.2625143, 53.3464419], [-6.2627314, 53.3463458], [-6.2629632, 53.3462629], [-6.2632075, 53.3461939], [-6.2634619, 53.3461396], [-6.2637241, 53.3461004], [-6.2639914, 53.3460767], [-6.2642613, 53.3460688], [-6.2645312, 53.3460767], [-6.2647985, 53.3461004], [-6.2650607, 53.3461396], [-6.2653151, 53.3461939], [-6.2655594, 53.3462629], [-6.2657912, 53.3463458], [-6.2660083, 53.3464419], [-6.2662085, 53.3465503], [-6.26639, 53.3466698], [-6.266551, 53.3467994], [-6.2666899, 53.3469378], [-6.2668055, 53.3470836], [-6.2668965, 53.3472355], [-6.2669622, 53.347392], [-6.2670019, 53.3475516], [-6.2670151, 53.3477127], [-6.2670019, 53.3478738], [-6.2669622, 53.3480334], [-6.2668965, 53.3481899], [-6.2668055, 53.3483418], [-6.2666899, 53.3484876], [-6.266551, 53.348626], [-6.26639, 53.3487556], [-6.2662085, 53.3488751], [-6.2660083, 53.3489835], [-6.2657912, 53.3490796], [-6.2655594, 53.3491625], [-6.2653151, 53.3492315], [-6.2650607, 53.3492858], [-6.2647985, 53.349325], [-6.2645312, 53.3493487], [-6.2642613, 53.3493566]]]}}, {"type": "Feature", "properties": {"MM ID": "50430", "SITE_ID": "10095", "radius_m": 183, "radius_source": "Footfall.RADIUS", "color": "#29B6E8"}, "geometry": {"type": "Polygon", "coordinates": [[[-6.1315117, 53.2919008], [-6.1312421, 53.2918929], [-6.1309752, 53.2918692], [-6.1307134, 53.29183], [-6.1304593, 53.2917757], [-6.1302153, 53.2917067], [-6.1299838, 53.2916238], [-6.129767, 53.2915277], [-6.1295671, 53.2914193], [-6.1293858, 53.2912998], [-6.1292251, 53.2911702], [-6.1290863, 53.2910318], [-6.1289709, 53.290886], [-6.12888, 53.2907341], [-6.1288144, 53.2905776], [-6.1287748, 53.290418], [-6.1287616, 53.2902569], [-6.1287748, 53.2900958], [-6.1288144, 53.2899362], [-6.12888, 53.2897797], [-6.1289709, 53.2896278], [-6.1290863, 53.289482], [-6.1292251, 53.2893436], [-6.1293858, 53.289214], [-6.1295671, 53.2890945], [-6.129767, 53.2889861], [-6.1299838, 53.28889], [-6.1302153, 53.2888071], [-6.1304593, 53.2887381], [-6.1307134, 53.2886838], [-6.1309752, 53.2886446], [-6.1312421, 53.2886209], [-6.1315117, 53.288613], [-6.1317813, 53.2886209], [-6.1320482, 53.2886446], [-6.13231, 53.2886838], [-6.1325641, 53.2887381], [-6.1328081, 53.2888071], [-6.1330396, 53.28889], [-6.1332564, 53.2889861], [-6.1334563, 53.2890945], [-6.1336376, 53.289214], [-6.1337983, 53.2893436], [-6.1339371, 53.289482], [-6.1340525, 53.2896278], [-6.1341434, 53.2897797], [-6.134209, 53.2899362], [-6.1342486, 53.2900958], [-6.1342618, 53.2902569], [-6.1342486, 53.290418], [-6.134209, 53.2905776], [-6.1341434, 53.2907341], [-6.1340525, 53.290886], [-6.1339371, 53.2910318], [-6.1337983, 53.2911702], [-6.1336376, 53.2912998], [-6.1334563, 53.2914193], [-6.1332564, 53.2915277], [-6.1330396, 53.2916238], [-6.1328081, 53.2917067], [-6.1325641, 53.2917757], [-6.13231, 53.29183], [-6.1320482, 53.2918692], [-6.1317813, 53.2918929], [-6.1315117, 53.2919008]]]}}, {"type": "Feature", "properties": {"MM ID": "50432", "SITE_ID": "10097", "radius_m": 183, "radius_source": "Footfall.RADIUS", "color": "#29B6E8"}, "geometry": {"type": "Polygon", "coordinates": [[[-8.47462, 51.9094772], [-8.4743588, 51.9094693], [-8.4741001, 51.9094456], [-8.4738465, 51.9094064], [-8.4736003, 51.9093521], [-8.4733639, 51.9092831], [-8.4731396, 51.9092002], [-8.4729296, 51.9091041], [-8.4727358, 51.9089957], [-8.4725602, 51.9088762], [-8.4724044, 51.9087466], [-8.47227, 51.9086082], [-8.4721582, 51.9084624], [-8.4720701, 51.9083105], [-8.4720065, 51.908154], [-8.4719682, 51.9079944], [-8.4719553, 51.9078333], [-8.4719682, 51.9076722], [-8.4720065, 51.9075126], [-8.4720701, 51.9073561], [-8.4721582, 51.9072042], [-8.47227, 51.9070584], [-8.4724044, 51.90692], [-8.4725602, 51.9067904], [-8.4727358, 51.9066709], [-8.4729296, 51.9065625], [-8.4731396, 51.9064664], [-8.4733639, 51.9063835], [-8.4736003, 51.9063145], [-8.4738465, 51.9062602], [-8.4741001, 51.906221], [-8.4743588, 51.9061973], [-8.47462, 51.9061894], [-8.4748812, 51.9061973], [-8.4751399, 51.906221], [-8.4753935, 51.9062602], [-8.4756397, 51.9063145], [-8.4758761, 51.9063835], [-8.4761004, 51.9064664], [-8.4763104, 51.9065625], [-8.4765042, 51.9066709], [-8.4766798, 51.9067904], [-8.4768356, 51.90692], [-8.47697, 51.9070584], [-8.4770818, 51.9072042], [-8.4771699, 51.9073561], [-8.4772335, 51.9075126], [-8.4772718, 51.9076722], [-8.4772847, 51.9078333], [-8.4772718, 51.9079944], [-8.4772335, 51.908154], [-8.4771699, 51.9083105], [-8.4770818, 51.9084624], [-8.47697, 51.9086082], [-8.4768356, 51.9087466], [-8.4766798, 51.9088762], [-8.4765042, 51.9089957], [-8.4763104, 51.9091041], [-8.4761004, 51.9092002], [-8.4758761, 51.9092831], [-8.4756397, 51.9093521], [-8.4753935, 51.9094064], [-8.4751399, 51.9094456], [-8.4748812, 51.9094693], [-8.47462, 51.9094772]]]}}, {"type": "Feature", "properties": {"MM ID": "50433", "SITE_ID": "10098", "radius_m": 183, "radius_source": "Footfall.RADIUS", "color": "#29B6E8"}, "geometry": {"type": "Polygon", "coordinates": [[[-6.265713, 53.3427619], [-6.2654431, 53.342754], [-6.2651758, 53.3427303], [-6.2649137, 53.3426911], [-6.2646593, 53.3426368], [-6.2644151, 53.3425678], [-6.2641833, 53.3424849], [-6.2639663, 53.3423888], [-6.2637661, 53.3422804], [-6.2635846, 53.3421609], [-6.2634236, 53.3420313], [-6.2632847, 53.3418929], [-6.2631692, 53.3417471], [-6.2630782, 53.3415952], [-6.2630125, 53.3414387], [-6.2629729, 53.3412791], [-6.2629596, 53.341118], [-6.2629729, 53.3409569], [-6.2630125, 53.3407973], [-6.2630782, 53.3406408], [-6.2631692, 53.3404889], [-6.2632847, 53.3403431], [-6.2634236, 53.3402047], [-6.2635846, 53.3400751], [-6.2637661, 53.3399556], [-6.2639663, 53.3398472], [-6.2641833, 53.3397511], [-6.2644151, 53.3396682], [-6.2646593, 53.3395992], [-6.2649137, 53.3395449], [-6.2651758, 53.3395057], [-6.2654431, 53.339482], [-6.265713, 53.3394741], [-6.2659829, 53.339482], [-6.2662502, 53.3395057], [-6.2665123, 53.3395449], [-6.2667667, 53.3395992], [-6.2670109, 53.3396682], [-6.2672427, 53.3397511], [-6.2674597, 53.3398472], [-6.2676599, 53.3399556], [-6.2678414, 53.3400751], [-6.2680024, 53.3402047], [-6.2681413, 53.3403431], [-6.2682568, 53.3404889], [-6.2683478, 53.3406408], [-6.2684135, 53.3407973], [-6.2684531, 53.3409569], [-6.2684664, 53.341118], [-6.2684531, 53.3412791], [-6.2684135, 53.3414387], [-6.2683478, 53.3415952], [-6.2682568, 53.3417471], [-6.2681413, 53.3418929], [-6.2680024, 53.3420313], [-6.2678414, 53.3421609], [-6.2676599, 53.3422804], [-6.2674597, 53.3423888], [-6.2672427, 53.3424849], [-6.2670109, 53.3425678], [-6.2667667, 53.3426368], [-6.2665123, 53.3426911], [-6.2662502, 53.3427303], [-6.2659829, 53.342754], [-6.265713, 53.3427619]]]}}, {"type": "Feature", "properties": {"MM ID": "50434", "SITE_ID": "10099", "radius_m": 183, "radius_source": "Footfall.RADIUS", "color": "#29B6E8"}, "geometry": {"type": "Polygon", "coordinates": [[[-6.2643783, 53.3503245], [-6.2641084, 53.3503166], [-6.263841, 53.3502929], [-6.2635789, 53.3502537], [-6.2633244, 53.3501994], [-6.2630801, 53.3501304], [-6.2628483, 53.3500475], [-6.2626313, 53.3499514], [-6.262431, 53.349843], [-6.2622495, 53.3497235], [-6.2620885, 53.3495939], [-6.2619496, 53.3494555], [-6.261834, 53.3493097], [-6.261743, 53.3491578], [-6.2616773, 53.3490013], [-6.2616377, 53.3488417], [-6.2616244, 53.3486806], [-6.2616377, 53.3485195], [-6.2616773, 53.3483599], [-6.261743, 53.3482034], [-6.261834, 53.3480515], [-6.2619496, 53.3479057], [-6.2620885, 53.3477673], [-6.2622495, 53.3476377], [-6.262431, 53.3475182], [-6.2626313, 53.3474098], [-6.2628483, 53.3473137], [-6.2630801, 53.3472308], [-6.2633244, 53.3471618], [-6.2635789, 53.3471075], [-6.263841, 53.3470683], [-6.2641084, 53.3470446], [-6.2643783, 53.3470367], [-6.2646482, 53.3470446], [-6.2649156, 53.3470683], [-6.2651777, 53.3471075], [-6.2654322, 53.3471618], [-6.2656765, 53.3472308], [-6.2659083, 53.3473137], [-6.2661253, 53.3474098], [-6.2663256, 53.3475182], [-6.2665071, 53.3476377], [-6.2666681, 53.3477673], [-6.266807, 53.3479057], [-6.2669226, 53.3480515], [-6.2670136, 53.3482034], [-6.2670793, 53.3483599], [-6.2671189, 53.3485195], [-6.2671322, 53.3486806], [-6.2671189, 53.3488417], [-6.2670793, 53.3490013], [-6.2670136, 53.3491578], [-6.2669226, 53.3493097], [-6.266807, 53.3494555], [-6.2666681, 53.3495939], [-6.2665071, 53.3497235], [-6.2663256, 53.349843], [-6.2661253, 53.3499514], [-6.2659083, 53.3500475], [-6.2656765, 53.3501304], [-6.2654322, 53.3501994], [-6.2651777, 53.3502537], [-6.2649156, 53.3502929], [-6.2646482, 53.3503166], [-6.2643783, 53.3503245]]]}}, {"type": "Feature", "properties": {"MM ID": "50011", "SITE_ID": "20001", "radius_m": 183, "radius_source": "Footfall.RADIUS", "color": "#29B6E8"}, "geometry": {"type": "Polygon", "coordinates": [[[-6.1514374, 53.2839669], [-6.1511679, 53.283959], [-6.150901, 53.2839353], [-6.1506392, 53.2838961], [-6.1503852, 53.2838418], [-6.1501412, 53.2837728], [-6.1499098, 53.2836899], [-6.1496931, 53.2835938], [-6.1494931, 53.2834854], [-6.1493119, 53.2833659], [-6.1491512, 53.2832363], [-6.1490125, 53.2830979], [-6.1488971, 53.2829521], [-6.1488062, 53.2828002], [-6.1487406, 53.2826437], [-6.148701, 53.2824841], [-6.1486878, 53.282323], [-6.148701, 53.2821619], [-6.1487406, 53.2820023], [-6.1488062, 53.2818458], [-6.1488971, 53.2816939], [-6.1490125, 53.2815481], [-6.1491512, 53.2814097], [-6.1493119, 53.2812801], [-6.1494931, 53.2811606], [-6.1496931, 53.2810522], [-6.1499098, 53.2809561], [-6.1501412, 53.2808732], [-6.1503852, 53.2808042], [-6.1506392, 53.2807499], [-6.150901, 53.2807107], [-6.1511679, 53.280687], [-6.1514374, 53.2806791], [-6.1517069, 53.280687], [-6.1519738, 53.2807107], [-6.1522356, 53.2807499], [-6.1524896, 53.2808042], [-6.1527336, 53.2808732], [-6.152965, 53.2809561], [-6.1531817, 53.2810522], [-6.1533817, 53.2811606], [-6.1535629, 53.2812801], [-6.1537236, 53.2814097], [-6.1538623, 53.2815481], [-6.1539777, 53.2816939], [-6.1540686, 53.2818458], [-6.1541342, 53.2820023], [-6.1541738, 53.2821619], [-6.154187, 53.282323], [-6.1541738, 53.2824841], [-6.1541342, 53.2826437], [-6.1540686, 53.2828002], [-6.1539777, 53.2829521], [-6.1538623, 53.2830979], [-6.1537236, 53.2832363], [-6.1535629, 53.2833659], [-6.1533817, 53.2834854], [-6.1531817, 53.2835938], [-6.152965, 53.2836899], [-6.1527336, 53.2837728], [-6.1524896, 53.2838418], [-6.1522356, 53.2838961], [-6.1519738, 53.2839353], [-6.1517069, 53.283959], [-6.1514374, 53.2839669]]]}}, {"type": "Feature", "properties": {"MM ID": "50012", "SITE_ID": "20002", "radius_m": 50, "radius_source": "Footfall.RADIUS", "color": "#29B6E8"}, "geometry": {"type": "Polygon", "coordinates": [[[-6.2434737, 53.3497716], [-6.2433999, 53.3497694], [-6.2433269, 53.3497629], [-6.2432553, 53.3497522], [-6.2431858, 53.3497374], [-6.243119, 53.3497185], [-6.2430557, 53.3496959], [-6.2429964, 53.3496696], [-6.2429416, 53.34964], [-6.2428921, 53.3496073], [-6.2428481, 53.3495719], [-6.2428101, 53.3495341], [-6.2427785, 53.3494943], [-6.2427537, 53.3494528], [-6.2427357, 53.34941], [-6.2427249, 53.3493664], [-6.2427213, 53.3493224], [-6.2427249, 53.3492784], [-6.2427357, 53.3492348], [-6.2427537, 53.349192], [-6.2427785, 53.3491505], [-6.2428101, 53.3491107], [-6.2428481, 53.3490729], [-6.2428921, 53.3490375], [-6.2429416, 53.3490048], [-6.2429964, 53.3489752], [-6.2430557, 53.3489489], [-6.243119, 53.3489263], [-6.2431858, 53.3489074], [-6.2432553, 53.3488926], [-6.2433269, 53.3488819], [-6.2433999, 53.3488754], [-6.2434737, 53.3488732], [-6.2435475, 53.3488754], [-6.2436205, 53.3488819], [-6.2436921, 53.3488926], [-6.2437616, 53.3489074], [-6.2438284, 53.3489263], [-6.2438917, 53.3489489], [-6.243951, 53.3489752], [-6.2440058, 53.3490048], [-6.2440553, 53.3490375], [-6.2440993, 53.3490729], [-6.2441373, 53.3491107], [-6.2441689, 53.3491505], [-6.2441937, 53.349192], [-6.2442117, 53.3492348], [-6.2442225, 53.3492784], [-6.2442261, 53.3493224], [-6.2442225, 53.3493664], [-6.2442117, 53.34941], [-6.2441937, 53.3494528], [-6.2441689, 53.3494943], [-6.2441373, 53.3495341], [-6.2440993, 53.3495719], [-6.2440553, 53.3496073], [-6.2440058, 53.34964], [-6.243951, 53.3496696], [-6.2438917, 53.3496959], [-6.2438284, 53.3497185], [-6.2437616, 53.3497374], [-6.2436921, 53.3497522], [-6.2436205, 53.3497629], [-6.2435475, 53.3497694], [-6.2434737, 53.3497716]]]}}, {"type": "Feature", "properties": {"MM ID": "50013", "SITE_ID": "20003", "radius_m": 183, "radius_source": "Footfall.RADIUS", "color": "#29B6E8"}, "geometry": {"type": "Polygon", "coordinates": [[[-6.3843829, 53.4014222], [-6.3841126, 53.4014143], [-6.383845, 53.4013906], [-6.3835825, 53.4013514], [-6.3833278, 53.4012971], [-6.3830832, 53.4012281], [-6.3828511, 53.4011452], [-6.3826338, 53.4010491], [-6.3824333, 53.4009407], [-6.3822516, 53.4008212], [-6.3820904, 53.4006916], [-6.3819513, 53.4005532], [-6.3818356, 53.4004074], [-6.3817444, 53.4002555], [-6.3816787, 53.400099], [-6.381639, 53.3999394], [-6.3816257, 53.3997783], [-6.381639, 53.3996172], [-6.3816787, 53.3994576], [-6.3817444, 53.3993011], [-6.3818356, 53.3991492], [-6.3819513, 53.3990034], [-6.3820904, 53.398865], [-6.3822516, 53.3987354], [-6.3824333, 53.3986159], [-6.3826338, 53.3985075], [-6.3828511, 53.3984114], [-6.3830832, 53.3983285], [-6.3833278, 53.3982595], [-6.3835825, 53.3982052], [-6.383845, 53.398166], [-6.3841126, 53.3981423], [-6.3843829, 53.3981344], [-6.3846532, 53.3981423], [-6.3849208, 53.398166], [-6.3851833, 53.3982052], [-6.385438, 53.3982595], [-6.3856826, 53.3983285], [-6.3859147, 53.3984114], [-6.386132, 53.3985075], [-6.3863325, 53.3986159], [-6.3865142, 53.3987354], [-6.3866754, 53.398865], [-6.3868145, 53.3990034], [-6.3869302, 53.3991492], [-6.3870214, 53.3993011], [-6.3870871, 53.3994576], [-6.3871268, 53.3996172], [-6.3871401, 53.3997783], [-6.3871268, 53.3999394], [-6.3870871, 53.400099], [-6.3870214, 53.4002555], [-6.3869302, 53.4004074], [-6.3868145, 53.4005532], [-6.3866754, 53.4006916], [-6.3865142, 53.4008212], [-6.3863325, 53.4009407], [-6.386132, 53.4010491], [-6.3859147, 53.4011452], [-6.3856826, 53.4012281], [-6.385438, 53.4012971], [-6.3851833, 53.4013514], [-6.3849208, 53.4013906], [-6.3846532, 53.4014143], [-6.3843829, 53.4014222]]]}}, {"type": "Feature", "properties": {"MM ID": "50015", "SITE_ID": "20004", "radius_m": 183, "radius_source": "Footfall.RADIUS", "color": "#29B6E8"}, "geometry": {"type": "Polygon", "coordinates": [[[-6.2647356, 53.342201], [-6.2644657, 53.3421931], [-6.2641984, 53.3421694], [-6.2639363, 53.3421302], [-6.2636819, 53.3420759], [-6.2634377, 53.3420069], [-6.2632059, 53.341924], [-6.2629889, 53.3418279], [-6.2627887, 53.3417195], [-6.2626072, 53.3416], [-6.2624463, 53.3414704], [-6.2623074, 53.341332], [-6.2621918, 53.3411862], [-6.2621008, 53.3410343], [-6.2620352, 53.3408778], [-6.2619955, 53.3407182], [-6.2619822, 53.3405571], [-6.2619955, 53.340396], [-6.2620352, 53.3402364], [-6.2621008, 53.3400799], [-6.2621918, 53.339928], [-6.2623074, 53.3397822], [-6.2624463, 53.3396438], [-6.2626072, 53.3395142], [-6.2627887, 53.3393947], [-6.2629889, 53.3392863], [-6.2632059, 53.3391902], [-6.2634377, 53.3391073], [-6.2636819, 53.3390383], [-6.2639363, 53.338984], [-6.2641984, 53.3389448], [-6.2644657, 53.3389211], [-6.2647356, 53.3389132], [-6.2650055, 53.3389211], [-6.2652728, 53.3389448], [-6.2655349, 53.338984], [-6.2657893, 53.3390383], [-6.2660335, 53.3391073], [-6.2662653, 53.3391902], [-6.2664823, 53.3392863], [-6.2666825, 53.3393947], [-6.266864, 53.3395142], [-6.2670249, 53.3396438], [-6.2671638, 53.3397822], [-6.2672794, 53.339928], [-6.2673704, 53.3400799], [-6.267436, 53.3402364], [-6.2674757, 53.340396], [-6.267489, 53.3405571], [-6.2674757, 53.3407182], [-6.267436, 53.3408778], [-6.2673704, 53.3410343], [-6.2672794, 53.3411862], [-6.2671638, 53.341332], [-6.2670249, 53.3414704], [-6.266864, 53.3416], [-6.2666825, 53.3417195], [-6.2664823, 53.3418279], [-6.2662653, 53.341924], [-6.2660335, 53.3420069], [-6.2657893, 53.3420759], [-6.2655349, 53.3421302], [-6.2652728, 53.3421694], [-6.2650055, 53.3421931], [-6.2647356, 53.342201]]]}}, {"type": "Feature", "properties": {"MM ID": "50016", "SITE_ID": "20005", "radius_m": 183, "radius_source": "Footfall.RADIUS", "color": "#29B6E8"}, "geometry": {"type": "Polygon", "coordinates": [[[-8.5721075, 52.6752585], [-8.5718418, 52.6752506], [-8.5715786, 52.6752269], [-8.5713205, 52.6751877], [-8.57107, 52.6751334], [-8.5708295, 52.6750644], [-8.5706013, 52.6749815], [-8.5703876, 52.6748854], [-8.5701904, 52.674777], [-8.5700118, 52.6746575], [-8.5698533, 52.6745279], [-8.5697165, 52.6743895], [-8.5696027, 52.6742437], [-8.5695131, 52.6740918], [-8.5694485, 52.6739353], [-8.5694094, 52.6737757], [-8.5693964, 52.6736146], [-8.5694094, 52.6734535], [-8.5694485, 52.6732939], [-8.5695131, 52.6731374], [-8.5696027, 52.6729855], [-8.5697165, 52.6728397], [-8.5698533, 52.6727013], [-8.5700118, 52.6725717], [-8.5701904, 52.6724522], [-8.5703876, 52.6723438], [-8.5706013, 52.6722477], [-8.5708295, 52.6721648], [-8.57107, 52.6720958], [-8.5713205, 52.6720415], [-8.5715786, 52.6720023], [-8.5718418, 52.6719786], [-8.5721075, 52.6719707], [-8.5723732, 52.6719786], [-8.5726364, 52.6720023], [-8.5728945, 52.6720415], [-8.573145, 52.6720958], [-8.5733855, 52.6721648], [-8.5736137, 52.6722477], [-8.5738274, 52.6723438], [-8.5740246, 52.6724522], [-8.5742032, 52.6725717], [-8.5743617, 52.6727013], [-8.5744985, 52.6728397], [-8.5746123, 52.6729855], [-8.5747019, 52.6731374], [-8.5747665, 52.6732939], [-8.5748056, 52.6734535], [-8.5748186, 52.6736146], [-8.5748056, 52.6737757], [-8.5747665, 52.6739353], [-8.5747019, 52.6740918], [-8.5746123, 52.6742437], [-8.5744985, 52.6743895], [-8.5743617, 52.6745279], [-8.5742032, 52.6746575], [-8.5740246, 52.674777], [-8.5738274, 52.6748854], [-8.5736137, 52.6749815], [-8.5733855, 52.6750644], [-8.573145, 52.6751334], [-8.5728945, 52.6751877], [-8.5726364, 52.6752269], [-8.5723732, 52.6752506], [-8.5721075, 52.6752585]]]}}, {"type": "Feature", "properties": {"MM ID": "50017", "SITE_ID": "20006", "radius_m": 183, "radius_source": "Footfall.RADIUS", "color": "#29B6E8"}, "geometry": {"type": "Polygon", "coordinates": [[[-8.648485, 52.6766957], [-8.6482193, 52.6766878], [-8.6479561, 52.6766641], [-8.647698, 52.6766249], [-8.6474475, 52.6765706], [-8.6472069, 52.6765016], [-8.6469787, 52.6764187], [-8.646765, 52.6763226], [-8.6465679, 52.6762142], [-8.6463892, 52.6760947], [-8.6462307, 52.6759651], [-8.6460939, 52.6758267], [-8.6459802, 52.6756809], [-8.6458905, 52.675529], [-8.6458259, 52.6753725], [-8.6457868, 52.6752129], [-8.6457738, 52.6750518], [-8.6457868, 52.6748907], [-8.6458259, 52.6747311], [-8.6458905, 52.6745746], [-8.6459802, 52.6744227], [-8.6460939, 52.6742769], [-8.6462307, 52.6741385], [-8.6463892, 52.6740089], [-8.6465679, 52.6738894], [-8.646765, 52.673781], [-8.6469787, 52.6736849], [-8.6472069, 52.673602], [-8.6474475, 52.673533], [-8.647698, 52.6734787], [-8.6479561, 52.6734395], [-8.6482193, 52.6734158], [-8.648485, 52.6734079], [-8.6487507, 52.6734158], [-8.6490139, 52.6734395], [-8.649272, 52.6734787], [-8.6495225, 52.673533], [-8.6497631, 52.673602], [-8.6499913, 52.6736849], [-8.650205, 52.673781], [-8.6504021, 52.6738894], [-8.6505808, 52.6740089], [-8.6507393, 52.6741385], [-8.6508761, 52.6742769], [-8.6509898, 52.6744227], [-8.6510795, 52.6745746], [-8.6511441, 52.6747311], [-8.6511832, 52.6748907], [-8.6511962, 52.6750518], [-8.6511832, 52.6752129], [-8.6511441, 52.6753725], [-8.6510795, 52.675529], [-8.6509898, 52.6756809], [-8.6508761, 52.6758267], [-8.6507393, 52.6759651], [-8.6505808, 52.6760947], [-8.6504021, 52.6762142], [-8.650205, 52.6763226], [-8.6499913, 52.6764187], [-8.6497631, 52.6765016], [-8.6495225, 52.6765706], [-8.649272, 52.6766249], [-8.6490139, 52.6766641], [-8.6487507, 52.6766878], [-8.648485, 52.6766957]]]}}, {"type": "Feature", "properties": {"MM ID": "50019", "SITE_ID": "20007", "radius_m": 183, "radius_source": "Footfall.RADIUS", "color": "#29B6E8"}, "geometry": {"type": "Polygon", "coordinates": [[[-8.4900305, 51.8940272], [-8.4897694, 51.8940193], [-8.4895108, 51.8939956], [-8.4892573, 51.8939564], [-8.4890111, 51.8939021], [-8.4887748, 51.8938331], [-8.4885506, 51.8937502], [-8.4883406, 51.8936541], [-8.4881469, 51.8935457], [-8.4879714, 51.8934262], [-8.4878157, 51.8932966], [-8.4876813, 51.8931582], [-8.4875695, 51.8930124], [-8.4874814, 51.8928605], [-8.4874179, 51.892704], [-8.4873796, 51.8925444], [-8.4873667, 51.8923833], [-8.4873796, 51.8922222], [-8.4874179, 51.8920626], [-8.4874814, 51.8919061], [-8.4875695, 51.8917542], [-8.4876813, 51.8916084], [-8.4878157, 51.89147], [-8.4879714, 51.8913404], [-8.4881469, 51.8912209], [-8.4883406, 51.8911125], [-8.4885506, 51.8910164], [-8.4887748, 51.8909335], [-8.4890111, 51.8908645], [-8.4892573, 51.8908102], [-8.4895108, 51.890771], [-8.4897694, 51.8907473], [-8.4900305, 51.8907394], [-8.4902916, 51.8907473], [-8.4905502, 51.890771], [-8.4908037, 51.8908102], [-8.4910499, 51.8908645], [-8.4912862, 51.8909335], [-8.4915104, 51.8910164], [-8.4917204, 51.8911125], [-8.4919141, 51.8912209], [-8.4920896, 51.8913404], [-8.4922453, 51.89147], [-8.4923797, 51.8916084], [-8.4924915, 51.8917542], [-8.4925796, 51.8919061], [-8.4926431, 51.8920626], [-8.4926814, 51.8922222], [-8.4926943, 51.8923833], [-8.4926814, 51.8925444], [-8.4926431, 51.892704], [-8.4925796, 51.8928605], [-8.4924915, 51.8930124], [-8.4923797, 51.8931582], [-8.4922453, 51.8932966], [-8.4920896, 51.8934262], [-8.4919141, 51.8935457], [-8.4917204, 51.8936541], [-8.4915104, 51.8937502], [-8.4912862, 51.8938331], [-8.4910499, 51.8939021], [-8.4908037, 51.8939564], [-8.4905502, 51.8939956], [-8.4902916, 51.8940193], [-8.4900305, 51.8940272]]]}}, {"type": "Feature", "properties": {"MM ID": "50021", "SITE_ID": "20008", "radius_m": 183, "radius_source": "Footfall.RADIUS", "color": "#29B6E8"}, "geometry": {"type": "Polygon", "coordinates": [[[-6.2529052, 53.3443605], [-6.2526353, 53.3443526], [-6.252368, 53.3443289], [-6.2521059, 53.3442897], [-6.2518515, 53.3442354], [-6.2516072, 53.3441664], [-6.2513754, 53.3440835], [-6.2511584, 53.3439874], [-6.2509582, 53.343879], [-6.2507767, 53.3437595], [-6.2506158, 53.3436299], [-6.2504768, 53.3434915], [-6.2503613, 53.3433457], [-6.2502703, 53.3431938], [-6.2502046, 53.3430373], [-6.250165, 53.3428777], [-6.2501517, 53.3427166], [-6.250165, 53.3425555], [-6.2502046, 53.3423959], [-6.2502703, 53.3422394], [-6.2503613, 53.3420875], [-6.2504768, 53.3419417], [-6.2506158, 53.3418033], [-6.2507767, 53.3416737], [-6.2509582, 53.3415542], [-6.2511584, 53.3414458], [-6.2513754, 53.3413497], [-6.2516072, 53.3412668], [-6.2518515, 53.3411978], [-6.2521059, 53.3411435], [-6.252368, 53.3411043], [-6.2526353, 53.3410806], [-6.2529052, 53.3410727], [-6.2531751, 53.3410806], [-6.2534424, 53.3411043], [-6.2537045, 53.3411435], [-6.2539589, 53.3411978], [-6.2542032, 53.3412668], [-6.254435, 53.3413497], [-6.254652, 53.3414458], [-6.2548522, 53.3415542], [-6.2550337, 53.3416737], [-6.2551946, 53.3418033], [-6.2553336, 53.3419417], [-6.2554491, 53.3420875], [-6.2555401, 53.3422394], [-6.2556058, 53.3423959], [-6.2556454, 53.3425555], [-6.2556587, 53.3427166], [-6.2556454, 53.3428777], [-6.2556058, 53.3430373], [-6.2555401, 53.3431938], [-6.2554491, 53.3433457], [-6.2553336, 53.3434915], [-6.2551946, 53.3436299], [-6.2550337, 53.3437595], [-6.2548522, 53.343879], [-6.254652, 53.3439874], [-6.254435, 53.3440835], [-6.2542032, 53.3441664], [-6.2539589, 53.3442354], [-6.2537045, 53.3442897], [-6.2534424, 53.3443289], [-6.2531751, 53.3443526], [-6.2529052, 53.3443605]]]}}, {"type": "Feature", "properties": {"MM ID": "50022", "SITE_ID": "20009", "radius_m": 183, "radius_source": "Footfall.RADIUS", "color": "#29B6E8"}, "geometry": {"type": "Polygon", "coordinates": [[[-8.38744, 54.2645039], [-8.3871641, 54.264496], [-8.3868909, 54.2644723], [-8.386623, 54.2644331], [-8.3863629, 54.2643788], [-8.3861132, 54.2643098], [-8.3858763, 54.2642269], [-8.3856544, 54.2641308], [-8.3854498, 54.2640224], [-8.3852643, 54.2639029], [-8.3850998, 54.2637733], [-8.3849578, 54.2636349], [-8.3848397, 54.2634891], [-8.3847466, 54.2633372], [-8.3846795, 54.2631807], [-8.384639, 54.2630211], [-8.3846254, 54.26286], [-8.384639, 54.2626989], [-8.3846795, 54.2625393], [-8.3847466, 54.2623828], [-8.3848397, 54.2622309], [-8.3849578, 54.2620851], [-8.3850998, 54.2619467], [-8.3852643, 54.2618171], [-8.3854498, 54.2616976], [-8.3856544, 54.2615892], [-8.3858763, 54.2614931], [-8.3861132, 54.2614102], [-8.3863629, 54.2613412], [-8.386623, 54.2612869], [-8.3868909, 54.2612477], [-8.3871641, 54.261224], [-8.38744, 54.2612161], [-8.3877159, 54.261224], [-8.3879891, 54.2612477], [-8.388257, 54.2612869], [-8.3885171, 54.2613412], [-8.3887668, 54.2614102], [-8.3890037, 54.2614931], [-8.3892256, 54.2615892], [-8.3894302, 54.2616976], [-8.3896157, 54.2618171], [-8.3897802, 54.2619467], [-8.3899222, 54.2620851], [-8.3900403, 54.2622309], [-8.3901334, 54.2623828], [-8.3902005, 54.2625393], [-8.390241, 54.2626989], [-8.3902546, 54.26286], [-8.390241, 54.2630211], [-8.3902005, 54.2631807], [-8.3901334, 54.2633372], [-8.3900403, 54.2634891], [-8.3899222, 54.2636349], [-8.3897802, 54.2637733], [-8.3896157, 54.2639029], [-8.3894302, 54.2640224], [-8.3892256, 54.2641308], [-8.3890037, 54.2642269], [-8.3887668, 54.2643098], [-8.3885171, 54.2643788], [-8.388257, 54.2644331], [-8.3879891, 54.2644723], [-8.3877159, 54.264496], [-8.38744, 54.2645039]]]}}, {"type": "Feature", "properties": {"MM ID": "50061", "SITE_ID": "20010", "radius_m": 183, "radius_source": "Footfall.RADIUS", "color": "#29B6E8"}, "geometry": {"type": "Polygon", "coordinates": [[[-6.2214297, 53.340117], [-6.2211598, 53.3401091], [-6.2208926, 53.3400854], [-6.2206305, 53.3400462], [-6.2203761, 53.3399919], [-6.2201318, 53.3399229], [-6.2199001, 53.33984], [-6.2196831, 53.3397439], [-6.2194829, 53.3396355], [-6.2193014, 53.339516], [-6.2191405, 53.3393864], [-6.2190016, 53.339248], [-6.2188861, 53.3391022], [-6.218795, 53.3389503], [-6.2187294, 53.3387938], [-6.2186897, 53.3386342], [-6.2186765, 53.3384731], [-6.2186897, 53.338312], [-6.2187294, 53.3381524], [-6.218795, 53.3379959], [-6.2188861, 53.337844], [-6.2190016, 53.3376982], [-6.2191405, 53.3375598], [-6.2193014, 53.3374302], [-6.2194829, 53.3373107], [-6.2196831, 53.3372023], [-6.2199001, 53.3371062], [-6.2201318, 53.3370233], [-6.2203761, 53.3369543], [-6.2206305, 53.3369], [-6.2208926, 53.3368608], [-6.2211598, 53.3368371], [-6.2214297, 53.3368292], [-6.2216996, 53.3368371], [-6.2219668, 53.3368608], [-6.2222289, 53.3369], [-6.2224833, 53.3369543], [-6.2227276, 53.3370233], [-6.2229593, 53.3371062], [-6.2231763, 53.3372023], [-6.2233765, 53.3373107], [-6.223558, 53.3374302], [-6.2237189, 53.3375598], [-6.2238578, 53.3376982], [-6.2239733, 53.337844], [-6.2240644, 53.3379959], [-6.22413, 53.3381524], [-6.2241697, 53.338312], [-6.2241829, 53.3384731], [-6.2241697, 53.3386342], [-6.22413, 53.3387938], [-6.2240644, 53.3389503], [-6.2239733, 53.3391022], [-6.2238578, 53.339248], [-6.2237189, 53.3393864], [-6.223558, 53.339516], [-6.2233765, 53.3396355], [-6.2231763, 53.3397439], [-6.2229593, 53.33984], [-6.2227276, 53.3399229], [-6.2224833, 53.3399919], [-6.2222289, 53.3400462], [-6.2219668, 53.3400854], [-6.2216996, 53.3401091], [-6.2214297, 53.340117]]]}}, {"type": "Feature", "properties": {"MM ID": "50063", "SITE_ID": "20011", "radius_m": 183, "radius_source": "Footfall.RADIUS", "color": "#29B6E8"}, "geometry": {"type": "Polygon", "coordinates": [[[-8.4652414, 54.2785626], [-8.4649654, 54.2785547], [-8.4646921, 54.278531], [-8.4644241, 54.2784918], [-8.4641639, 54.2784375], [-8.4639142, 54.2783685], [-8.4636772, 54.2782856], [-8.4634552, 54.2781895], [-8.4632505, 54.2780811], [-8.463065, 54.2779616], [-8.4629004, 54.277832], [-8.4627583, 54.2776936], [-8.4626402, 54.2775478], [-8.4625471, 54.2773959], [-8.46248, 54.2772394], [-8.4624394, 54.2770798], [-8.4624259, 54.2769187], [-8.4624394, 54.2767576], [-8.46248, 54.276598], [-8.4625471, 54.2764415], [-8.4626402, 54.2762896], [-8.4627583, 54.2761438], [-8.4629004, 54.2760054], [-8.463065, 54.2758758], [-8.4632505, 54.2757563], [-8.4634552, 54.2756479], [-8.4636772, 54.2755518], [-8.4639142, 54.2754689], [-8.4641639, 54.2753999], [-8.4644241, 54.2753456], [-8.4646921, 54.2753064], [-8.4649654, 54.2752827], [-8.4652414, 54.2752748], [-8.4655174, 54.2752827], [-8.4657907, 54.2753064], [-8.4660587, 54.2753456], [-8.4663189, 54.2753999], [-8.4665686, 54.2754689], [-8.4668056, 54.2755518], [-8.4670276, 54.2756479], [-8.4672323, 54.2757563], [-8.4674178, 54.2758758], [-8.4675824, 54.2760054], [-8.4677245, 54.2761438], [-8.4678426, 54.2762896], [-8.4679357, 54.2764415], [-8.4680028, 54.276598], [-8.4680434, 54.2767576], [-8.4680569, 54.2769187], [-8.4680434, 54.2770798], [-8.4680028, 54.2772394], [-8.4679357, 54.2773959], [-8.4678426, 54.2775478], [-8.4677245, 54.2776936], [-8.4675824, 54.277832], [-8.4674178, 54.2779616], [-8.4672323, 54.2780811], [-8.4670276, 54.2781895], [-8.4668056, 54.2782856], [-8.4665686, 54.2783685], [-8.4663189, 54.2784375], [-8.4660587, 54.2784918], [-8.4657907, 54.278531], [-8.4655174, 54.2785547], [-8.4652414, 54.2785626]]]}}, {"type": "Feature", "properties": {"MM ID": "50073", "SITE_ID": "20012", "radius_m": 183, "radius_source": "Footfall.RADIUS", "color": "#29B6E8"}, "geometry": {"type": "Polygon", "coordinates": [[[-6.2552091, 53.3732189], [-6.254939, 53.373211], [-6.2546716, 53.3731873], [-6.2544093, 53.3731481], [-6.2541547, 53.3730938], [-6.2539102, 53.3730248], [-6.2536783, 53.3729419], [-6.2534611, 53.3728458], [-6.2532608, 53.3727374], [-6.2530792, 53.3726179], [-6.2529181, 53.3724883], [-6.2527791, 53.3723499], [-6.2526635, 53.3722041], [-6.2525724, 53.3720522], [-6.2525067, 53.3718957], [-6.252467, 53.3717361], [-6.2524537, 53.371575], [-6.252467, 53.3714139], [-6.2525067, 53.3712543], [-6.2525724, 53.3710978], [-6.2526635, 53.3709459], [-6.2527791, 53.3708001], [-6.2529181, 53.3706617], [-6.2530792, 53.3705321], [-6.2532608, 53.3704126], [-6.2534611, 53.3703042], [-6.2536783, 53.3702081], [-6.2539102, 53.3701252], [-6.2541547, 53.3700562], [-6.2544093, 53.3700019], [-6.2546716, 53.3699627], [-6.254939, 53.369939], [-6.2552091, 53.3699311], [-6.2554792, 53.369939], [-6.2557466, 53.3699627], [-6.2560089, 53.3700019], [-6.2562635, 53.3700562], [-6.256508, 53.3701252], [-6.2567399, 53.3702081], [-6.2569571, 53.3703042], [-6.2571574, 53.3704126], [-6.257339, 53.3705321], [-6.2575001, 53.3706617], [-6.2576391, 53.3708001], [-6.2577547, 53.3709459], [-6.2578458, 53.3710978], [-6.2579115, 53.3712543], [-6.2579512, 53.3714139], [-6.2579645, 53.371575], [-6.2579512, 53.3717361], [-6.2579115, 53.3718957], [-6.2578458, 53.3720522], [-6.2577547, 53.3722041], [-6.2576391, 53.3723499], [-6.2575001, 53.3724883], [-6.257339, 53.3726179], [-6.2571574, 53.3727374], [-6.2569571, 53.3728458], [-6.2567399, 53.3729419], [-6.256508, 53.3730248], [-6.2562635, 53.3730938], [-6.2560089, 53.3731481], [-6.2557466, 53.3731873], [-6.2554792, 53.373211], [-6.2552091, 53.3732189]]]}}, {"type": "Feature", "properties": {"MM ID": "50074", "SITE_ID": "20013", "radius_m": 183, "radius_source": "Footfall.RADIUS", "color": "#29B6E8"}, "geometry": {"type": "Polygon", "coordinates": [[[-6.2214297, 53.340117], [-6.2211598, 53.3401091], [-6.2208926, 53.3400854], [-6.2206305, 53.3400462], [-6.2203761, 53.3399919], [-6.2201318, 53.3399229], [-6.2199001, 53.33984], [-6.2196831, 53.3397439], [-6.2194829, 53.3396355], [-6.2193014, 53.339516], [-6.2191405, 53.3393864], [-6.2190016, 53.339248], [-6.2188861, 53.3391022], [-6.218795, 53.3389503], [-6.2187294, 53.3387938], [-6.2186897, 53.3386342], [-6.2186765, 53.3384731], [-6.2186897, 53.338312], [-6.2187294, 53.3381524], [-6.218795, 53.3379959], [-6.2188861, 53.337844], [-6.2190016, 53.3376982], [-6.2191405, 53.3375598], [-6.2193014, 53.3374302], [-6.2194829, 53.3373107], [-6.2196831, 53.3372023], [-6.2199001, 53.3371062], [-6.2201318, 53.3370233], [-6.2203761, 53.3369543], [-6.2206305, 53.3369], [-6.2208926, 53.3368608], [-6.2211598, 53.3368371], [-6.2214297, 53.3368292], [-6.2216996, 53.3368371], [-6.2219668, 53.3368608], [-6.2222289, 53.3369], [-6.2224833, 53.3369543], [-6.2227276, 53.3370233], [-6.2229593, 53.3371062], [-6.2231763, 53.3372023], [-6.2233765, 53.3373107], [-6.223558, 53.3374302], [-6.2237189, 53.3375598], [-6.2238578, 53.3376982], [-6.2239733, 53.337844], [-6.2240644, 53.3379959], [-6.22413, 53.3381524], [-6.2241697, 53.338312], [-6.2241829, 53.3384731], [-6.2241697, 53.3386342], [-6.22413, 53.3387938], [-6.2240644, 53.3389503], [-6.2239733, 53.3391022], [-6.2238578, 53.339248], [-6.2237189, 53.3393864], [-6.223558, 53.339516], [-6.2233765, 53.3396355], [-6.2231763, 53.3397439], [-6.2229593, 53.33984], [-6.2227276, 53.3399229], [-6.2224833, 53.3399919], [-6.2222289, 53.3400462], [-6.2219668, 53.3400854], [-6.2216996, 53.3401091], [-6.2214297, 53.340117]]]}}, {"type": "Feature", "properties": {"MM ID": "50077", "SITE_ID": "20014", "radius_m": 183, "radius_source": "Footfall.RADIUS", "color": "#29B6E8"}, "geometry": {"type": "Polygon", "coordinates": [[[-6.1514374, 53.2839669], [-6.1511679, 53.283959], [-6.150901, 53.2839353], [-6.1506392, 53.2838961], [-6.1503852, 53.2838418], [-6.1501412, 53.2837728], [-6.1499098, 53.2836899], [-6.1496931, 53.2835938], [-6.1494931, 53.2834854], [-6.1493119, 53.2833659], [-6.1491512, 53.2832363], [-6.1490125, 53.2830979], [-6.1488971, 53.2829521], [-6.1488062, 53.2828002], [-6.1487406, 53.2826437], [-6.148701, 53.2824841], [-6.1486878, 53.282323], [-6.148701, 53.2821619], [-6.1487406, 53.2820023], [-6.1488062, 53.2818458], [-6.1488971, 53.2816939], [-6.1490125, 53.2815481], [-6.1491512, 53.2814097], [-6.1493119, 53.2812801], [-6.1494931, 53.2811606], [-6.1496931, 53.2810522], [-6.1499098, 53.2809561], [-6.1501412, 53.2808732], [-6.1503852, 53.2808042], [-6.1506392, 53.2807499], [-6.150901, 53.2807107], [-6.1511679, 53.280687], [-6.1514374, 53.2806791], [-6.1517069, 53.280687], [-6.1519738, 53.2807107], [-6.1522356, 53.2807499], [-6.1524896, 53.2808042], [-6.1527336, 53.2808732], [-6.152965, 53.2809561], [-6.1531817, 53.2810522], [-6.1533817, 53.2811606], [-6.1535629, 53.2812801], [-6.1537236, 53.2814097], [-6.1538623, 53.2815481], [-6.1539777, 53.2816939], [-6.1540686, 53.2818458], [-6.1541342, 53.2820023], [-6.1541738, 53.2821619], [-6.154187, 53.282323], [-6.1541738, 53.2824841], [-6.1541342, 53.2826437], [-6.1540686, 53.2828002], [-6.1539777, 53.2829521], [-6.1538623, 53.2830979], [-6.1537236, 53.2832363], [-6.1535629, 53.2833659], [-6.1533817, 53.2834854], [-6.1531817, 53.2835938], [-6.152965, 53.2836899], [-6.1527336, 53.2837728], [-6.1524896, 53.2838418], [-6.1522356, 53.2838961], [-6.1519738, 53.2839353], [-6.1517069, 53.283959], [-6.1514374, 53.2839669]]]}}, {"type": "Feature", "properties": {"MM ID": "50087", "SITE_ID": "20015", "radius_m": 183, "radius_source": "Footfall.RADIUS", "color": "#29B6E8"}, "geometry": {"type": "Polygon", "coordinates": [[[-6.2506596, 53.3447818], [-6.2503897, 53.3447739], [-6.2501224, 53.3447502], [-6.2498603, 53.344711], [-6.2496059, 53.3446567], [-6.2493616, 53.3445877], [-6.2491298, 53.3445048], [-6.2489128, 53.3444087], [-6.2487126, 53.3443003], [-6.2485311, 53.3441808], [-6.2483701, 53.3440512], [-6.2482312, 53.3439128], [-6.2481157, 53.343767], [-6.2480246, 53.3436151], [-6.247959, 53.3434586], [-6.2479193, 53.343299], [-6.2479061, 53.3431379], [-6.2479193, 53.3429768], [-6.247959, 53.3428172], [-6.2480246, 53.3426607], [-6.2481157, 53.3425088], [-6.2482312, 53.342363], [-6.2483701, 53.3422246], [-6.2485311, 53.342095], [-6.2487126, 53.3419755], [-6.2489128, 53.3418671], [-6.2491298, 53.341771], [-6.2493616, 53.3416881], [-6.2496059, 53.3416191], [-6.2498603, 53.3415648], [-6.2501224, 53.3415256], [-6.2503897, 53.3415019], [-6.2506596, 53.341494], [-6.2509295, 53.3415019], [-6.2511968, 53.3415256], [-6.2514589, 53.3415648], [-6.2517133, 53.3416191], [-6.2519576, 53.3416881], [-6.2521894, 53.341771], [-6.2524064, 53.3418671], [-6.2526066, 53.3419755], [-6.2527881, 53.342095], [-6.2529491, 53.3422246], [-6.253088, 53.342363], [-6.2532035, 53.3425088], [-6.2532946, 53.3426607], [-6.2533602, 53.3428172], [-6.2533999, 53.3429768], [-6.2534131, 53.3431379], [-6.2533999, 53.343299], [-6.2533602, 53.3434586], [-6.2532946, 53.3436151], [-6.2532035, 53.343767], [-6.253088, 53.3439128], [-6.2529491, 53.3440512], [-6.2527881, 53.3441808], [-6.2526066, 53.3443003], [-6.2524064, 53.3444087], [-6.2521894, 53.3445048], [-6.2519576, 53.3445877], [-6.2517133, 53.3446567], [-6.2514589, 53.344711], [-6.2511968, 53.3447502], [-6.2509295, 53.3447739], [-6.2506596, 53.3447818]]]}}, {"type": "Feature", "properties": {"MM ID": "50146", "SITE_ID": "20016", "radius_m": 183, "radius_source": "Footfall.RADIUS", "color": "#29B6E8"}, "geometry": {"type": "Polygon", "coordinates": [[[-6.2651986, 53.3870298], [-6.2649284, 53.3870219], [-6.2646609, 53.3869982], [-6.2643985, 53.386959], [-6.2641438, 53.3869047], [-6.2638993, 53.3868357], [-6.2636673, 53.3867528], [-6.2634501, 53.3866567], [-6.2632496, 53.3865483], [-6.263068, 53.3864288], [-6.2629069, 53.3862992], [-6.2627678, 53.3861608], [-6.2626522, 53.386015], [-6.262561, 53.3858631], [-6.2624953, 53.3857066], [-6.2624556, 53.385547], [-6.2624423, 53.3853859], [-6.2624556, 53.3852248], [-6.2624953, 53.3850652], [-6.262561, 53.3849087], [-6.2626522, 53.3847568], [-6.2627678, 53.384611], [-6.2629069, 53.3844726], [-6.263068, 53.384343], [-6.2632496, 53.3842235], [-6.2634501, 53.3841151], [-6.2636673, 53.384019], [-6.2638993, 53.3839361], [-6.2641438, 53.3838671], [-6.2643985, 53.3838128], [-6.2646609, 53.3837736], [-6.2649284, 53.3837499], [-6.2651986, 53.383742], [-6.2654688, 53.3837499], [-6.2657363, 53.3837736], [-6.2659987, 53.3838128], [-6.2662534, 53.3838671], [-6.2664979, 53.3839361], [-6.2667299, 53.384019], [-6.2669471, 53.3841151], [-6.2671476, 53.3842235], [-6.2673292, 53.384343], [-6.2674903, 53.3844726], [-6.2676294, 53.384611], [-6.267745, 53.3847568], [-6.2678362, 53.3849087], [-6.2679019, 53.3850652], [-6.2679416, 53.3852248], [-6.2679549, 53.3853859], [-6.2679416, 53.385547], [-6.2679019, 53.3857066], [-6.2678362, 53.3858631], [-6.267745, 53.386015], [-6.2676294, 53.3861608], [-6.2674903, 53.3862992], [-6.2673292, 53.3864288], [-6.2671476, 53.3865483], [-6.2669471, 53.3866567], [-6.2667299, 53.3867528], [-6.2664979, 53.3868357], [-6.2662534, 53.3869047], [-6.2659987, 53.386959], [-6.2657363, 53.3869982], [-6.2654688, 53.3870219], [-6.2651986, 53.3870298]]]}}, {"type": "Feature", "properties": {"MM ID": "50147", "SITE_ID": "20017", "radius_m": 183, "radius_source": "Footfall.RADIUS", "color": "#29B6E8"}, "geometry": {"type": "Polygon", "coordinates": [[[-6.2651986, 53.3870298], [-6.2649284, 53.3870219], [-6.2646609, 53.3869982], [-6.2643985, 53.386959], [-6.2641438, 53.3869047], [-6.2638993, 53.3868357], [-6.2636673, 53.3867528], [-6.2634501, 53.3866567], [-6.2632496, 53.3865483], [-6.263068, 53.3864288], [-6.2629069, 53.3862992], [-6.2627678, 53.3861608], [-6.2626522, 53.386015], [-6.262561, 53.3858631], [-6.2624953, 53.3857066], [-6.2624556, 53.385547], [-6.2624423, 53.3853859], [-6.2624556, 53.3852248], [-6.2624953, 53.3850652], [-6.262561, 53.3849087], [-6.2626522, 53.3847568], [-6.2627678, 53.384611], [-6.2629069, 53.3844726], [-6.263068, 53.384343], [-6.2632496, 53.3842235], [-6.2634501, 53.3841151], [-6.2636673, 53.384019], [-6.2638993, 53.3839361], [-6.2641438, 53.3838671], [-6.2643985, 53.3838128], [-6.2646609, 53.3837736], [-6.2649284, 53.3837499], [-6.2651986, 53.383742], [-6.2654688, 53.3837499], [-6.2657363, 53.3837736], [-6.2659987, 53.3838128], [-6.2662534, 53.3838671], [-6.2664979, 53.3839361], [-6.2667299, 53.384019], [-6.2669471, 53.3841151], [-6.2671476, 53.3842235], [-6.2673292, 53.384343], [-6.2674903, 53.3844726], [-6.2676294, 53.384611], [-6.267745, 53.3847568], [-6.2678362, 53.3849087], [-6.2679019, 53.3850652], [-6.2679416, 53.3852248], [-6.2679549, 53.3853859], [-6.2679416, 53.385547], [-6.2679019, 53.3857066], [-6.2678362, 53.3858631], [-6.267745, 53.386015], [-6.2676294, 53.3861608], [-6.2674903, 53.3862992], [-6.2673292, 53.3864288], [-6.2671476, 53.3865483], [-6.2669471, 53.3866567], [-6.2667299, 53.3867528], [-6.2664979, 53.3868357], [-6.2662534, 53.3869047], [-6.2659987, 53.386959], [-6.2657363, 53.3869982], [-6.2654688, 53.3870219], [-6.2651986, 53.3870298]]]}}, {"type": "Feature", "properties": {"MM ID": "50148", "SITE_ID": "20018", "radius_m": 183, "radius_source": "Footfall.RADIUS", "color": "#29B6E8"}, "geometry": {"type": "Polygon", "coordinates": [[[-6.2545716, 53.3454374], [-6.2543017, 53.3454295], [-6.2540344, 53.3454058], [-6.2537723, 53.3453666], [-6.2535179, 53.3453123], [-6.2532736, 53.3452433], [-6.2530418, 53.3451604], [-6.2528248, 53.3450643], [-6.2526245, 53.3449559], [-6.2524431, 53.3448364], [-6.2522821, 53.3447068], [-6.2521432, 53.3445684], [-6.2520276, 53.3444226], [-6.2519366, 53.3442707], [-6.2518709, 53.3441142], [-6.2518313, 53.3439546], [-6.251818, 53.3437935], [-6.2518313, 53.3436324], [-6.2518709, 53.3434728], [-6.2519366, 53.3433163], [-6.2520276, 53.3431644], [-6.2521432, 53.3430186], [-6.2522821, 53.3428802], [-6.2524431, 53.3427506], [-6.2526245, 53.3426311], [-6.2528248, 53.3425227], [-6.2530418, 53.3424266], [-6.2532736, 53.3423437], [-6.2535179, 53.3422747], [-6.2537723, 53.3422204], [-6.2540344, 53.3421812], [-6.2543017, 53.3421575], [-6.2545716, 53.3421496], [-6.2548415, 53.3421575], [-6.2551088, 53.3421812], [-6.2553709, 53.3422204], [-6.2556253, 53.3422747], [-6.2558696, 53.3423437], [-6.2561014, 53.3424266], [-6.2563184, 53.3425227], [-6.2565187, 53.3426311], [-6.2567001, 53.3427506], [-6.2568611, 53.3428802], [-6.257, 53.3430186], [-6.2571156, 53.3431644], [-6.2572066, 53.3433163], [-6.2572723, 53.3434728], [-6.2573119, 53.3436324], [-6.2573252, 53.3437935], [-6.2573119, 53.3439546], [-6.2572723, 53.3441142], [-6.2572066, 53.3442707], [-6.2571156, 53.3444226], [-6.257, 53.3445684], [-6.2568611, 53.3447068], [-6.2567001, 53.3448364], [-6.2565187, 53.3449559], [-6.2563184, 53.3450643], [-6.2561014, 53.3451604], [-6.2558696, 53.3452433], [-6.2556253, 53.3453123], [-6.2553709, 53.3453666], [-6.2551088, 53.3454058], [-6.2548415, 53.3454295], [-6.2545716, 53.3454374]]]}}, {"type": "Feature", "properties": {"MM ID": "50149", "SITE_ID": "20019", "radius_m": 183, "radius_source": "Footfall.RADIUS", "color": "#29B6E8"}, "geometry": {"type": "Polygon", "coordinates": [[[-8.5724372, 52.675232], [-8.5721715, 52.6752241], [-8.5719083, 52.6752004], [-8.5716502, 52.6751612], [-8.5713997, 52.6751069], [-8.5711592, 52.6750379], [-8.570931, 52.674955], [-8.5707173, 52.6748589], [-8.5705201, 52.6747505], [-8.5703415, 52.674631], [-8.570183, 52.6745014], [-8.5700462, 52.674363], [-8.5699324, 52.6742172], [-8.5698428, 52.6740653], [-8.5697782, 52.6739088], [-8.5697391, 52.6737492], [-8.5697261, 52.6735881], [-8.5697391, 52.673427], [-8.5697782, 52.6732674], [-8.5698428, 52.6731109], [-8.5699324, 52.672959], [-8.5700462, 52.6728132], [-8.570183, 52.6726748], [-8.5703415, 52.6725452], [-8.5705201, 52.6724257], [-8.5707173, 52.6723173], [-8.570931, 52.6722212], [-8.5711592, 52.6721383], [-8.5713997, 52.6720693], [-8.5716502, 52.672015], [-8.5719083, 52.6719758], [-8.5721715, 52.6719521], [-8.5724372, 52.6719442], [-8.5727029, 52.6719521], [-8.5729661, 52.6719758], [-8.5732242, 52.672015], [-8.5734747, 52.6720693], [-8.5737152, 52.6721383], [-8.5739434, 52.6722212], [-8.5741571, 52.6723173], [-8.5743543, 52.6724257], [-8.5745329, 52.6725452], [-8.5746914, 52.6726748], [-8.5748282, 52.6728132], [-8.574942, 52.672959], [-8.5750316, 52.6731109], [-8.5750962, 52.6732674], [-8.5751353, 52.673427], [-8.5751483, 52.6735881], [-8.5751353, 52.6737492], [-8.5750962, 52.6739088], [-8.5750316, 52.6740653], [-8.574942, 52.6742172], [-8.5748282, 52.674363], [-8.5746914, 52.6745014], [-8.5745329, 52.674631], [-8.5743543, 52.6747505], [-8.5741571, 52.6748589], [-8.5739434, 52.674955], [-8.5737152, 52.6750379], [-8.5734747, 52.6751069], [-8.5732242, 52.6751612], [-8.5729661, 52.6752004], [-8.5727029, 52.6752241], [-8.5724372, 52.675232]]]}}, {"type": "Feature", "properties": {"MM ID": "50150", "SITE_ID": "20020", "radius_m": 183, "radius_source": "Footfall.RADIUS", "color": "#29B6E8"}, "geometry": {"type": "Polygon", "coordinates": [[[-6.2768082, 53.3386785], [-6.2765383, 53.3386706], [-6.2762711, 53.3386469], [-6.276009, 53.3386077], [-6.2757546, 53.3385534], [-6.2755104, 53.3384844], [-6.2752786, 53.3384015], [-6.2750616, 53.3383054], [-6.2748614, 53.338197], [-6.27468, 53.3380775], [-6.2745191, 53.3379479], [-6.2743802, 53.3378095], [-6.2742646, 53.3376637], [-6.2741736, 53.3375118], [-6.274108, 53.3373553], [-6.2740683, 53.3371957], [-6.2740551, 53.3370346], [-6.2740683, 53.3368735], [-6.274108, 53.3367139], [-6.2741736, 53.3365574], [-6.2742646, 53.3364055], [-6.2743802, 53.3362597], [-6.2745191, 53.3361213], [-6.27468, 53.3359917], [-6.2748614, 53.3358722], [-6.2750616, 53.3357638], [-6.2752786, 53.3356677], [-6.2755104, 53.3355848], [-6.2757546, 53.3355158], [-6.276009, 53.3354615], [-6.2762711, 53.3354223], [-6.2765383, 53.3353986], [-6.2768082, 53.3353907], [-6.2770781, 53.3353986], [-6.2773453, 53.3354223], [-6.2776074, 53.3354615], [-6.2778618, 53.3355158], [-6.278106, 53.3355848], [-6.2783378, 53.3356677], [-6.2785548, 53.3357638], [-6.278755, 53.3358722], [-6.2789364, 53.3359917], [-6.2790973, 53.3361213], [-6.2792362, 53.3362597], [-6.2793518, 53.3364055], [-6.2794428, 53.3365574], [-6.2795084, 53.3367139], [-6.2795481, 53.3368735], [-6.2795613, 53.3370346], [-6.2795481, 53.3371957], [-6.2795084, 53.3373553], [-6.2794428, 53.3375118], [-6.2793518, 53.3376637], [-6.2792362, 53.3378095], [-6.2790973, 53.3379479], [-6.2789364, 53.3380775], [-6.278755, 53.338197], [-6.2785548, 53.3383054], [-6.2783378, 53.3384015], [-6.278106, 53.3384844], [-6.2778618, 53.3385534], [-6.2776074, 53.3386077], [-6.2773453, 53.3386469], [-6.2770781, 53.3386706], [-6.2768082, 53.3386785]]]}}, {"type": "Feature", "properties": {"MM ID": "50154", "SITE_ID": "20021", "radius_m": 183, "radius_source": "Footfall.RADIUS", "color": "#29B6E8"}, "geometry": {"type": "Polygon", "coordinates": [[[-6.279568, 53.3530639], [-6.2792981, 53.353056], [-6.2790307, 53.3530323], [-6.2787685, 53.3529931], [-6.2785141, 53.3529388], [-6.2782697, 53.3528698], [-6.2780379, 53.3527869], [-6.2778208, 53.3526908], [-6.2776206, 53.3525824], [-6.2774391, 53.3524629], [-6.2772781, 53.3523333], [-6.2771391, 53.3521949], [-6.2770236, 53.3520491], [-6.2769325, 53.3518972], [-6.2768669, 53.3517407], [-6.2768272, 53.3515811], [-6.2768139, 53.35142], [-6.2768272, 53.3512589], [-6.2768669, 53.3510993], [-6.2769325, 53.3509428], [-6.2770236, 53.3507909], [-6.2771391, 53.3506451], [-6.2772781, 53.3505067], [-6.2774391, 53.3503771], [-6.2776206, 53.3502576], [-6.2778208, 53.3501492], [-6.2780379, 53.3500531], [-6.2782697, 53.3499702], [-6.2785141, 53.3499012], [-6.2787685, 53.3498469], [-6.2790307, 53.3498077], [-6.2792981, 53.349784], [-6.279568, 53.3497761], [-6.2798379, 53.349784], [-6.2801053, 53.3498077], [-6.2803675, 53.3498469], [-6.2806219, 53.3499012], [-6.2808663, 53.3499702], [-6.2810981, 53.3500531], [-6.2813152, 53.3501492], [-6.2815154, 53.3502576], [-6.2816969, 53.3503771], [-6.2818579, 53.3505067], [-6.2819969, 53.3506451], [-6.2821124, 53.3507909], [-6.2822035, 53.3509428], [-6.2822691, 53.3510993], [-6.2823088, 53.3512589], [-6.2823221, 53.35142], [-6.2823088, 53.3515811], [-6.2822691, 53.3517407], [-6.2822035, 53.3518972], [-6.2821124, 53.3520491], [-6.2819969, 53.3521949], [-6.2818579, 53.3523333], [-6.2816969, 53.3524629], [-6.2815154, 53.3525824], [-6.2813152, 53.3526908], [-6.2810981, 53.3527869], [-6.2808663, 53.3528698], [-6.2806219, 53.3529388], [-6.2803675, 53.3529931], [-6.2801053, 53.3530323], [-6.2798379, 53.353056], [-6.279568, 53.3530639]]]}}, {"type": "Feature", "properties": {"MM ID": "50155", "SITE_ID": "20022", "radius_m": 183, "radius_source": "Footfall.RADIUS", "color": "#29B6E8"}, "geometry": {"type": "Polygon", "coordinates": [[[-6.2565186, 53.3556555], [-6.2562486, 53.3556476], [-6.2559813, 53.3556239], [-6.2557191, 53.3555847], [-6.2554646, 53.3555304], [-6.2552203, 53.3554614], [-6.2549884, 53.3553785], [-6.2547713, 53.3552824], [-6.2545711, 53.355174], [-6.2543896, 53.3550545], [-6.2542285, 53.3549249], [-6.2540896, 53.3547865], [-6.253974, 53.3546407], [-6.253883, 53.3544888], [-6.2538173, 53.3543323], [-6.2537776, 53.3541727], [-6.2537644, 53.3540116], [-6.2537776, 53.3538505], [-6.2538173, 53.3536909], [-6.253883, 53.3535344], [-6.253974, 53.3533825], [-6.2540896, 53.3532367], [-6.2542285, 53.3530983], [-6.2543896, 53.3529687], [-6.2545711, 53.3528492], [-6.2547713, 53.3527408], [-6.2549884, 53.3526447], [-6.2552203, 53.3525618], [-6.2554646, 53.3524928], [-6.2557191, 53.3524385], [-6.2559813, 53.3523993], [-6.2562486, 53.3523756], [-6.2565186, 53.3523677], [-6.2567886, 53.3523756], [-6.2570559, 53.3523993], [-6.2573181, 53.3524385], [-6.2575726, 53.3524928], [-6.2578169, 53.3525618], [-6.2580488, 53.3526447], [-6.2582659, 53.3527408], [-6.2584661, 53.3528492], [-6.2586476, 53.3529687], [-6.2588087, 53.3530983], [-6.2589476, 53.3532367], [-6.2590632, 53.3533825], [-6.2591542, 53.3535344], [-6.2592199, 53.3536909], [-6.2592596, 53.3538505], [-6.2592728, 53.3540116], [-6.2592596, 53.3541727], [-6.2592199, 53.3543323], [-6.2591542, 53.3544888], [-6.2590632, 53.3546407], [-6.2589476, 53.3547865], [-6.2588087, 53.3549249], [-6.2586476, 53.3550545], [-6.2584661, 53.355174], [-6.2582659, 53.3552824], [-6.2580488, 53.3553785], [-6.2578169, 53.3554614], [-6.2575726, 53.3555304], [-6.2573181, 53.3555847], [-6.2570559, 53.3556239], [-6.2567886, 53.3556476], [-6.2565186, 53.3556555]]]}}, {"type": "Feature", "properties": {"MM ID": "50156", "SITE_ID": "20023", "radius_m": 183, "radius_source": "Footfall.RADIUS", "color": "#29B6E8"}, "geometry": {"type": "Polygon", "coordinates": [[[-6.2731447, 53.3566211], [-6.2728747, 53.3566132], [-6.2726074, 53.3565895], [-6.2723452, 53.3565503], [-6.2720907, 53.356496], [-6.2718463, 53.356427], [-6.2716145, 53.3563441], [-6.2713974, 53.356248], [-6.2711971, 53.3561396], [-6.2710156, 53.3560201], [-6.2708546, 53.3558905], [-6.2707156, 53.3557521], [-6.2706001, 53.3556063], [-6.270509, 53.3554544], [-6.2704433, 53.3552979], [-6.2704037, 53.3551383], [-6.2703904, 53.3549772], [-6.2704037, 53.3548161], [-6.2704433, 53.3546565], [-6.270509, 53.3545], [-6.2706001, 53.3543481], [-6.2707156, 53.3542023], [-6.2708546, 53.3540639], [-6.2710156, 53.3539343], [-6.2711971, 53.3538148], [-6.2713974, 53.3537064], [-6.2716145, 53.3536103], [-6.2718463, 53.3535274], [-6.2720907, 53.3534584], [-6.2723452, 53.3534041], [-6.2726074, 53.3533649], [-6.2728747, 53.3533412], [-6.2731447, 53.3533333], [-6.2734147, 53.3533412], [-6.273682, 53.3533649], [-6.2739442, 53.3534041], [-6.2741987, 53.3534584], [-6.2744431, 53.3535274], [-6.2746749, 53.3536103], [-6.274892, 53.3537064], [-6.2750923, 53.3538148], [-6.2752738, 53.3539343], [-6.2754348, 53.3540639], [-6.2755738, 53.3542023], [-6.2756893, 53.3543481], [-6.2757804, 53.3545], [-6.2758461, 53.3546565], [-6.2758857, 53.3548161], [-6.275899, 53.3549772], [-6.2758857, 53.3551383], [-6.2758461, 53.3552979], [-6.2757804, 53.3554544], [-6.2756893, 53.3556063], [-6.2755738, 53.3557521], [-6.2754348, 53.3558905], [-6.2752738, 53.3560201], [-6.2750923, 53.3561396], [-6.274892, 53.356248], [-6.2746749, 53.3563441], [-6.2744431, 53.356427], [-6.2741987, 53.356496], [-6.2739442, 53.3565503], [-6.273682, 53.3565895], [-6.2734147, 53.3566132], [-6.2731447, 53.3566211]]]}}, {"type": "Feature", "properties": {"MM ID": "50163", "SITE_ID": "20024", "radius_m": 183, "radius_source": "Footfall.RADIUS", "color": "#29B6E8"}, "geometry": {"type": "Polygon", "coordinates": [[[-8.5710962, 52.6746144], [-8.5708305, 52.6746065], [-8.5705673, 52.6745828], [-8.5703092, 52.6745436], [-8.5700587, 52.6744893], [-8.5698182, 52.6744203], [-8.56959, 52.6743374], [-8.5693763, 52.6742413], [-8.5691792, 52.6741329], [-8.5690005, 52.6740134], [-8.568842, 52.6738838], [-8.5687052, 52.6737454], [-8.5685915, 52.6735996], [-8.5685018, 52.6734477], [-8.5684372, 52.6732912], [-8.5683982, 52.6731316], [-8.5683851, 52.6729705], [-8.5683982, 52.6728094], [-8.5684372, 52.6726498], [-8.5685018, 52.6724933], [-8.5685915, 52.6723414], [-8.5687052, 52.6721956], [-8.568842, 52.6720572], [-8.5690005, 52.6719276], [-8.5691792, 52.6718081], [-8.5693763, 52.6716997], [-8.56959, 52.6716036], [-8.5698182, 52.6715207], [-8.5700587, 52.6714517], [-8.5703092, 52.6713974], [-8.5705673, 52.6713582], [-8.5708305, 52.6713345], [-8.5710962, 52.6713266], [-8.5713619, 52.6713345], [-8.5716251, 52.6713582], [-8.5718832, 52.6713974], [-8.5721337, 52.6714517], [-8.5723742, 52.6715207], [-8.5726024, 52.6716036], [-8.5728161, 52.6716997], [-8.5730132, 52.6718081], [-8.5731919, 52.6719276], [-8.5733504, 52.6720572], [-8.5734872, 52.6721956], [-8.5736009, 52.6723414], [-8.5736906, 52.6724933], [-8.5737552, 52.6726498], [-8.5737942, 52.6728094], [-8.5738073, 52.6729705], [-8.5737942, 52.6731316], [-8.5737552, 52.6732912], [-8.5736906, 52.6734477], [-8.5736009, 52.6735996], [-8.5734872, 52.6737454], [-8.5733504, 52.6738838], [-8.5731919, 52.6740134], [-8.5730132, 52.6741329], [-8.5728161, 52.6742413], [-8.5726024, 52.6743374], [-8.5723742, 52.6744203], [-8.5721337, 52.6744893], [-8.5718832, 52.6745436], [-8.5716251, 52.6745828], [-8.5713619, 52.6746065], [-8.5710962, 52.6746144]]]}}, {"type": "Feature", "properties": {"MM ID": "50199", "SITE_ID": "20026", "radius_m": 183, "radius_source": "Footfall.RADIUS", "color": "#29B6E8"}, "geometry": {"type": "Polygon", "coordinates": [[[-6.2528717, 53.3444071], [-6.2526018, 53.3443992], [-6.2523345, 53.3443755], [-6.2520724, 53.3443363], [-6.251818, 53.344282], [-6.2515737, 53.344213], [-6.2513419, 53.3441301], [-6.2511249, 53.344034], [-6.2509247, 53.3439256], [-6.2507432, 53.3438061], [-6.2505823, 53.3436765], [-6.2504433, 53.3435381], [-6.2503278, 53.3433923], [-6.2502368, 53.3432404], [-6.2501711, 53.3430839], [-6.2501315, 53.3429243], [-6.2501182, 53.3427632], [-6.2501315, 53.3426021], [-6.2501711, 53.3424425], [-6.2502368, 53.342286], [-6.2503278, 53.3421341], [-6.2504433, 53.3419883], [-6.2505823, 53.3418499], [-6.2507432, 53.3417203], [-6.2509247, 53.3416008], [-6.2511249, 53.3414924], [-6.2513419, 53.3413963], [-6.2515737, 53.3413134], [-6.251818, 53.3412444], [-6.2520724, 53.3411901], [-6.2523345, 53.3411509], [-6.2526018, 53.3411272], [-6.2528717, 53.3411193], [-6.2531416, 53.3411272], [-6.2534089, 53.3411509], [-6.253671, 53.3411901], [-6.2539254, 53.3412444], [-6.2541697, 53.3413134], [-6.2544015, 53.3413963], [-6.2546185, 53.3414924], [-6.2548187, 53.3416008], [-6.2550002, 53.3417203], [-6.2551611, 53.3418499], [-6.2553001, 53.3419883], [-6.2554156, 53.3421341], [-6.2555066, 53.342286], [-6.2555723, 53.3424425], [-6.2556119, 53.3426021], [-6.2556252, 53.3427632], [-6.2556119, 53.3429243], [-6.2555723, 53.3430839], [-6.2555066, 53.3432404], [-6.2554156, 53.3433923], [-6.2553001, 53.3435381], [-6.2551611, 53.3436765], [-6.2550002, 53.3438061], [-6.2548187, 53.3439256], [-6.2546185, 53.344034], [-6.2544015, 53.3441301], [-6.2541697, 53.344213], [-6.2539254, 53.344282], [-6.253671, 53.3443363], [-6.2534089, 53.3443755], [-6.2531416, 53.3443992], [-6.2528717, 53.3444071]]]}}, {"type": "Feature", "properties": {"MM ID": "50231", "SITE_ID": "20028", "radius_m": 183, "radius_source": "Footfall.RADIUS", "color": "#29B6E8"}, "geometry": {"type": "Polygon", "coordinates": [[[-6.2832956, 53.3466777], [-6.2830257, 53.3466698], [-6.2827584, 53.3466461], [-6.2824963, 53.3466069], [-6.2822418, 53.3465526], [-6.2819975, 53.3464836], [-6.2817658, 53.3464007], [-6.2815487, 53.3463046], [-6.2813485, 53.3461962], [-6.281167, 53.3460767], [-6.281006, 53.3459471], [-6.2808671, 53.3458087], [-6.2807516, 53.3456629], [-6.2806605, 53.345511], [-6.2805949, 53.3453545], [-6.2805552, 53.3451949], [-6.280542, 53.3450338], [-6.2805552, 53.3448727], [-6.2805949, 53.3447131], [-6.2806605, 53.3445566], [-6.2807516, 53.3444047], [-6.2808671, 53.3442589], [-6.281006, 53.3441205], [-6.281167, 53.3439909], [-6.2813485, 53.3438714], [-6.2815487, 53.343763], [-6.2817658, 53.3436669], [-6.2819975, 53.343584], [-6.2822418, 53.343515], [-6.2824963, 53.3434607], [-6.2827584, 53.3434215], [-6.2830257, 53.3433978], [-6.2832956, 53.3433899], [-6.2835655, 53.3433978], [-6.2838328, 53.3434215], [-6.2840949, 53.3434607], [-6.2843494, 53.343515], [-6.2845937, 53.343584], [-6.2848254, 53.3436669], [-6.2850425, 53.343763], [-6.2852427, 53.3438714], [-6.2854242, 53.3439909], [-6.2855852, 53.3441205], [-6.2857241, 53.3442589], [-6.2858396, 53.3444047], [-6.2859307, 53.3445566], [-6.2859963, 53.3447131], [-6.286036, 53.3448727], [-6.2860492, 53.3450338], [-6.286036, 53.3451949], [-6.2859963, 53.3453545], [-6.2859307, 53.345511], [-6.2858396, 53.3456629], [-6.2857241, 53.3458087], [-6.2855852, 53.3459471], [-6.2854242, 53.3460767], [-6.2852427, 53.3461962], [-6.2850425, 53.3463046], [-6.2848254, 53.3464007], [-6.2845937, 53.3464836], [-6.2843494, 53.3465526], [-6.2840949, 53.3466069], [-6.2838328, 53.3466461], [-6.2835655, 53.3466698], [-6.2832956, 53.3466777]]]}}, {"type": "Feature", "properties": {"MM ID": "50232", "SITE_ID": "20029", "radius_m": 183, "radius_source": "Footfall.RADIUS", "color": "#29B6E8"}, "geometry": {"type": "Polygon", "coordinates": [[[-6.2556474, 53.3566408], [-6.2553774, 53.3566329], [-6.2551101, 53.3566092], [-6.2548479, 53.35657], [-6.2545934, 53.3565157], [-6.254349, 53.3564467], [-6.2541172, 53.3563638], [-6.2539001, 53.3562677], [-6.2536998, 53.3561593], [-6.2535183, 53.3560398], [-6.2533573, 53.3559102], [-6.2532183, 53.3557718], [-6.2531028, 53.355626], [-6.2530117, 53.3554741], [-6.252946, 53.3553176], [-6.2529064, 53.355158], [-6.2528931, 53.3549969], [-6.2529064, 53.3548358], [-6.252946, 53.3546762], [-6.2530117, 53.3545197], [-6.2531028, 53.3543678], [-6.2532183, 53.354222], [-6.2533573, 53.3540836], [-6.2535183, 53.353954], [-6.2536998, 53.3538345], [-6.2539001, 53.3537261], [-6.2541172, 53.35363], [-6.254349, 53.3535471], [-6.2545934, 53.3534781], [-6.2548479, 53.3534238], [-6.2551101, 53.3533846], [-6.2553774, 53.3533609], [-6.2556474, 53.353353], [-6.2559174, 53.3533609], [-6.2561847, 53.3533846], [-6.2564469, 53.3534238], [-6.2567014, 53.3534781], [-6.2569458, 53.3535471], [-6.2571776, 53.35363], [-6.2573947, 53.3537261], [-6.257595, 53.3538345], [-6.2577765, 53.353954], [-6.2579375, 53.3540836], [-6.2580765, 53.354222], [-6.258192, 53.3543678], [-6.2582831, 53.3545197], [-6.2583488, 53.3546762], [-6.2583884, 53.3548358], [-6.2584017, 53.3549969], [-6.2583884, 53.355158], [-6.2583488, 53.3553176], [-6.2582831, 53.3554741], [-6.258192, 53.355626], [-6.2580765, 53.3557718], [-6.2579375, 53.3559102], [-6.2577765, 53.3560398], [-6.257595, 53.3561593], [-6.2573947, 53.3562677], [-6.2571776, 53.3563638], [-6.2569458, 53.3564467], [-6.2567014, 53.3565157], [-6.2564469, 53.35657], [-6.2561847, 53.3566092], [-6.2559174, 53.3566329], [-6.2556474, 53.3566408]]]}}, {"type": "Feature", "properties": {"MM ID": "50233", "SITE_ID": "20030", "radius_m": 183, "radius_source": "Footfall.RADIUS", "color": "#29B6E8"}, "geometry": {"type": "Polygon", "coordinates": [[[-6.2668669, 53.3566269], [-6.2665969, 53.356619], [-6.2663296, 53.3565953], [-6.2660674, 53.3565561], [-6.2658129, 53.3565018], [-6.2655685, 53.3564328], [-6.2653367, 53.3563499], [-6.2651196, 53.3562538], [-6.2649193, 53.3561454], [-6.2647378, 53.3560259], [-6.2645768, 53.3558963], [-6.2644378, 53.3557579], [-6.2643223, 53.3556121], [-6.2642312, 53.3554602], [-6.2641655, 53.3553037], [-6.2641259, 53.3551441], [-6.2641126, 53.354983], [-6.2641259, 53.3548219], [-6.2641655, 53.3546623], [-6.2642312, 53.3545058], [-6.2643223, 53.3543539], [-6.2644378, 53.3542081], [-6.2645768, 53.3540697], [-6.2647378, 53.3539401], [-6.2649193, 53.3538206], [-6.2651196, 53.3537122], [-6.2653367, 53.3536161], [-6.2655685, 53.3535332], [-6.2658129, 53.3534642], [-6.2660674, 53.3534099], [-6.2663296, 53.3533707], [-6.2665969, 53.353347], [-6.2668669, 53.3533391], [-6.2671369, 53.353347], [-6.2674042, 53.3533707], [-6.2676664, 53.3534099], [-6.2679209, 53.3534642], [-6.2681653, 53.3535332], [-6.2683971, 53.3536161], [-6.2686142, 53.3537122], [-6.2688145, 53.3538206], [-6.268996, 53.3539401], [-6.269157, 53.3540697], [-6.269296, 53.3542081], [-6.2694115, 53.3543539], [-6.2695026, 53.3545058], [-6.2695683, 53.3546623], [-6.2696079, 53.3548219], [-6.2696212, 53.354983], [-6.2696079, 53.3551441], [-6.2695683, 53.3553037], [-6.2695026, 53.3554602], [-6.2694115, 53.3556121], [-6.269296, 53.3557579], [-6.269157, 53.3558963], [-6.268996, 53.3560259], [-6.2688145, 53.3561454], [-6.2686142, 53.3562538], [-6.2683971, 53.3563499], [-6.2681653, 53.3564328], [-6.2679209, 53.3565018], [-6.2676664, 53.3565561], [-6.2674042, 53.3565953], [-6.2671369, 53.356619], [-6.2668669, 53.3566269]]]}}, {"type": "Feature", "properties": {"MM ID": "50271", "SITE_ID": "20031", "radius_m": 183, "radius_source": "Footfall.RADIUS", "color": "#29B6E8"}, "geometry": {"type": "Polygon", "coordinates": [[[-6.2534055, 53.3464267], [-6.2531356, 53.3464188], [-6.2528683, 53.3463951], [-6.2526062, 53.3463559], [-6.2523517, 53.3463016], [-6.2521075, 53.3462326], [-6.2518757, 53.3461497], [-6.2516586, 53.3460536], [-6.2514584, 53.3459452], [-6.2512769, 53.3458257], [-6.2511159, 53.3456961], [-6.250977, 53.3455577], [-6.2508615, 53.3454119], [-6.2507704, 53.34526], [-6.2507048, 53.3451035], [-6.2506651, 53.3449439], [-6.2506519, 53.3447828], [-6.2506651, 53.3446217], [-6.2507048, 53.3444621], [-6.2507704, 53.3443056], [-6.2508615, 53.3441537], [-6.250977, 53.3440079], [-6.2511159, 53.3438695], [-6.2512769, 53.3437399], [-6.2514584, 53.3436204], [-6.2516586, 53.343512], [-6.2518757, 53.3434159], [-6.2521075, 53.343333], [-6.2523517, 53.343264], [-6.2526062, 53.3432097], [-6.2528683, 53.3431705], [-6.2531356, 53.3431468], [-6.2534055, 53.3431389], [-6.2536754, 53.3431468], [-6.2539427, 53.3431705], [-6.2542048, 53.3432097], [-6.2544593, 53.343264], [-6.2547035, 53.343333], [-6.2549353, 53.3434159], [-6.2551524, 53.343512], [-6.2553526, 53.3436204], [-6.2555341, 53.3437399], [-6.2556951, 53.3438695], [-6.255834, 53.3440079], [-6.2559495, 53.3441537], [-6.2560406, 53.3443056], [-6.2561062, 53.3444621], [-6.2561459, 53.3446217], [-6.2561591, 53.3447828], [-6.2561459, 53.3449439], [-6.2561062, 53.3451035], [-6.2560406, 53.34526], [-6.2559495, 53.3454119], [-6.255834, 53.3455577], [-6.2556951, 53.3456961], [-6.2555341, 53.3458257], [-6.2553526, 53.3459452], [-6.2551524, 53.3460536], [-6.2549353, 53.3461497], [-6.2547035, 53.3462326], [-6.2544593, 53.3463016], [-6.2542048, 53.3463559], [-6.2539427, 53.3463951], [-6.2536754, 53.3464188], [-6.2534055, 53.3464267]]]}}, {"type": "Feature", "properties": {"MM ID": "50272", "SITE_ID": "20032", "radius_m": 183, "radius_source": "Footfall.RADIUS", "color": "#29B6E8"}, "geometry": {"type": "Polygon", "coordinates": [[[-6.2534123, 53.3464431], [-6.2531424, 53.3464352], [-6.2528751, 53.3464115], [-6.252613, 53.3463723], [-6.2523585, 53.346318], [-6.2521142, 53.346249], [-6.2518825, 53.3461661], [-6.2516654, 53.34607], [-6.2514652, 53.3459616], [-6.2512837, 53.3458421], [-6.2511227, 53.3457125], [-6.2509838, 53.3455741], [-6.2508683, 53.3454283], [-6.2507772, 53.3452764], [-6.2507116, 53.3451199], [-6.2506719, 53.3449603], [-6.2506587, 53.3447992], [-6.2506719, 53.3446381], [-6.2507116, 53.3444785], [-6.2507772, 53.344322], [-6.2508683, 53.3441701], [-6.2509838, 53.3440243], [-6.2511227, 53.3438859], [-6.2512837, 53.3437563], [-6.2514652, 53.3436368], [-6.2516654, 53.3435284], [-6.2518825, 53.3434323], [-6.2521142, 53.3433494], [-6.2523585, 53.3432804], [-6.252613, 53.3432261], [-6.2528751, 53.3431869], [-6.2531424, 53.3431632], [-6.2534123, 53.3431553], [-6.2536822, 53.3431632], [-6.2539495, 53.3431869], [-6.2542116, 53.3432261], [-6.2544661, 53.3432804], [-6.2547104, 53.3433494], [-6.2549421, 53.3434323], [-6.2551592, 53.3435284], [-6.2553594, 53.3436368], [-6.2555409, 53.3437563], [-6.2557019, 53.3438859], [-6.2558408, 53.3440243], [-6.2559563, 53.3441701], [-6.2560474, 53.344322], [-6.256113, 53.3444785], [-6.2561527, 53.3446381], [-6.2561659, 53.3447992], [-6.2561527, 53.3449603], [-6.256113, 53.3451199], [-6.2560474, 53.3452764], [-6.2559563, 53.3454283], [-6.2558408, 53.3455741], [-6.2557019, 53.3457125], [-6.2555409, 53.3458421], [-6.2553594, 53.3459616], [-6.2551592, 53.34607], [-6.2549421, 53.3461661], [-6.2547104, 53.346249], [-6.2544661, 53.346318], [-6.2542116, 53.3463723], [-6.2539495, 53.3464115], [-6.2536822, 53.3464352], [-6.2534123, 53.3464431]]]}}, {"type": "Feature", "properties": {"MM ID": "50345", "SITE_ID": "20033", "radius_m": 183, "radius_source": "Footfall.RADIUS", "color": "#29B6E8"}, "geometry": {"type": "Polygon", "coordinates": [[[-6.2608594, 53.3460715], [-6.2605895, 53.3460636], [-6.2603222, 53.3460399], [-6.2600601, 53.3460007], [-6.2598056, 53.3459464], [-6.2595614, 53.3458774], [-6.2593296, 53.3457945], [-6.2591125, 53.3456984], [-6.2589123, 53.34559], [-6.2587308, 53.3454705], [-6.2585699, 53.3453409], [-6.2584309, 53.3452025], [-6.2583154, 53.3450567], [-6.2582244, 53.3449048], [-6.2581587, 53.3447483], [-6.2581191, 53.3445887], [-6.2581058, 53.3444276], [-6.2581191, 53.3442665], [-6.2581587, 53.3441069], [-6.2582244, 53.3439504], [-6.2583154, 53.3437985], [-6.2584309, 53.3436527], [-6.2585699, 53.3435143], [-6.2587308, 53.3433847], [-6.2589123, 53.3432652], [-6.2591125, 53.3431568], [-6.2593296, 53.3430607], [-6.2595614, 53.3429778], [-6.2598056, 53.3429088], [-6.2600601, 53.3428545], [-6.2603222, 53.3428153], [-6.2605895, 53.3427916], [-6.2608594, 53.3427837], [-6.2611293, 53.3427916], [-6.2613966, 53.3428153], [-6.2616587, 53.3428545], [-6.2619132, 53.3429088], [-6.2621574, 53.3429778], [-6.2623892, 53.3430607], [-6.2626063, 53.3431568], [-6.2628065, 53.3432652], [-6.262988, 53.3433847], [-6.2631489, 53.3435143], [-6.2632879, 53.3436527], [-6.2634034, 53.3437985], [-6.2634944, 53.3439504], [-6.2635601, 53.3441069], [-6.2635997, 53.3442665], [-6.263613, 53.3444276], [-6.2635997, 53.3445887], [-6.2635601, 53.3447483], [-6.2634944, 53.3449048], [-6.2634034, 53.3450567], [-6.2632879, 53.3452025], [-6.2631489, 53.3453409], [-6.262988, 53.3454705], [-6.2628065, 53.34559], [-6.2626063, 53.3456984], [-6.2623892, 53.3457945], [-6.2621574, 53.3458774], [-6.2619132, 53.3459464], [-6.2616587, 53.3460007], [-6.2613966, 53.3460399], [-6.2611293, 53.3460636], [-6.2608594, 53.3460715]]]}}, {"type": "Feature", "properties": {"MM ID": "50351", "SITE_ID": "20034", "radius_m": 183, "radius_source": "Footfall.RADIUS", "color": "#29B6E8"}, "geometry": {"type": "Polygon", "coordinates": [[[-6.2265163, 53.3098775], [-6.2262466, 53.3098696], [-6.2259796, 53.3098459], [-6.2257176, 53.3098067], [-6.2254634, 53.3097524], [-6.2252194, 53.3096834], [-6.2249878, 53.3096005], [-6.2247709, 53.3095044], [-6.2245709, 53.309396], [-6.2243895, 53.3092765], [-6.2242287, 53.3091469], [-6.2240899, 53.3090085], [-6.2239745, 53.3088627], [-6.2238835, 53.3087108], [-6.2238179, 53.3085543], [-6.2237783, 53.3083947], [-6.223765, 53.3082336], [-6.2237783, 53.3080725], [-6.2238179, 53.3079129], [-6.2238835, 53.3077564], [-6.2239745, 53.3076045], [-6.2240899, 53.3074587], [-6.2242287, 53.3073203], [-6.2243895, 53.3071907], [-6.2245709, 53.3070712], [-6.2247709, 53.3069628], [-6.2249878, 53.3068667], [-6.2252194, 53.3067838], [-6.2254634, 53.3067148], [-6.2257176, 53.3066605], [-6.2259796, 53.3066213], [-6.2262466, 53.3065976], [-6.2265163, 53.3065897], [-6.226786, 53.3065976], [-6.227053, 53.3066213], [-6.227315, 53.3066605], [-6.2275692, 53.3067148], [-6.2278132, 53.3067838], [-6.2280448, 53.3068667], [-6.2282617, 53.3069628], [-6.2284617, 53.3070712], [-6.2286431, 53.3071907], [-6.2288039, 53.3073203], [-6.2289427, 53.3074587], [-6.2290581, 53.3076045], [-6.2291491, 53.3077564], [-6.2292147, 53.3079129], [-6.2292543, 53.3080725], [-6.2292676, 53.3082336], [-6.2292543, 53.3083947], [-6.2292147, 53.3085543], [-6.2291491, 53.3087108], [-6.2290581, 53.3088627], [-6.2289427, 53.3090085], [-6.2288039, 53.3091469], [-6.2286431, 53.3092765], [-6.2284617, 53.309396], [-6.2282617, 53.3095044], [-6.2280448, 53.3096005], [-6.2278132, 53.3096834], [-6.2275692, 53.3097524], [-6.227315, 53.3098067], [-6.227053, 53.3098459], [-6.226786, 53.3098696], [-6.2265163, 53.3098775]]]}}, {"type": "Feature", "properties": {"MM ID": "50352", "SITE_ID": "20035", "radius_m": 183, "radius_source": "Footfall.RADIUS", "color": "#29B6E8"}, "geometry": {"type": "Polygon", "coordinates": [[[-6.2265163, 53.3098775], [-6.2262466, 53.3098696], [-6.2259796, 53.3098459], [-6.2257176, 53.3098067], [-6.2254634, 53.3097524], [-6.2252194, 53.3096834], [-6.2249878, 53.3096005], [-6.2247709, 53.3095044], [-6.2245709, 53.309396], [-6.2243895, 53.3092765], [-6.2242287, 53.3091469], [-6.2240899, 53.3090085], [-6.2239745, 53.3088627], [-6.2238835, 53.3087108], [-6.2238179, 53.3085543], [-6.2237783, 53.3083947], [-6.223765, 53.3082336], [-6.2237783, 53.3080725], [-6.2238179, 53.3079129], [-6.2238835, 53.3077564], [-6.2239745, 53.3076045], [-6.2240899, 53.3074587], [-6.2242287, 53.3073203], [-6.2243895, 53.3071907], [-6.2245709, 53.3070712], [-6.2247709, 53.3069628], [-6.2249878, 53.3068667], [-6.2252194, 53.3067838], [-6.2254634, 53.3067148], [-6.2257176, 53.3066605], [-6.2259796, 53.3066213], [-6.2262466, 53.3065976], [-6.2265163, 53.3065897], [-6.226786, 53.3065976], [-6.227053, 53.3066213], [-6.227315, 53.3066605], [-6.2275692, 53.3067148], [-6.2278132, 53.3067838], [-6.2280448, 53.3068667], [-6.2282617, 53.3069628], [-6.2284617, 53.3070712], [-6.2286431, 53.3071907], [-6.2288039, 53.3073203], [-6.2289427, 53.3074587], [-6.2290581, 53.3076045], [-6.2291491, 53.3077564], [-6.2292147, 53.3079129], [-6.2292543, 53.3080725], [-6.2292676, 53.3082336], [-6.2292543, 53.3083947], [-6.2292147, 53.3085543], [-6.2291491, 53.3087108], [-6.2290581, 53.3088627], [-6.2289427, 53.3090085], [-6.2288039, 53.3091469], [-6.2286431, 53.3092765], [-6.2284617, 53.309396], [-6.2282617, 53.3095044], [-6.2280448, 53.3096005], [-6.2278132, 53.3096834], [-6.2275692, 53.3097524], [-6.227315, 53.3098067], [-6.227053, 53.3098459], [-6.226786, 53.3098696], [-6.2265163, 53.3098775]]]}}, {"type": "Feature", "properties": {"MM ID": "50353", "SITE_ID": "20036", "radius_m": 183, "radius_source": "Footfall.RADIUS", "color": "#29B6E8"}, "geometry": {"type": "Polygon", "coordinates": [[[-6.2227808, 53.3086638], [-6.2225111, 53.3086559], [-6.2222441, 53.3086322], [-6.2219822, 53.308593], [-6.221728, 53.3085387], [-6.2214839, 53.3084697], [-6.2212523, 53.3083868], [-6.2210355, 53.3082907], [-6.2208354, 53.3081823], [-6.2206541, 53.3080628], [-6.2204933, 53.3079332], [-6.2203545, 53.3077948], [-6.220239, 53.307649], [-6.2201481, 53.3074971], [-6.2200825, 53.3073406], [-6.2200429, 53.307181], [-6.2200296, 53.3070199], [-6.2200429, 53.3068588], [-6.2200825, 53.3066992], [-6.2201481, 53.3065427], [-6.220239, 53.3063908], [-6.2203545, 53.306245], [-6.2204933, 53.3061066], [-6.2206541, 53.305977], [-6.2208354, 53.3058575], [-6.2210355, 53.3057491], [-6.2212523, 53.305653], [-6.2214839, 53.3055701], [-6.221728, 53.3055011], [-6.2219822, 53.3054468], [-6.2222441, 53.3054076], [-6.2225111, 53.3053839], [-6.2227808, 53.305376], [-6.2230505, 53.3053839], [-6.2233175, 53.3054076], [-6.2235794, 53.3054468], [-6.2238336, 53.3055011], [-6.2240777, 53.3055701], [-6.2243093, 53.305653], [-6.2245261, 53.3057491], [-6.2247262, 53.3058575], [-6.2249075, 53.305977], [-6.2250683, 53.3061066], [-6.2252071, 53.306245], [-6.2253226, 53.3063908], [-6.2254135, 53.3065427], [-6.2254791, 53.3066992], [-6.2255187, 53.3068588], [-6.225532, 53.3070199], [-6.2255187, 53.307181], [-6.2254791, 53.3073406], [-6.2254135, 53.3074971], [-6.2253226, 53.307649], [-6.2252071, 53.3077948], [-6.2250683, 53.3079332], [-6.2249075, 53.3080628], [-6.2247262, 53.3081823], [-6.2245261, 53.3082907], [-6.2243093, 53.3083868], [-6.2240777, 53.3084697], [-6.2238336, 53.3085387], [-6.2235794, 53.308593], [-6.2233175, 53.3086322], [-6.2230505, 53.3086559], [-6.2227808, 53.3086638]]]}}, {"type": "Feature", "properties": {"MM ID": "50363", "SITE_ID": "20037", "radius_m": 183, "radius_source": "Footfall.RADIUS", "color": "#29B6E8"}, "geometry": {"type": "Polygon", "coordinates": [[[-6.6001603, 53.385542], [-6.5998901, 53.3855341], [-6.5996226, 53.3855104], [-6.5993602, 53.3854712], [-6.5991056, 53.3854169], [-6.5988611, 53.3853479], [-6.5986291, 53.385265], [-6.5984118, 53.3851689], [-6.5982114, 53.3850605], [-6.5980298, 53.384941], [-6.5978686, 53.3848114], [-6.5977296, 53.384673], [-6.5976139, 53.3845272], [-6.5975228, 53.3843753], [-6.5974571, 53.3842188], [-6.5974174, 53.3840592], [-6.5974041, 53.3838981], [-6.5974174, 53.383737], [-6.5974571, 53.3835774], [-6.5975228, 53.3834209], [-6.5976139, 53.383269], [-6.5977296, 53.3831232], [-6.5978686, 53.3829848], [-6.5980298, 53.3828552], [-6.5982114, 53.3827357], [-6.5984118, 53.3826273], [-6.5986291, 53.3825312], [-6.5988611, 53.3824483], [-6.5991056, 53.3823793], [-6.5993602, 53.382325], [-6.5996226, 53.3822858], [-6.5998901, 53.3822621], [-6.6001603, 53.3822542], [-6.6004305, 53.3822621], [-6.600698, 53.3822858], [-6.6009604, 53.382325], [-6.601215, 53.3823793], [-6.6014595, 53.3824483], [-6.6016915, 53.3825312], [-6.6019088, 53.3826273], [-6.6021092, 53.3827357], [-6.6022908, 53.3828552], [-6.602452, 53.3829848], [-6.602591, 53.3831232], [-6.6027067, 53.383269], [-6.6027978, 53.3834209], [-6.6028635, 53.3835774], [-6.6029032, 53.383737], [-6.6029165, 53.3838981], [-6.6029032, 53.3840592], [-6.6028635, 53.3842188], [-6.6027978, 53.3843753], [-6.6027067, 53.3845272], [-6.602591, 53.384673], [-6.602452, 53.3848114], [-6.6022908, 53.384941], [-6.6021092, 53.3850605], [-6.6019088, 53.3851689], [-6.6016915, 53.385265], [-6.6014595, 53.3853479], [-6.601215, 53.3854169], [-6.6009604, 53.3854712], [-6.600698, 53.3855104], [-6.6004305, 53.3855341], [-6.6001603, 53.385542]]]}}, {"type": "Feature", "properties": {"MM ID": "50364", "SITE_ID": "20038", "radius_m": 183, "radius_source": "Footfall.RADIUS", "color": "#29B6E8"}, "geometry": {"type": "Polygon", "coordinates": [[[-6.6001603, 53.385542], [-6.5998901, 53.3855341], [-6.5996226, 53.3855104], [-6.5993602, 53.3854712], [-6.5991056, 53.3854169], [-6.5988611, 53.3853479], [-6.5986291, 53.385265], [-6.5984118, 53.3851689], [-6.5982114, 53.3850605], [-6.5980298, 53.384941], [-6.5978686, 53.3848114], [-6.5977296, 53.384673], [-6.5976139, 53.3845272], [-6.5975228, 53.3843753], [-6.5974571, 53.3842188], [-6.5974174, 53.3840592], [-6.5974041, 53.3838981], [-6.5974174, 53.383737], [-6.5974571, 53.3835774], [-6.5975228, 53.3834209], [-6.5976139, 53.383269], [-6.5977296, 53.3831232], [-6.5978686, 53.3829848], [-6.5980298, 53.3828552], [-6.5982114, 53.3827357], [-6.5984118, 53.3826273], [-6.5986291, 53.3825312], [-6.5988611, 53.3824483], [-6.5991056, 53.3823793], [-6.5993602, 53.382325], [-6.5996226, 53.3822858], [-6.5998901, 53.3822621], [-6.6001603, 53.3822542], [-6.6004305, 53.3822621], [-6.600698, 53.3822858], [-6.6009604, 53.382325], [-6.601215, 53.3823793], [-6.6014595, 53.3824483], [-6.6016915, 53.3825312], [-6.6019088, 53.3826273], [-6.6021092, 53.3827357], [-6.6022908, 53.3828552], [-6.602452, 53.3829848], [-6.602591, 53.3831232], [-6.6027067, 53.383269], [-6.6027978, 53.3834209], [-6.6028635, 53.3835774], [-6.6029032, 53.383737], [-6.6029165, 53.3838981], [-6.6029032, 53.3840592], [-6.6028635, 53.3842188], [-6.6027978, 53.3843753], [-6.6027067, 53.3845272], [-6.602591, 53.384673], [-6.602452, 53.3848114], [-6.6022908, 53.384941], [-6.6021092, 53.3850605], [-6.6019088, 53.3851689], [-6.6016915, 53.385265], [-6.6014595, 53.3853479], [-6.601215, 53.3854169], [-6.6009604, 53.3854712], [-6.600698, 53.3855104], [-6.6004305, 53.3855341], [-6.6001603, 53.385542]]]}}, {"type": "Feature", "properties": {"MM ID": "50401", "SITE_ID": "20039", "radius_m": 183, "radius_source": "Footfall.RADIUS", "color": "#29B6E8"}, "geometry": {"type": "Polygon", "coordinates": [[[-6.2292151, 53.3099239], [-6.2289454, 53.309916], [-6.2286784, 53.3098923], [-6.2284164, 53.3098531], [-6.2281622, 53.3097988], [-6.2279182, 53.3097298], [-6.2276866, 53.3096469], [-6.2274697, 53.3095508], [-6.2272697, 53.3094424], [-6.2270883, 53.3093229], [-6.2269275, 53.3091933], [-6.2267887, 53.3090549], [-6.2266733, 53.3089091], [-6.2265823, 53.3087572], [-6.2265167, 53.3086007], [-6.2264771, 53.3084411], [-6.2264638, 53.30828], [-6.2264771, 53.3081189], [-6.2265167, 53.3079593], [-6.2265823, 53.3078028], [-6.2266733, 53.3076509], [-6.2267887, 53.3075051], [-6.2269275, 53.3073667], [-6.2270883, 53.3072371], [-6.2272697, 53.3071176], [-6.2274697, 53.3070092], [-6.2276866, 53.3069131], [-6.2279182, 53.3068302], [-6.2281622, 53.3067612], [-6.2284164, 53.3067069], [-6.2286784, 53.3066677], [-6.2289454, 53.306644], [-6.2292151, 53.3066361], [-6.2294848, 53.306644], [-6.2297518, 53.3066677], [-6.2300138, 53.3067069], [-6.230268, 53.3067612], [-6.230512, 53.3068302], [-6.2307436, 53.3069131], [-6.2309605, 53.3070092], [-6.2311605, 53.3071176], [-6.2313419, 53.3072371], [-6.2315027, 53.3073667], [-6.2316415, 53.3075051], [-6.2317569, 53.3076509], [-6.2318479, 53.3078028], [-6.2319135, 53.3079593], [-6.2319531, 53.3081189], [-6.2319664, 53.30828], [-6.2319531, 53.3084411], [-6.2319135, 53.3086007], [-6.2318479, 53.3087572], [-6.2317569, 53.3089091], [-6.2316415, 53.3090549], [-6.2315027, 53.3091933], [-6.2313419, 53.3093229], [-6.2311605, 53.3094424], [-6.2309605, 53.3095508], [-6.2307436, 53.3096469], [-6.230512, 53.3097298], [-6.230268, 53.3097988], [-6.2300138, 53.3098531], [-6.2297518, 53.3098923], [-6.2294848, 53.309916], [-6.2292151, 53.3099239]]]}}, {"type": "Feature", "properties": {"MM ID": "50411", "SITE_ID": "20040", "radius_m": 183, "radius_source": "Footfall.RADIUS", "color": "#29B6E8"}, "geometry": {"type": "Polygon", "coordinates": [[[-6.2792177, 53.3553713], [-6.2789477, 53.3553634], [-6.2786804, 53.3553397], [-6.2784182, 53.3553005], [-6.2781637, 53.3552462], [-6.2779194, 53.3551772], [-6.2776875, 53.3550943], [-6.2774705, 53.3549982], [-6.2772702, 53.3548898], [-6.2770887, 53.3547703], [-6.2769277, 53.3546407], [-6.2767887, 53.3545023], [-6.2766731, 53.3543565], [-6.2765821, 53.3542046], [-6.2765164, 53.3540481], [-6.2764768, 53.3538885], [-6.2764635, 53.3537274], [-6.2764768, 53.3535663], [-6.2765164, 53.3534067], [-6.2765821, 53.3532502], [-6.2766731, 53.3530983], [-6.2767887, 53.3529525], [-6.2769277, 53.3528141], [-6.2770887, 53.3526845], [-6.2772702, 53.352565], [-6.2774705, 53.3524566], [-6.2776875, 53.3523605], [-6.2779194, 53.3522776], [-6.2781637, 53.3522086], [-6.2784182, 53.3521543], [-6.2786804, 53.3521151], [-6.2789477, 53.3520914], [-6.2792177, 53.3520835], [-6.2794877, 53.3520914], [-6.279755, 53.3521151], [-6.2800172, 53.3521543], [-6.2802717, 53.3522086], [-6.280516, 53.3522776], [-6.2807479, 53.3523605], [-6.2809649, 53.3524566], [-6.2811652, 53.352565], [-6.2813467, 53.3526845], [-6.2815077, 53.3528141], [-6.2816467, 53.3529525], [-6.2817623, 53.3530983], [-6.2818533, 53.3532502], [-6.281919, 53.3534067], [-6.2819586, 53.3535663], [-6.2819719, 53.3537274], [-6.2819586, 53.3538885], [-6.281919, 53.3540481], [-6.2818533, 53.3542046], [-6.2817623, 53.3543565], [-6.2816467, 53.3545023], [-6.2815077, 53.3546407], [-6.2813467, 53.3547703], [-6.2811652, 53.3548898], [-6.2809649, 53.3549982], [-6.2807479, 53.3550943], [-6.280516, 53.3551772], [-6.2802717, 53.3552462], [-6.2800172, 53.3553005], [-6.279755, 53.3553397], [-6.2794877, 53.3553634], [-6.2792177, 53.3553713]]]}}, {"type": "Feature", "properties": {"MM ID": "50412", "SITE_ID": "20041", "radius_m": 183, "radius_source": "Footfall.RADIUS", "color": "#29B6E8"}, "geometry": {"type": "Polygon", "coordinates": [[[-6.2792177, 53.3553713], [-6.2789477, 53.3553634], [-6.2786804, 53.3553397], [-6.2784182, 53.3553005], [-6.2781637, 53.3552462], [-6.2779194, 53.3551772], [-6.2776875, 53.3550943], [-6.2774705, 53.3549982], [-6.2772702, 53.3548898], [-6.2770887, 53.3547703], [-6.2769277, 53.3546407], [-6.2767887, 53.3545023], [-6.2766731, 53.3543565], [-6.2765821, 53.3542046], [-6.2765164, 53.3540481], [-6.2764768, 53.3538885], [-6.2764635, 53.3537274], [-6.2764768, 53.3535663], [-6.2765164, 53.3534067], [-6.2765821, 53.3532502], [-6.2766731, 53.3530983], [-6.2767887, 53.3529525], [-6.2769277, 53.3528141], [-6.2770887, 53.3526845], [-6.2772702, 53.352565], [-6.2774705, 53.3524566], [-6.2776875, 53.3523605], [-6.2779194, 53.3522776], [-6.2781637, 53.3522086], [-6.2784182, 53.3521543], [-6.2786804, 53.3521151], [-6.2789477, 53.3520914], [-6.2792177, 53.3520835], [-6.2794877, 53.3520914], [-6.279755, 53.3521151], [-6.2800172, 53.3521543], [-6.2802717, 53.3522086], [-6.280516, 53.3522776], [-6.2807479, 53.3523605], [-6.2809649, 53.3524566], [-6.2811652, 53.352565], [-6.2813467, 53.3526845], [-6.2815077, 53.3528141], [-6.2816467, 53.3529525], [-6.2817623, 53.3530983], [-6.2818533, 53.3532502], [-6.281919, 53.3534067], [-6.2819586, 53.3535663], [-6.2819719, 53.3537274], [-6.2819586, 53.3538885], [-6.281919, 53.3540481], [-6.2818533, 53.3542046], [-6.2817623, 53.3543565], [-6.2816467, 53.3545023], [-6.2815077, 53.3546407], [-6.2813467, 53.3547703], [-6.2811652, 53.3548898], [-6.2809649, 53.3549982], [-6.2807479, 53.3550943], [-6.280516, 53.3551772], [-6.2802717, 53.3552462], [-6.2800172, 53.3553005], [-6.279755, 53.3553397], [-6.2794877, 53.3553634], [-6.2792177, 53.3553713]]]}}, {"type": "Feature", "properties": {"MM ID": "50413", "SITE_ID": "20042", "radius_m": 183, "radius_source": "Footfall.RADIUS", "color": "#29B6E8"}, "geometry": {"type": "Polygon", "coordinates": [[[-6.2691519, 53.3536786], [-6.268882, 53.3536707], [-6.2686146, 53.353647], [-6.2683524, 53.3536078], [-6.268098, 53.3535535], [-6.2678536, 53.3534845], [-6.2676218, 53.3534016], [-6.2674047, 53.3533055], [-6.2672045, 53.3531971], [-6.267023, 53.3530776], [-6.266862, 53.352948], [-6.266723, 53.3528096], [-6.2666074, 53.3526638], [-6.2665164, 53.3525119], [-6.2664507, 53.3523554], [-6.2664111, 53.3521958], [-6.2663978, 53.3520347], [-6.2664111, 53.3518736], [-6.2664507, 53.351714], [-6.2665164, 53.3515575], [-6.2666074, 53.3514056], [-6.266723, 53.3512598], [-6.266862, 53.3511214], [-6.267023, 53.3509918], [-6.2672045, 53.3508723], [-6.2674047, 53.3507639], [-6.2676218, 53.3506678], [-6.2678536, 53.3505849], [-6.268098, 53.3505159], [-6.2683524, 53.3504616], [-6.2686146, 53.3504224], [-6.268882, 53.3503987], [-6.2691519, 53.3503908], [-6.2694218, 53.3503987], [-6.2696892, 53.3504224], [-6.2699514, 53.3504616], [-6.2702058, 53.3505159], [-6.2704502, 53.3505849], [-6.270682, 53.3506678], [-6.2708991, 53.3507639], [-6.2710993, 53.3508723], [-6.2712808, 53.3509918], [-6.2714418, 53.3511214], [-6.2715808, 53.3512598], [-6.2716964, 53.3514056], [-6.2717874, 53.3515575], [-6.2718531, 53.351714], [-6.2718927, 53.3518736], [-6.271906, 53.3520347], [-6.2718927, 53.3521958], [-6.2718531, 53.3523554], [-6.2717874, 53.3525119], [-6.2716964, 53.3526638], [-6.2715808, 53.3528096], [-6.2714418, 53.352948], [-6.2712808, 53.3530776], [-6.2710993, 53.3531971], [-6.2708991, 53.3533055], [-6.270682, 53.3534016], [-6.2704502, 53.3534845], [-6.2702058, 53.3535535], [-6.2699514, 53.3536078], [-6.2696892, 53.353647], [-6.2694218, 53.3536707], [-6.2691519, 53.3536786]]]}}, {"type": "Feature", "properties": {"MM ID": "50414", "SITE_ID": "20043", "radius_m": 183, "radius_source": "Footfall.RADIUS", "color": "#29B6E8"}, "geometry": {"type": "Polygon", "coordinates": [[[-6.2658574, 53.3412325], [-6.2655875, 53.3412246], [-6.2653203, 53.3412009], [-6.2650582, 53.3411617], [-6.2648038, 53.3411074], [-6.2645595, 53.3410384], [-6.2643278, 53.3409555], [-6.2641107, 53.3408594], [-6.2639105, 53.340751], [-6.2637291, 53.3406315], [-6.2635681, 53.3405019], [-6.2634292, 53.3403635], [-6.2633137, 53.3402177], [-6.2632227, 53.3400658], [-6.263157, 53.3399093], [-6.2631174, 53.3397497], [-6.2631041, 53.3395886], [-6.2631174, 53.3394275], [-6.263157, 53.3392679], [-6.2632227, 53.3391114], [-6.2633137, 53.3389595], [-6.2634292, 53.3388137], [-6.2635681, 53.3386753], [-6.2637291, 53.3385457], [-6.2639105, 53.3384262], [-6.2641107, 53.3383178], [-6.2643278, 53.3382217], [-6.2645595, 53.3381388], [-6.2648038, 53.3380698], [-6.2650582, 53.3380155], [-6.2653203, 53.3379763], [-6.2655875, 53.3379526], [-6.2658574, 53.3379447], [-6.2661273, 53.3379526], [-6.2663945, 53.3379763], [-6.2666566, 53.3380155], [-6.266911, 53.3380698], [-6.2671553, 53.3381388], [-6.267387, 53.3382217], [-6.2676041, 53.3383178], [-6.2678043, 53.3384262], [-6.2679857, 53.3385457], [-6.2681467, 53.3386753], [-6.2682856, 53.3388137], [-6.2684011, 53.3389595], [-6.2684921, 53.3391114], [-6.2685578, 53.3392679], [-6.2685974, 53.3394275], [-6.2686107, 53.3395886], [-6.2685974, 53.3397497], [-6.2685578, 53.3399093], [-6.2684921, 53.3400658], [-6.2684011, 53.3402177], [-6.2682856, 53.3403635], [-6.2681467, 53.3405019], [-6.2679857, 53.3406315], [-6.2678043, 53.340751], [-6.2676041, 53.3408594], [-6.267387, 53.3409555], [-6.2671553, 53.3410384], [-6.266911, 53.3411074], [-6.2666566, 53.3411617], [-6.2663945, 53.3412009], [-6.2661273, 53.3412246], [-6.2658574, 53.3412325]]]}}, {"type": "Feature", "properties": {"MM ID": "50415", "SITE_ID": "20044", "radius_m": 183, "radius_source": "Footfall.RADIUS", "color": "#29B6E8"}, "geometry": {"type": "Polygon", "coordinates": [[[-6.366887, 53.2909109], [-6.3666174, 53.290903], [-6.3663505, 53.2908793], [-6.3660887, 53.2908401], [-6.3658346, 53.2907858], [-6.3655906, 53.2907168], [-6.3653592, 53.2906339], [-6.3651424, 53.2905378], [-6.3649424, 53.2904294], [-6.3647612, 53.2903099], [-6.3646004, 53.2901803], [-6.3644617, 53.2900419], [-6.3643463, 53.2898961], [-6.3642554, 53.2897442], [-6.3641898, 53.2895877], [-6.3641502, 53.2894281], [-6.364137, 53.289267], [-6.3641502, 53.2891059], [-6.3641898, 53.2889463], [-6.3642554, 53.2887898], [-6.3643463, 53.2886379], [-6.3644617, 53.2884921], [-6.3646004, 53.2883537], [-6.3647612, 53.2882241], [-6.3649424, 53.2881046], [-6.3651424, 53.2879962], [-6.3653592, 53.2879001], [-6.3655906, 53.2878172], [-6.3658346, 53.2877482], [-6.3660887, 53.2876939], [-6.3663505, 53.2876547], [-6.3666174, 53.287631], [-6.366887, 53.2876231], [-6.3671566, 53.287631], [-6.3674235, 53.2876547], [-6.3676853, 53.2876939], [-6.3679394, 53.2877482], [-6.3681834, 53.2878172], [-6.3684148, 53.2879001], [-6.3686316, 53.2879962], [-6.3688316, 53.2881046], [-6.3690128, 53.2882241], [-6.3691736, 53.2883537], [-6.3693123, 53.2884921], [-6.3694277, 53.2886379], [-6.3695186, 53.2887898], [-6.3695842, 53.2889463], [-6.3696238, 53.2891059], [-6.369637, 53.289267], [-6.3696238, 53.2894281], [-6.3695842, 53.2895877], [-6.3695186, 53.2897442], [-6.3694277, 53.2898961], [-6.3693123, 53.2900419], [-6.3691736, 53.2901803], [-6.3690128, 53.2903099], [-6.3688316, 53.2904294], [-6.3686316, 53.2905378], [-6.3684148, 53.2906339], [-6.3681834, 53.2907168], [-6.3679394, 53.2907858], [-6.3676853, 53.2908401], [-6.3674235, 53.2908793], [-6.3671566, 53.290903], [-6.366887, 53.2909109]]]}}, {"type": "Feature", "properties": {"MM ID": "50429", "SITE_ID": "20045", "radius_m": 183, "radius_source": "Footfall.RADIUS", "color": "#29B6E8"}, "geometry": {"type": "Polygon", "coordinates": [[[-6.264031, 53.3441908], [-6.2637611, 53.3441829], [-6.2634938, 53.3441592], [-6.2632317, 53.34412], [-6.2629773, 53.3440657], [-6.262733, 53.3439967], [-6.2625012, 53.3439138], [-6.2622842, 53.3438177], [-6.262084, 53.3437093], [-6.2619025, 53.3435898], [-6.2617416, 53.3434602], [-6.2616026, 53.3433218], [-6.2614871, 53.343176], [-6.2613961, 53.3430241], [-6.2613304, 53.3428676], [-6.2612908, 53.342708], [-6.2612775, 53.3425469], [-6.2612908, 53.3423858], [-6.2613304, 53.3422262], [-6.2613961, 53.3420697], [-6.2614871, 53.3419178], [-6.2616026, 53.341772], [-6.2617416, 53.3416336], [-6.2619025, 53.341504], [-6.262084, 53.3413845], [-6.2622842, 53.3412761], [-6.2625012, 53.34118], [-6.262733, 53.3410971], [-6.2629773, 53.3410281], [-6.2632317, 53.3409738], [-6.2634938, 53.3409346], [-6.2637611, 53.3409109], [-6.264031, 53.340903], [-6.2643009, 53.3409109], [-6.2645682, 53.3409346], [-6.2648303, 53.3409738], [-6.2650847, 53.3410281], [-6.265329, 53.3410971], [-6.2655608, 53.34118], [-6.2657778, 53.3412761], [-6.265978, 53.3413845], [-6.2661595, 53.341504], [-6.2663204, 53.3416336], [-6.2664594, 53.341772], [-6.2665749, 53.3419178], [-6.2666659, 53.3420697], [-6.2667316, 53.3422262], [-6.2667712, 53.3423858], [-6.2667845, 53.3425469], [-6.2667712, 53.342708], [-6.2667316, 53.3428676], [-6.2666659, 53.3430241], [-6.2665749, 53.343176], [-6.2664594, 53.3433218], [-6.2663204, 53.3434602], [-6.2661595, 53.3435898], [-6.265978, 53.3437093], [-6.2657778, 53.3438177], [-6.2655608, 53.3439138], [-6.265329, 53.3439967], [-6.2650847, 53.3440657], [-6.2648303, 53.34412], [-6.2645682, 53.3441592], [-6.2643009, 53.3441829], [-6.264031, 53.3441908]]]}}, {"type": "Feature", "properties": {"MM ID": "50435", "SITE_ID": "20046", "radius_m": 183, "radius_source": "Footfall.RADIUS", "color": "#29B6E8"}, "geometry": {"type": "Polygon", "coordinates": [[[-6.6008603, 53.3834167], [-6.6005902, 53.3834088], [-6.6003226, 53.3833851], [-6.6000603, 53.3833459], [-6.5998056, 53.3832916], [-6.5995611, 53.3832226], [-6.5993291, 53.3831397], [-6.5991119, 53.3830436], [-6.5989115, 53.3829352], [-6.5987299, 53.3828157], [-6.5985688, 53.3826861], [-6.5984297, 53.3825477], [-6.5983141, 53.3824019], [-6.598223, 53.38225], [-6.5981572, 53.3820935], [-6.5981176, 53.3819339], [-6.5981043, 53.3817728], [-6.5981176, 53.3816117], [-6.5981572, 53.3814521], [-6.598223, 53.3812956], [-6.5983141, 53.3811437], [-6.5984297, 53.3809979], [-6.5985688, 53.3808595], [-6.5987299, 53.3807299], [-6.5989115, 53.3806104], [-6.5991119, 53.380502], [-6.5993291, 53.3804059], [-6.5995611, 53.380323], [-6.5998056, 53.380254], [-6.6000603, 53.3801997], [-6.6003226, 53.3801605], [-6.6005902, 53.3801368], [-6.6008603, 53.3801289], [-6.6011304, 53.3801368], [-6.601398, 53.3801605], [-6.6016603, 53.3801997], [-6.601915, 53.380254], [-6.6021595, 53.380323], [-6.6023915, 53.3804059], [-6.6026087, 53.380502], [-6.6028091, 53.3806104], [-6.6029907, 53.3807299], [-6.6031518, 53.3808595], [-6.6032909, 53.3809979], [-6.6034065, 53.3811437], [-6.6034976, 53.3812956], [-6.6035634, 53.3814521], [-6.603603, 53.3816117], [-6.6036163, 53.3817728], [-6.603603, 53.3819339], [-6.6035634, 53.3820935], [-6.6034976, 53.38225], [-6.6034065, 53.3824019], [-6.6032909, 53.3825477], [-6.6031518, 53.3826861], [-6.6029907, 53.3828157], [-6.6028091, 53.3829352], [-6.6026087, 53.3830436], [-6.6023915, 53.3831397], [-6.6021595, 53.3832226], [-6.601915, 53.3832916], [-6.6016603, 53.3833459], [-6.601398, 53.3833851], [-6.6011304, 53.3834088], [-6.6008603, 53.3834167]]]}}, {"type": "Feature", "properties": {"MM ID": "50436", "SITE_ID": "20047", "radius_m": 183, "radius_source": "Footfall.RADIUS", "color": "#29B6E8"}, "geometry": {"type": "Polygon", "coordinates": [[[-6.6008603, 53.3834167], [-6.6005902, 53.3834088], [-6.6003226, 53.3833851], [-6.6000603, 53.3833459], [-6.5998056, 53.3832916], [-6.5995611, 53.3832226], [-6.5993291, 53.3831397], [-6.5991119, 53.3830436], [-6.5989115, 53.3829352], [-6.5987299, 53.3828157], [-6.5985688, 53.3826861], [-6.5984297, 53.3825477], [-6.5983141, 53.3824019], [-6.598223, 53.38225], [-6.5981572, 53.3820935], [-6.5981176, 53.3819339], [-6.5981043, 53.3817728], [-6.5981176, 53.3816117], [-6.5981572, 53.3814521], [-6.598223, 53.3812956], [-6.5983141, 53.3811437], [-6.5984297, 53.3809979], [-6.5985688, 53.3808595], [-6.5987299, 53.3807299], [-6.5989115, 53.3806104], [-6.5991119, 53.380502], [-6.5993291, 53.3804059], [-6.5995611, 53.380323], [-6.5998056, 53.380254], [-6.6000603, 53.3801997], [-6.6003226, 53.3801605], [-6.6005902, 53.3801368], [-6.6008603, 53.3801289], [-6.6011304, 53.3801368], [-6.601398, 53.3801605], [-6.6016603, 53.3801997], [-6.601915, 53.380254], [-6.6021595, 53.380323], [-6.6023915, 53.3804059], [-6.6026087, 53.380502], [-6.6028091, 53.3806104], [-6.6029907, 53.3807299], [-6.6031518, 53.3808595], [-6.6032909, 53.3809979], [-6.6034065, 53.3811437], [-6.6034976, 53.3812956], [-6.6035634, 53.3814521], [-6.603603, 53.3816117], [-6.6036163, 53.3817728], [-6.603603, 53.3819339], [-6.6035634, 53.3820935], [-6.6034976, 53.38225], [-6.6034065, 53.3824019], [-6.6032909, 53.3825477], [-6.6031518, 53.3826861], [-6.6029907, 53.3828157], [-6.6028091, 53.3829352], [-6.6026087, 53.3830436], [-6.6023915, 53.3831397], [-6.6021595, 53.3832226], [-6.601915, 53.3832916], [-6.6016603, 53.3833459], [-6.601398, 53.3833851], [-6.6011304, 53.3834088], [-6.6008603, 53.3834167]]]}}, {"type": "Feature", "properties": {"MM ID": "50437", "SITE_ID": "20048", "radius_m": 183, "radius_source": "Footfall.RADIUS", "color": "#29B6E8"}, "geometry": {"type": "Polygon", "coordinates": [[[-6.6008603, 53.3834167], [-6.6005902, 53.3834088], [-6.6003226, 53.3833851], [-6.6000603, 53.3833459], [-6.5998056, 53.3832916], [-6.5995611, 53.3832226], [-6.5993291, 53.3831397], [-6.5991119, 53.3830436], [-6.5989115, 53.3829352], [-6.5987299, 53.3828157], [-6.5985688, 53.3826861], [-6.5984297, 53.3825477], [-6.5983141, 53.3824019], [-6.598223, 53.38225], [-6.5981572, 53.3820935], [-6.5981176, 53.3819339], [-6.5981043, 53.3817728], [-6.5981176, 53.3816117], [-6.5981572, 53.3814521], [-6.598223, 53.3812956], [-6.5983141, 53.3811437], [-6.5984297, 53.3809979], [-6.5985688, 53.3808595], [-6.5987299, 53.3807299], [-6.5989115, 53.3806104], [-6.5991119, 53.380502], [-6.5993291, 53.3804059], [-6.5995611, 53.380323], [-6.5998056, 53.380254], [-6.6000603, 53.3801997], [-6.6003226, 53.3801605], [-6.6005902, 53.3801368], [-6.6008603, 53.3801289], [-6.6011304, 53.3801368], [-6.601398, 53.3801605], [-6.6016603, 53.3801997], [-6.601915, 53.380254], [-6.6021595, 53.380323], [-6.6023915, 53.3804059], [-6.6026087, 53.380502], [-6.6028091, 53.3806104], [-6.6029907, 53.3807299], [-6.6031518, 53.3808595], [-6.6032909, 53.3809979], [-6.6034065, 53.3811437], [-6.6034976, 53.3812956], [-6.6035634, 53.3814521], [-6.603603, 53.3816117], [-6.6036163, 53.3817728], [-6.603603, 53.3819339], [-6.6035634, 53.3820935], [-6.6034976, 53.38225], [-6.6034065, 53.3824019], [-6.6032909, 53.3825477], [-6.6031518, 53.3826861], [-6.6029907, 53.3828157], [-6.6028091, 53.3829352], [-6.6026087, 53.3830436], [-6.6023915, 53.3831397], [-6.6021595, 53.3832226], [-6.601915, 53.3832916], [-6.6016603, 53.3833459], [-6.601398, 53.3833851], [-6.6011304, 53.3834088], [-6.6008603, 53.3834167]]]}}, {"type": "Feature", "properties": {"MM ID": "50033", "SITE_ID": "30001", "radius_m": 183, "radius_source": "Footfall.RADIUS", "color": "#29B6E8"}, "geometry": {"type": "Polygon", "coordinates": [[[-6.2652017, 53.3439779], [-6.2649318, 53.34397], [-6.2646645, 53.3439463], [-6.2644024, 53.3439071], [-6.264148, 53.3438528], [-6.2639037, 53.3437838], [-6.263672, 53.3437009], [-6.2634549, 53.3436048], [-6.2632547, 53.3434964], [-6.2630732, 53.3433769], [-6.2629123, 53.3432473], [-6.2627734, 53.3431089], [-6.2626578, 53.3429631], [-6.2625668, 53.3428112], [-6.2625011, 53.3426547], [-6.2624615, 53.3424951], [-6.2624482, 53.342334], [-6.2624615, 53.3421729], [-6.2625011, 53.3420133], [-6.2625668, 53.3418568], [-6.2626578, 53.3417049], [-6.2627734, 53.3415591], [-6.2629123, 53.3414207], [-6.2630732, 53.3412911], [-6.2632547, 53.3411716], [-6.2634549, 53.3410632], [-6.263672, 53.3409671], [-6.2639037, 53.3408842], [-6.264148, 53.3408152], [-6.2644024, 53.3407609], [-6.2646645, 53.3407217], [-6.2649318, 53.340698], [-6.2652017, 53.3406901], [-6.2654716, 53.340698], [-6.2657389, 53.3407217], [-6.266001, 53.3407609], [-6.2662554, 53.3408152], [-6.2664997, 53.3408842], [-6.2667314, 53.3409671], [-6.2669485, 53.3410632], [-6.2671487, 53.3411716], [-6.2673302, 53.3412911], [-6.2674911, 53.3414207], [-6.26763, 53.3415591], [-6.2677456, 53.3417049], [-6.2678366, 53.3418568], [-6.2679023, 53.3420133], [-6.2679419, 53.3421729], [-6.2679552, 53.342334], [-6.2679419, 53.3424951], [-6.2679023, 53.3426547], [-6.2678366, 53.3428112], [-6.2677456, 53.3429631], [-6.26763, 53.3431089], [-6.2674911, 53.3432473], [-6.2673302, 53.3433769], [-6.2671487, 53.3434964], [-6.2669485, 53.3436048], [-6.2667314, 53.3437009], [-6.2664997, 53.3437838], [-6.2662554, 53.3438528], [-6.266001, 53.3439071], [-6.2657389, 53.3439463], [-6.2654716, 53.34397], [-6.2652017, 53.3439779]]]}}, {"type": "Feature", "properties": {"MM ID": "50034", "SITE_ID": "30002", "radius_m": 183, "radius_source": "Footfall.RADIUS", "color": "#29B6E8"}, "geometry": {"type": "Polygon", "coordinates": [[[-6.255089, 53.3273741], [-6.2548192, 53.3273662], [-6.254552, 53.3273425], [-6.25429, 53.3273033], [-6.2540357, 53.327249], [-6.2537915, 53.32718], [-6.2535599, 53.3270971], [-6.2533429, 53.327001], [-6.2531428, 53.3268926], [-6.2529614, 53.3267731], [-6.2528005, 53.3266435], [-6.2526616, 53.3265051], [-6.2525461, 53.3263593], [-6.2524551, 53.3262074], [-6.2523895, 53.3260509], [-6.2523499, 53.3258913], [-6.2523366, 53.3257302], [-6.2523499, 53.3255691], [-6.2523895, 53.3254095], [-6.2524551, 53.325253], [-6.2525461, 53.3251011], [-6.2526616, 53.3249553], [-6.2528005, 53.3248169], [-6.2529614, 53.3246873], [-6.2531428, 53.3245678], [-6.2533429, 53.3244594], [-6.2535599, 53.3243633], [-6.2537915, 53.3242804], [-6.2540357, 53.3242114], [-6.25429, 53.3241571], [-6.254552, 53.3241179], [-6.2548192, 53.3240942], [-6.255089, 53.3240863], [-6.2553588, 53.3240942], [-6.255626, 53.3241179], [-6.255888, 53.3241571], [-6.2561423, 53.3242114], [-6.2563865, 53.3242804], [-6.2566181, 53.3243633], [-6.2568351, 53.3244594], [-6.2570352, 53.3245678], [-6.2572166, 53.3246873], [-6.2573775, 53.3248169], [-6.2575164, 53.3249553], [-6.2576319, 53.3251011], [-6.2577229, 53.325253], [-6.2577885, 53.3254095], [-6.2578281, 53.3255691], [-6.2578414, 53.3257302], [-6.2578281, 53.3258913], [-6.2577885, 53.3260509], [-6.2577229, 53.3262074], [-6.2576319, 53.3263593], [-6.2575164, 53.3265051], [-6.2573775, 53.3266435], [-6.2572166, 53.3267731], [-6.2570352, 53.3268926], [-6.2568351, 53.327001], [-6.2566181, 53.3270971], [-6.2563865, 53.32718], [-6.2561423, 53.327249], [-6.255888, 53.3273033], [-6.255626, 53.3273425], [-6.2553588, 53.3273662], [-6.255089, 53.3273741]]]}}, {"type": "Feature", "properties": {"MM ID": "50035", "SITE_ID": "30003", "radius_m": 183, "radius_source": "Footfall.RADIUS", "color": "#29B6E8"}, "geometry": {"type": "Polygon", "coordinates": [[[-6.2426582, 53.2906115], [-6.2423887, 53.2906036], [-6.2421217, 53.2905799], [-6.2418599, 53.2905407], [-6.2416058, 53.2904864], [-6.2413618, 53.2904174], [-6.2411304, 53.2903345], [-6.2409136, 53.2902384], [-6.2407136, 53.29013], [-6.2405324, 53.2900105], [-6.2403716, 53.2898809], [-6.2402329, 53.2897425], [-6.2401175, 53.2895967], [-6.2400266, 53.2894448], [-6.239961, 53.2892883], [-6.2399214, 53.2891287], [-6.2399082, 53.2889676], [-6.2399214, 53.2888065], [-6.239961, 53.2886469], [-6.2400266, 53.2884904], [-6.2401175, 53.2883385], [-6.2402329, 53.2881927], [-6.2403716, 53.2880543], [-6.2405324, 53.2879247], [-6.2407136, 53.2878052], [-6.2409136, 53.2876968], [-6.2411304, 53.2876007], [-6.2413618, 53.2875178], [-6.2416058, 53.2874488], [-6.2418599, 53.2873945], [-6.2421217, 53.2873553], [-6.2423887, 53.2873316], [-6.2426582, 53.2873237], [-6.2429277, 53.2873316], [-6.2431947, 53.2873553], [-6.2434565, 53.2873945], [-6.2437106, 53.2874488], [-6.2439546, 53.2875178], [-6.244186, 53.2876007], [-6.2444028, 53.2876968], [-6.2446028, 53.2878052], [-6.244784, 53.2879247], [-6.2449448, 53.2880543], [-6.2450835, 53.2881927], [-6.2451989, 53.2883385], [-6.2452898, 53.2884904], [-6.2453554, 53.2886469], [-6.245395, 53.2888065], [-6.2454082, 53.2889676], [-6.245395, 53.2891287], [-6.2453554, 53.2892883], [-6.2452898, 53.2894448], [-6.2451989, 53.2895967], [-6.2450835, 53.2897425], [-6.2449448, 53.2898809], [-6.244784, 53.2900105], [-6.2446028, 53.29013], [-6.2444028, 53.2902384], [-6.244186, 53.2903345], [-6.2439546, 53.2904174], [-6.2437106, 53.2904864], [-6.2434565, 53.2905407], [-6.2431947, 53.2905799], [-6.2429277, 53.2906036], [-6.2426582, 53.2906115]]]}}, {"type": "Feature", "properties": {"MM ID": "50036", "SITE_ID": "30004", "radius_m": 50, "radius_source": "Footfall.RADIUS", "color": "#29B6E8"}, "geometry": {"type": "Polygon", "coordinates": [[[-6.241324, 53.344405], [-6.2412503, 53.3444028], [-6.2411772, 53.3443963], [-6.2411056, 53.3443856], [-6.2410361, 53.3443708], [-6.2409693, 53.3443519], [-6.240906, 53.3443293], [-6.2408467, 53.344303], [-6.240792, 53.3442734], [-6.2407424, 53.3442407], [-6.2406985, 53.3442053], [-6.2406605, 53.3441675], [-6.2406289, 53.3441277], [-6.2406041, 53.3440862], [-6.2405861, 53.3440434], [-6.2405753, 53.3439998], [-6.2405717, 53.3439558], [-6.2405753, 53.3439118], [-6.2405861, 53.3438682], [-6.2406041, 53.3438254], [-6.2406289, 53.3437839], [-6.2406605, 53.3437441], [-6.2406985, 53.3437063], [-6.2407424, 53.3436709], [-6.240792, 53.3436382], [-6.2408467, 53.3436086], [-6.240906, 53.3435823], [-6.2409693, 53.3435597], [-6.2410361, 53.3435408], [-6.2411056, 53.343526], [-6.2411772, 53.3435153], [-6.2412503, 53.3435088], [-6.241324, 53.3435066], [-6.2413977, 53.3435088], [-6.2414708, 53.3435153], [-6.2415424, 53.343526], [-6.2416119, 53.3435408], [-6.2416787, 53.3435597], [-6.241742, 53.3435823], [-6.2418013, 53.3436086], [-6.241856, 53.3436382], [-6.2419056, 53.3436709], [-6.2419495, 53.3437063], [-6.2419875, 53.3437441], [-6.2420191, 53.3437839], [-6.2420439, 53.3438254], [-6.2420619, 53.3438682], [-6.2420727, 53.3439118], [-6.2420763, 53.3439558], [-6.2420727, 53.3439998], [-6.2420619, 53.3440434], [-6.2420439, 53.3440862], [-6.2420191, 53.3441277], [-6.2419875, 53.3441675], [-6.2419495, 53.3442053], [-6.2419056, 53.3442407], [-6.241856, 53.3442734], [-6.2418013, 53.344303], [-6.241742, 53.3443293], [-6.2416787, 53.3443519], [-6.2416119, 53.3443708], [-6.2415424, 53.3443856], [-6.2414708, 53.3443963], [-6.2413977, 53.3444028], [-6.241324, 53.344405]]]}}, {"type": "Feature", "properties": {"MM ID": "50056", "SITE_ID": "30005", "radius_m": 50, "radius_source": "Footfall.RADIUS", "color": "#29B6E8"}, "geometry": {"type": "Polygon", "coordinates": [[[-6.2518074, 53.3383627], [-6.2517337, 53.3383605], [-6.2516606, 53.338354], [-6.251589, 53.3383433], [-6.2515195, 53.3383285], [-6.2514528, 53.3383096], [-6.2513895, 53.338287], [-6.2513302, 53.3382607], [-6.2512755, 53.3382311], [-6.2512259, 53.3381984], [-6.2511819, 53.338163], [-6.251144, 53.3381252], [-6.2511124, 53.3380854], [-6.2510876, 53.3380439], [-6.2510696, 53.3380011], [-6.2510588, 53.3379575], [-6.2510552, 53.3379135], [-6.2510588, 53.3378695], [-6.2510696, 53.3378259], [-6.2510876, 53.3377831], [-6.2511124, 53.3377416], [-6.251144, 53.3377018], [-6.2511819, 53.337664], [-6.2512259, 53.3376286], [-6.2512755, 53.3375959], [-6.2513302, 53.3375663], [-6.2513895, 53.33754], [-6.2514528, 53.3375174], [-6.2515195, 53.3374985], [-6.251589, 53.3374837], [-6.2516606, 53.337473], [-6.2517337, 53.3374665], [-6.2518074, 53.3374643], [-6.2518811, 53.3374665], [-6.2519542, 53.337473], [-6.2520258, 53.3374837], [-6.2520953, 53.3374985], [-6.252162, 53.3375174], [-6.2522253, 53.33754], [-6.2522846, 53.3375663], [-6.2523393, 53.3375959], [-6.2523889, 53.3376286], [-6.2524329, 53.337664], [-6.2524708, 53.3377018], [-6.2525024, 53.3377416], [-6.2525272, 53.3377831], [-6.2525452, 53.3378259], [-6.252556, 53.3378695], [-6.2525596, 53.3379135], [-6.252556, 53.3379575], [-6.2525452, 53.3380011], [-6.2525272, 53.3380439], [-6.2525024, 53.3380854], [-6.2524708, 53.3381252], [-6.2524329, 53.338163], [-6.2523889, 53.3381984], [-6.2523393, 53.3382311], [-6.2522846, 53.3382607], [-6.2522253, 53.338287], [-6.252162, 53.3383096], [-6.2520953, 53.3383285], [-6.2520258, 53.3383433], [-6.2519542, 53.338354], [-6.2518811, 53.3383605], [-6.2518074, 53.3383627]]]}}, {"type": "Feature", "properties": {"MM ID": "50057", "SITE_ID": "30006", "radius_m": 50, "radius_source": "Footfall.RADIUS", "color": "#29B6E8"}, "geometry": {"type": "Polygon", "coordinates": [[[-6.2664441, 53.3327713], [-6.2663704, 53.3327691], [-6.2662974, 53.3327626], [-6.2662258, 53.3327519], [-6.2661563, 53.3327371], [-6.2660895, 53.3327182], [-6.2660262, 53.3326956], [-6.2659669, 53.3326693], [-6.2659123, 53.3326397], [-6.2658627, 53.332607], [-6.2658187, 53.3325716], [-6.2657808, 53.3325338], [-6.2657492, 53.332494], [-6.2657243, 53.3324525], [-6.2657064, 53.3324097], [-6.2656956, 53.3323661], [-6.265692, 53.3323221], [-6.2656956, 53.3322781], [-6.2657064, 53.3322345], [-6.2657243, 53.3321917], [-6.2657492, 53.3321502], [-6.2657808, 53.3321104], [-6.2658187, 53.3320726], [-6.2658627, 53.3320372], [-6.2659123, 53.3320045], [-6.2659669, 53.3319749], [-6.2660262, 53.3319486], [-6.2660895, 53.331926], [-6.2661563, 53.3319071], [-6.2662258, 53.3318923], [-6.2662974, 53.3318816], [-6.2663704, 53.3318751], [-6.2664441, 53.3318729], [-6.2665178, 53.3318751], [-6.2665908, 53.3318816], [-6.2666624, 53.3318923], [-6.2667319, 53.3319071], [-6.2667987, 53.331926], [-6.266862, 53.3319486], [-6.2669213, 53.3319749], [-6.2669759, 53.3320045], [-6.2670255, 53.3320372], [-6.2670695, 53.3320726], [-6.2671074, 53.3321104], [-6.267139, 53.3321502], [-6.2671639, 53.3321917], [-6.2671818, 53.3322345], [-6.2671926, 53.3322781], [-6.2671962, 53.3323221], [-6.2671926, 53.3323661], [-6.2671818, 53.3324097], [-6.2671639, 53.3324525], [-6.267139, 53.332494], [-6.2671074, 53.3325338], [-6.2670695, 53.3325716], [-6.2670255, 53.332607], [-6.2669759, 53.3326397], [-6.2669213, 53.3326693], [-6.266862, 53.3326956], [-6.2667987, 53.3327182], [-6.2667319, 53.3327371], [-6.2666624, 53.3327519], [-6.2665908, 53.3327626], [-6.2665178, 53.3327691], [-6.2664441, 53.3327713]]]}}, {"type": "Feature", "properties": {"MM ID": "50058", "SITE_ID": "30007", "radius_m": 50, "radius_source": "Footfall.RADIUS", "color": "#29B6E8"}, "geometry": {"type": "Polygon", "coordinates": [[[-6.223931, 53.4449674], [-6.2238571, 53.4449652], [-6.2237839, 53.4449587], [-6.2237121, 53.444948], [-6.2236424, 53.4449332], [-6.2235755, 53.4449143], [-6.223512, 53.4448917], [-6.2234526, 53.4448654], [-6.2233978, 53.4448358], [-6.2233481, 53.4448031], [-6.223304, 53.4447677], [-6.2232659, 53.4447299], [-6.2232343, 53.4446901], [-6.2232094, 53.4446486], [-6.2231914, 53.4446058], [-6.2231805, 53.4445622], [-6.2231769, 53.4445182], [-6.2231805, 53.4444742], [-6.2231914, 53.4444306], [-6.2232094, 53.4443878], [-6.2232343, 53.4443463], [-6.2232659, 53.4443065], [-6.223304, 53.4442687], [-6.2233481, 53.4442333], [-6.2233978, 53.4442006], [-6.2234526, 53.444171], [-6.223512, 53.4441447], [-6.2235755, 53.4441221], [-6.2236424, 53.4441032], [-6.2237121, 53.4440884], [-6.2237839, 53.4440777], [-6.2238571, 53.4440712], [-6.223931, 53.444069], [-6.2240049, 53.4440712], [-6.2240781, 53.4440777], [-6.2241499, 53.4440884], [-6.2242196, 53.4441032], [-6.2242865, 53.4441221], [-6.22435, 53.4441447], [-6.2244094, 53.444171], [-6.2244642, 53.4442006], [-6.2245139, 53.4442333], [-6.224558, 53.4442687], [-6.2245961, 53.4443065], [-6.2246277, 53.4443463], [-6.2246526, 53.4443878], [-6.2246706, 53.4444306], [-6.2246815, 53.4444742], [-6.2246851, 53.4445182], [-6.2246815, 53.4445622], [-6.2246706, 53.4446058], [-6.2246526, 53.4446486], [-6.2246277, 53.4446901], [-6.2245961, 53.4447299], [-6.224558, 53.4447677], [-6.2245139, 53.4448031], [-6.2244642, 53.4448358], [-6.2244094, 53.4448654], [-6.22435, 53.4448917], [-6.2242865, 53.4449143], [-6.2242196, 53.4449332], [-6.2241499, 53.444948], [-6.2240781, 53.4449587], [-6.2240049, 53.4449652], [-6.223931, 53.4449674]]]}}, {"type": "Feature", "properties": {"MM ID": "50059", "SITE_ID": "30008", "radius_m": 50, "radius_source": "Footfall.RADIUS", "color": "#29B6E8"}, "geometry": {"type": "Polygon", "coordinates": [[[-6.2522529, 53.3734896], [-6.2521791, 53.3734874], [-6.252106, 53.3734809], [-6.2520344, 53.3734702], [-6.2519648, 53.3734554], [-6.251898, 53.3734365], [-6.2518346, 53.3734139], [-6.2517753, 53.3733876], [-6.2517206, 53.373358], [-6.2516709, 53.3733253], [-6.2516269, 53.3732899], [-6.2515889, 53.3732521], [-6.2515574, 53.3732123], [-6.2515325, 53.3731708], [-6.2515145, 53.373128], [-6.2515037, 53.3730844], [-6.2515, 53.3730404], [-6.2515037, 53.3729964], [-6.2515145, 53.3729528], [-6.2515325, 53.37291], [-6.2515574, 53.3728685], [-6.2515889, 53.3728287], [-6.2516269, 53.3727909], [-6.2516709, 53.3727555], [-6.2517206, 53.3727228], [-6.2517753, 53.3726932], [-6.2518346, 53.3726669], [-6.251898, 53.3726443], [-6.2519648, 53.3726254], [-6.2520344, 53.3726106], [-6.252106, 53.3725999], [-6.2521791, 53.3725934], [-6.2522529, 53.3725912], [-6.2523267, 53.3725934], [-6.2523998, 53.3725999], [-6.2524714, 53.3726106], [-6.252541, 53.3726254], [-6.2526078, 53.3726443], [-6.2526712, 53.3726669], [-6.2527305, 53.3726932], [-6.2527852, 53.3727228], [-6.2528349, 53.3727555], [-6.2528789, 53.3727909], [-6.2529169, 53.3728287], [-6.2529484, 53.3728685], [-6.2529733, 53.37291], [-6.2529913, 53.3729528], [-6.2530021, 53.3729964], [-6.2530058, 53.3730404], [-6.2530021, 53.3730844], [-6.2529913, 53.373128], [-6.2529733, 53.3731708], [-6.2529484, 53.3732123], [-6.2529169, 53.3732521], [-6.2528789, 53.3732899], [-6.2528349, 53.3733253], [-6.2527852, 53.373358], [-6.2527305, 53.3733876], [-6.2526712, 53.3734139], [-6.2526078, 53.3734365], [-6.252541, 53.3734554], [-6.2524714, 53.3734702], [-6.2523998, 53.3734809], [-6.2523267, 53.3734874], [-6.2522529, 53.3734896]]]}}, {"type": "Feature", "properties": {"MM ID": "50110", "SITE_ID": "30009", "radius_m": 50, "radius_source": "Footfall.RADIUS", "color": "#29B6E8"}, "geometry": {"type": "Polygon", "coordinates": [[[-8.4730272, 51.9181928], [-8.4729558, 51.9181906], [-8.4728851, 51.9181841], [-8.4728158, 51.9181734], [-8.4727485, 51.9181586], [-8.4726839, 51.9181397], [-8.4726226, 51.9181171], [-8.4725652, 51.9180908], [-8.4725123, 51.9180612], [-8.4724643, 51.9180285], [-8.4724217, 51.9179931], [-8.472385, 51.9179553], [-8.4723544, 51.9179155], [-8.4723303, 51.917874], [-8.472313, 51.9178312], [-8.4723025, 51.9177876], [-8.472299, 51.9177436], [-8.4723025, 51.9176996], [-8.472313, 51.917656], [-8.4723303, 51.9176132], [-8.4723544, 51.9175717], [-8.472385, 51.9175319], [-8.4724217, 51.9174941], [-8.4724643, 51.9174587], [-8.4725123, 51.917426], [-8.4725652, 51.9173964], [-8.4726226, 51.9173701], [-8.4726839, 51.9173475], [-8.4727485, 51.9173286], [-8.4728158, 51.9173138], [-8.4728851, 51.9173031], [-8.4729558, 51.9172966], [-8.4730272, 51.9172944], [-8.4730986, 51.9172966], [-8.4731693, 51.9173031], [-8.4732386, 51.9173138], [-8.4733059, 51.9173286], [-8.4733705, 51.9173475], [-8.4734318, 51.9173701], [-8.4734892, 51.9173964], [-8.4735421, 51.917426], [-8.4735901, 51.9174587], [-8.4736327, 51.9174941], [-8.4736694, 51.9175319], [-8.4737, 51.9175717], [-8.4737241, 51.9176132], [-8.4737414, 51.917656], [-8.4737519, 51.9176996], [-8.4737554, 51.9177436], [-8.4737519, 51.9177876], [-8.4737414, 51.9178312], [-8.4737241, 51.917874], [-8.4737, 51.9179155], [-8.4736694, 51.9179553], [-8.4736327, 51.9179931], [-8.4735901, 51.9180285], [-8.4735421, 51.9180612], [-8.4734892, 51.9180908], [-8.4734318, 51.9181171], [-8.4733705, 51.9181397], [-8.4733059, 51.9181586], [-8.4732386, 51.9181734], [-8.4731693, 51.9181841], [-8.4730986, 51.9181906], [-8.4730272, 51.9181928]]]}}, {"type": "Feature", "properties": {"MM ID": "50111", "SITE_ID": "30010", "radius_m": 50, "radius_source": "Footfall.RADIUS", "color": "#29B6E8"}, "geometry": {"type": "Polygon", "coordinates": [[[-8.4730272, 51.9181928], [-8.4729558, 51.9181906], [-8.4728851, 51.9181841], [-8.4728158, 51.9181734], [-8.4727485, 51.9181586], [-8.4726839, 51.9181397], [-8.4726226, 51.9181171], [-8.4725652, 51.9180908], [-8.4725123, 51.9180612], [-8.4724643, 51.9180285], [-8.4724217, 51.9179931], [-8.472385, 51.9179553], [-8.4723544, 51.9179155], [-8.4723303, 51.917874], [-8.472313, 51.9178312], [-8.4723025, 51.9177876], [-8.472299, 51.9177436], [-8.4723025, 51.9176996], [-8.472313, 51.917656], [-8.4723303, 51.9176132], [-8.4723544, 51.9175717], [-8.472385, 51.9175319], [-8.4724217, 51.9174941], [-8.4724643, 51.9174587], [-8.4725123, 51.917426], [-8.4725652, 51.9173964], [-8.4726226, 51.9173701], [-8.4726839, 51.9173475], [-8.4727485, 51.9173286], [-8.4728158, 51.9173138], [-8.4728851, 51.9173031], [-8.4729558, 51.9172966], [-8.4730272, 51.9172944], [-8.4730986, 51.9172966], [-8.4731693, 51.9173031], [-8.4732386, 51.9173138], [-8.4733059, 51.9173286], [-8.4733705, 51.9173475], [-8.4734318, 51.9173701], [-8.4734892, 51.9173964], [-8.4735421, 51.917426], [-8.4735901, 51.9174587], [-8.4736327, 51.9174941], [-8.4736694, 51.9175319], [-8.4737, 51.9175717], [-8.4737241, 51.9176132], [-8.4737414, 51.917656], [-8.4737519, 51.9176996], [-8.4737554, 51.9177436], [-8.4737519, 51.9177876], [-8.4737414, 51.9178312], [-8.4737241, 51.917874], [-8.4737, 51.9179155], [-8.4736694, 51.9179553], [-8.4736327, 51.9179931], [-8.4735901, 51.9180285], [-8.4735421, 51.9180612], [-8.4734892, 51.9180908], [-8.4734318, 51.9181171], [-8.4733705, 51.9181397], [-8.4733059, 51.9181586], [-8.4732386, 51.9181734], [-8.4731693, 51.9181841], [-8.4730986, 51.9181906], [-8.4730272, 51.9181928]]]}}, {"type": "Feature", "properties": {"MM ID": "50112", "SITE_ID": "30011", "radius_m": 50, "radius_source": "Footfall.RADIUS", "color": "#29B6E8"}, "geometry": {"type": "Polygon", "coordinates": [[[-8.4372941, 51.8781316], [-8.4372228, 51.8781294], [-8.4371522, 51.8781229], [-8.4370829, 51.8781122], [-8.4370157, 51.8780974], [-8.4369511, 51.8780785], [-8.4368899, 51.8780559], [-8.4368325, 51.8780296], [-8.4367796, 51.878], [-8.4367317, 51.8779673], [-8.4366892, 51.8779319], [-8.4366524, 51.8778941], [-8.4366219, 51.8778543], [-8.4365979, 51.8778128], [-8.4365805, 51.87777], [-8.43657, 51.8777264], [-8.4365665, 51.8776824], [-8.43657, 51.8776384], [-8.4365805, 51.8775948], [-8.4365979, 51.877552], [-8.4366219, 51.8775105], [-8.4366524, 51.8774707], [-8.4366892, 51.8774329], [-8.4367317, 51.8773975], [-8.4367796, 51.8773648], [-8.4368325, 51.8773352], [-8.4368899, 51.8773089], [-8.4369511, 51.8772863], [-8.4370157, 51.8772674], [-8.4370829, 51.8772526], [-8.4371522, 51.8772419], [-8.4372228, 51.8772354], [-8.4372941, 51.8772332], [-8.4373654, 51.8772354], [-8.437436, 51.8772419], [-8.4375053, 51.8772526], [-8.4375725, 51.8772674], [-8.4376371, 51.8772863], [-8.4376983, 51.8773089], [-8.4377557, 51.8773352], [-8.4378086, 51.8773648], [-8.4378565, 51.8773975], [-8.437899, 51.8774329], [-8.4379358, 51.8774707], [-8.4379663, 51.8775105], [-8.4379903, 51.877552], [-8.4380077, 51.8775948], [-8.4380182, 51.8776384], [-8.4380217, 51.8776824], [-8.4380182, 51.8777264], [-8.4380077, 51.87777], [-8.4379903, 51.8778128], [-8.4379663, 51.8778543], [-8.4379358, 51.8778941], [-8.437899, 51.8779319], [-8.4378565, 51.8779673], [-8.4378086, 51.878], [-8.4377557, 51.8780296], [-8.4376983, 51.8780559], [-8.4376371, 51.8780785], [-8.4375725, 51.8780974], [-8.4375053, 51.8781122], [-8.437436, 51.8781229], [-8.4373654, 51.8781294], [-8.4372941, 51.8781316]]]}}, {"type": "Feature", "properties": {"MM ID": "50113", "SITE_ID": "30012", "radius_m": 50, "radius_source": "Footfall.RADIUS", "color": "#29B6E8"}, "geometry": {"type": "Polygon", "coordinates": [[[-8.4372941, 51.8781316], [-8.4372228, 51.8781294], [-8.4371522, 51.8781229], [-8.4370829, 51.8781122], [-8.4370157, 51.8780974], [-8.4369511, 51.8780785], [-8.4368899, 51.8780559], [-8.4368325, 51.8780296], [-8.4367796, 51.878], [-8.4367317, 51.8779673], [-8.4366892, 51.8779319], [-8.4366524, 51.8778941], [-8.4366219, 51.8778543], [-8.4365979, 51.8778128], [-8.4365805, 51.87777], [-8.43657, 51.8777264], [-8.4365665, 51.8776824], [-8.43657, 51.8776384], [-8.4365805, 51.8775948], [-8.4365979, 51.877552], [-8.4366219, 51.8775105], [-8.4366524, 51.8774707], [-8.4366892, 51.8774329], [-8.4367317, 51.8773975], [-8.4367796, 51.8773648], [-8.4368325, 51.8773352], [-8.4368899, 51.8773089], [-8.4369511, 51.8772863], [-8.4370157, 51.8772674], [-8.4370829, 51.8772526], [-8.4371522, 51.8772419], [-8.4372228, 51.8772354], [-8.4372941, 51.8772332], [-8.4373654, 51.8772354], [-8.437436, 51.8772419], [-8.4375053, 51.8772526], [-8.4375725, 51.8772674], [-8.4376371, 51.8772863], [-8.4376983, 51.8773089], [-8.4377557, 51.8773352], [-8.4378086, 51.8773648], [-8.4378565, 51.8773975], [-8.437899, 51.8774329], [-8.4379358, 51.8774707], [-8.4379663, 51.8775105], [-8.4379903, 51.877552], [-8.4380077, 51.8775948], [-8.4380182, 51.8776384], [-8.4380217, 51.8776824], [-8.4380182, 51.8777264], [-8.4380077, 51.87777], [-8.4379903, 51.8778128], [-8.4379663, 51.8778543], [-8.4379358, 51.8778941], [-8.437899, 51.8779319], [-8.4378565, 51.8779673], [-8.4378086, 51.878], [-8.4377557, 51.8780296], [-8.4376983, 51.8780559], [-8.4376371, 51.8780785], [-8.4375725, 51.8780974], [-8.4375053, 51.8781122], [-8.437436, 51.8781229], [-8.4373654, 51.8781294], [-8.4372941, 51.8781316]]]}}, {"type": "Feature", "properties": {"MM ID": "50114", "SITE_ID": "30013", "radius_m": 50, "radius_source": "Footfall.RADIUS", "color": "#29B6E8"}, "geometry": {"type": "Polygon", "coordinates": [[[-8.5827313, 51.8861131], [-8.58266, 51.8861109], [-8.5825893, 51.8861044], [-8.5825201, 51.8860937], [-8.5824528, 51.8860789], [-8.5823883, 51.88606], [-8.582327, 51.8860374], [-8.5822697, 51.8860111], [-8.5822167, 51.8859815], [-8.5821688, 51.8859488], [-8.5821262, 51.8859134], [-8.5820895, 51.8858756], [-8.582059, 51.8858358], [-8.5820349, 51.8857943], [-8.5820176, 51.8857515], [-8.5820071, 51.8857079], [-8.5820036, 51.8856639], [-8.5820071, 51.8856199], [-8.5820176, 51.8855763], [-8.5820349, 51.8855335], [-8.582059, 51.885492], [-8.5820895, 51.8854522], [-8.5821262, 51.8854144], [-8.5821688, 51.885379], [-8.5822167, 51.8853463], [-8.5822697, 51.8853167], [-8.582327, 51.8852904], [-8.5823883, 51.8852678], [-8.5824528, 51.8852489], [-8.5825201, 51.8852341], [-8.5825893, 51.8852234], [-8.58266, 51.8852169], [-8.5827313, 51.8852147], [-8.5828026, 51.8852169], [-8.5828733, 51.8852234], [-8.5829425, 51.8852341], [-8.5830098, 51.8852489], [-8.5830743, 51.8852678], [-8.5831356, 51.8852904], [-8.5831929, 51.8853167], [-8.5832459, 51.8853463], [-8.5832938, 51.885379], [-8.5833364, 51.8854144], [-8.5833731, 51.8854522], [-8.5834036, 51.885492], [-8.5834277, 51.8855335], [-8.583445, 51.8855763], [-8.5834555, 51.8856199], [-8.583459, 51.8856639], [-8.5834555, 51.8857079], [-8.583445, 51.8857515], [-8.5834277, 51.8857943], [-8.5834036, 51.8858358], [-8.5833731, 51.8858756], [-8.5833364, 51.8859134], [-8.5832938, 51.8859488], [-8.5832459, 51.8859815], [-8.5831929, 51.8860111], [-8.5831356, 51.8860374], [-8.5830743, 51.88606], [-8.5830098, 51.8860789], [-8.5829425, 51.8860937], [-8.5828733, 51.8861044], [-8.5828026, 51.8861109], [-8.5827313, 51.8861131]]]}}, {"type": "Feature", "properties": {"MM ID": "50115", "SITE_ID": "30014", "radius_m": 50, "radius_source": "Footfall.RADIUS", "color": "#29B6E8"}, "geometry": {"type": "Polygon", "coordinates": [[[-8.5827313, 51.8861131], [-8.58266, 51.8861109], [-8.5825893, 51.8861044], [-8.5825201, 51.8860937], [-8.5824528, 51.8860789], [-8.5823883, 51.88606], [-8.582327, 51.8860374], [-8.5822697, 51.8860111], [-8.5822167, 51.8859815], [-8.5821688, 51.8859488], [-8.5821262, 51.8859134], [-8.5820895, 51.8858756], [-8.582059, 51.8858358], [-8.5820349, 51.8857943], [-8.5820176, 51.8857515], [-8.5820071, 51.8857079], [-8.5820036, 51.8856639], [-8.5820071, 51.8856199], [-8.5820176, 51.8855763], [-8.5820349, 51.8855335], [-8.582059, 51.885492], [-8.5820895, 51.8854522], [-8.5821262, 51.8854144], [-8.5821688, 51.885379], [-8.5822167, 51.8853463], [-8.5822697, 51.8853167], [-8.582327, 51.8852904], [-8.5823883, 51.8852678], [-8.5824528, 51.8852489], [-8.5825201, 51.8852341], [-8.5825893, 51.8852234], [-8.58266, 51.8852169], [-8.5827313, 51.8852147], [-8.5828026, 51.8852169], [-8.5828733, 51.8852234], [-8.5829425, 51.8852341], [-8.5830098, 51.8852489], [-8.5830743, 51.8852678], [-8.5831356, 51.8852904], [-8.5831929, 51.8853167], [-8.5832459, 51.8853463], [-8.5832938, 51.885379], [-8.5833364, 51.8854144], [-8.5833731, 51.8854522], [-8.5834036, 51.885492], [-8.5834277, 51.8855335], [-8.583445, 51.8855763], [-8.5834555, 51.8856199], [-8.583459, 51.8856639], [-8.5834555, 51.8857079], [-8.583445, 51.8857515], [-8.5834277, 51.8857943], [-8.5834036, 51.8858358], [-8.5833731, 51.8858756], [-8.5833364, 51.8859134], [-8.5832938, 51.8859488], [-8.5832459, 51.8859815], [-8.5831929, 51.8860111], [-8.5831356, 51.8860374], [-8.5830743, 51.88606], [-8.5830098, 51.8860789], [-8.5829425, 51.8860937], [-8.5828733, 51.8861044], [-8.5828026, 51.8861109], [-8.5827313, 51.8861131]]]}}, {"type": "Feature", "properties": {"MM ID": "50119", "SITE_ID": "30015", "radius_m": 183, "radius_source": "Footfall.RADIUS", "color": "#29B6E8"}, "geometry": {"type": "Polygon", "coordinates": [[[-8.4690813, 51.8960377], [-8.4688202, 51.8960298], [-8.4685616, 51.8960061], [-8.468308, 51.8959669], [-8.4680619, 51.8959126], [-8.4678256, 51.8958436], [-8.4676013, 51.8957607], [-8.4673914, 51.8956646], [-8.4671977, 51.8955562], [-8.4670221, 51.8954367], [-8.4668664, 51.8953071], [-8.466732, 51.8951687], [-8.4666202, 51.8950229], [-8.4665321, 51.894871], [-8.4664686, 51.8947145], [-8.4664303, 51.8945549], [-8.4664174, 51.8943938], [-8.4664303, 51.8942327], [-8.4664686, 51.8940731], [-8.4665321, 51.8939166], [-8.4666202, 51.8937647], [-8.466732, 51.8936189], [-8.4668664, 51.8934805], [-8.4670221, 51.8933509], [-8.4671977, 51.8932314], [-8.4673914, 51.893123], [-8.4676013, 51.8930269], [-8.4678256, 51.892944], [-8.4680619, 51.892875], [-8.468308, 51.8928207], [-8.4685616, 51.8927815], [-8.4688202, 51.8927578], [-8.4690813, 51.8927499], [-8.4693424, 51.8927578], [-8.469601, 51.8927815], [-8.4698546, 51.8928207], [-8.4701007, 51.892875], [-8.470337, 51.892944], [-8.4705613, 51.8930269], [-8.4707712, 51.893123], [-8.4709649, 51.8932314], [-8.4711405, 51.8933509], [-8.4712962, 51.8934805], [-8.4714306, 51.8936189], [-8.4715424, 51.8937647], [-8.4716305, 51.8939166], [-8.471694, 51.8940731], [-8.4717323, 51.8942327], [-8.4717452, 51.8943938], [-8.4717323, 51.8945549], [-8.471694, 51.8947145], [-8.4716305, 51.894871], [-8.4715424, 51.8950229], [-8.4714306, 51.8951687], [-8.4712962, 51.8953071], [-8.4711405, 51.8954367], [-8.4709649, 51.8955562], [-8.4707712, 51.8956646], [-8.4705613, 51.8957607], [-8.470337, 51.8958436], [-8.4701007, 51.8959126], [-8.4698546, 51.8959669], [-8.469601, 51.8960061], [-8.4693424, 51.8960298], [-8.4690813, 51.8960377]]]}}, {"type": "Feature", "properties": {"MM ID": "50129", "SITE_ID": "30016", "radius_m": 50, "radius_source": "Footfall.RADIUS", "color": "#29B6E8"}, "geometry": {"type": "Polygon", "coordinates": [[[-6.1798953, 53.4018672], [-6.1798215, 53.401865], [-6.1797483, 53.4018585], [-6.1796766, 53.4018478], [-6.179607, 53.401833], [-6.1795402, 53.4018141], [-6.1794768, 53.4017915], [-6.1794174, 53.4017652], [-6.1793626, 53.4017356], [-6.1793129, 53.4017029], [-6.1792689, 53.4016675], [-6.1792309, 53.4016297], [-6.1791993, 53.4015899], [-6.1791744, 53.4015484], [-6.1791564, 53.4015056], [-6.1791456, 53.401462], [-6.1791419, 53.401418], [-6.1791456, 53.401374], [-6.1791564, 53.4013304], [-6.1791744, 53.4012876], [-6.1791993, 53.4012461], [-6.1792309, 53.4012063], [-6.1792689, 53.4011685], [-6.1793129, 53.4011331], [-6.1793626, 53.4011004], [-6.1794174, 53.4010708], [-6.1794768, 53.4010445], [-6.1795402, 53.4010219], [-6.179607, 53.401003], [-6.1796766, 53.4009882], [-6.1797483, 53.4009775], [-6.1798215, 53.400971], [-6.1798953, 53.4009688], [-6.1799691, 53.400971], [-6.1800423, 53.4009775], [-6.180114, 53.4009882], [-6.1801836, 53.401003], [-6.1802504, 53.4010219], [-6.1803138, 53.4010445], [-6.1803732, 53.4010708], [-6.180428, 53.4011004], [-6.1804777, 53.4011331], [-6.1805217, 53.4011685], [-6.1805597, 53.4012063], [-6.1805913, 53.4012461], [-6.1806162, 53.4012876], [-6.1806342, 53.4013304], [-6.180645, 53.401374], [-6.1806487, 53.401418], [-6.180645, 53.401462], [-6.1806342, 53.4015056], [-6.1806162, 53.4015484], [-6.1805913, 53.4015899], [-6.1805597, 53.4016297], [-6.1805217, 53.4016675], [-6.1804777, 53.4017029], [-6.180428, 53.4017356], [-6.1803732, 53.4017652], [-6.1803138, 53.4017915], [-6.1802504, 53.4018141], [-6.1801836, 53.401833], [-6.180114, 53.4018478], [-6.1800423, 53.4018585], [-6.1799691, 53.401865], [-6.1798953, 53.4018672]]]}}, {"type": "Feature", "properties": {"MM ID": "50130", "SITE_ID": "30017", "radius_m": 50, "radius_source": "Footfall.RADIUS", "color": "#29B6E8"}, "geometry": {"type": "Polygon", "coordinates": [[[-6.1798953, 53.4018672], [-6.1798215, 53.401865], [-6.1797483, 53.4018585], [-6.1796766, 53.4018478], [-6.179607, 53.401833], [-6.1795402, 53.4018141], [-6.1794768, 53.4017915], [-6.1794174, 53.4017652], [-6.1793626, 53.4017356], [-6.1793129, 53.4017029], [-6.1792689, 53.4016675], [-6.1792309, 53.4016297], [-6.1791993, 53.4015899], [-6.1791744, 53.4015484], [-6.1791564, 53.4015056], [-6.1791456, 53.401462], [-6.1791419, 53.401418], [-6.1791456, 53.401374], [-6.1791564, 53.4013304], [-6.1791744, 53.4012876], [-6.1791993, 53.4012461], [-6.1792309, 53.4012063], [-6.1792689, 53.4011685], [-6.1793129, 53.4011331], [-6.1793626, 53.4011004], [-6.1794174, 53.4010708], [-6.1794768, 53.4010445], [-6.1795402, 53.4010219], [-6.179607, 53.401003], [-6.1796766, 53.4009882], [-6.1797483, 53.4009775], [-6.1798215, 53.400971], [-6.1798953, 53.4009688], [-6.1799691, 53.400971], [-6.1800423, 53.4009775], [-6.180114, 53.4009882], [-6.1801836, 53.401003], [-6.1802504, 53.4010219], [-6.1803138, 53.4010445], [-6.1803732, 53.4010708], [-6.180428, 53.4011004], [-6.1804777, 53.4011331], [-6.1805217, 53.4011685], [-6.1805597, 53.4012063], [-6.1805913, 53.4012461], [-6.1806162, 53.4012876], [-6.1806342, 53.4013304], [-6.180645, 53.401374], [-6.1806487, 53.401418], [-6.180645, 53.401462], [-6.1806342, 53.4015056], [-6.1806162, 53.4015484], [-6.1805913, 53.4015899], [-6.1805597, 53.4016297], [-6.1805217, 53.4016675], [-6.1804777, 53.4017029], [-6.180428, 53.4017356], [-6.1803732, 53.4017652], [-6.1803138, 53.4017915], [-6.1802504, 53.4018141], [-6.1801836, 53.401833], [-6.180114, 53.4018478], [-6.1800423, 53.4018585], [-6.1799691, 53.401865], [-6.1798953, 53.4018672]]]}}, {"type": "Feature", "properties": {"MM ID": "50132", "SITE_ID": "30018", "radius_m": 183, "radius_source": "Footfall.RADIUS", "color": "#29B6E8"}, "geometry": {"type": "Polygon", "coordinates": [[[-6.4230195, 53.2847608], [-6.42275, 53.2847529], [-6.4224831, 53.2847292], [-6.4222213, 53.28469], [-6.4219673, 53.2846357], [-6.4217233, 53.2845667], [-6.4214919, 53.2844838], [-6.4212751, 53.2843877], [-6.4210752, 53.2842793], [-6.420894, 53.2841598], [-6.4207332, 53.2840302], [-6.4205945, 53.2838918], [-6.4204792, 53.283746], [-6.4203882, 53.2835941], [-6.4203227, 53.2834376], [-6.4202831, 53.283278], [-6.4202699, 53.2831169], [-6.4202831, 53.2829558], [-6.4203227, 53.2827962], [-6.4203882, 53.2826397], [-6.4204792, 53.2824878], [-6.4205945, 53.282342], [-6.4207332, 53.2822036], [-6.420894, 53.282074], [-6.4210752, 53.2819545], [-6.4212751, 53.2818461], [-6.4214919, 53.28175], [-6.4217233, 53.2816671], [-6.4219673, 53.2815981], [-6.4222213, 53.2815438], [-6.4224831, 53.2815046], [-6.42275, 53.2814809], [-6.4230195, 53.281473], [-6.423289, 53.2814809], [-6.4235559, 53.2815046], [-6.4238177, 53.2815438], [-6.4240717, 53.2815981], [-6.4243157, 53.2816671], [-6.4245471, 53.28175], [-6.4247639, 53.2818461], [-6.4249638, 53.2819545], [-6.425145, 53.282074], [-6.4253058, 53.2822036], [-6.4254445, 53.282342], [-6.4255598, 53.2824878], [-6.4256508, 53.2826397], [-6.4257163, 53.2827962], [-6.4257559, 53.2829558], [-6.4257691, 53.2831169], [-6.4257559, 53.283278], [-6.4257163, 53.2834376], [-6.4256508, 53.2835941], [-6.4255598, 53.283746], [-6.4254445, 53.2838918], [-6.4253058, 53.2840302], [-6.425145, 53.2841598], [-6.4249638, 53.2842793], [-6.4247639, 53.2843877], [-6.4245471, 53.2844838], [-6.4243157, 53.2845667], [-6.4240717, 53.2846357], [-6.4238177, 53.28469], [-6.4235559, 53.2847292], [-6.423289, 53.2847529], [-6.4230195, 53.2847608]]]}}, {"type": "Feature", "properties": {"MM ID": "50138", "SITE_ID": "30019", "radius_m": 50, "radius_source": "Footfall.RADIUS", "color": "#29B6E8"}, "geometry": {"type": "Polygon", "coordinates": [[[-6.3304118, 53.3259051], [-6.3303381, 53.3259029], [-6.3302651, 53.3258964], [-6.3301935, 53.3258857], [-6.330124, 53.3258709], [-6.3300573, 53.325852], [-6.329994, 53.3258294], [-6.3299347, 53.3258031], [-6.32988, 53.3257735], [-6.3298305, 53.3257408], [-6.3297865, 53.3257054], [-6.3297486, 53.3256676], [-6.329717, 53.3256278], [-6.3296922, 53.3255863], [-6.3296742, 53.3255435], [-6.3296634, 53.3254999], [-6.3296598, 53.3254559], [-6.3296634, 53.3254119], [-6.3296742, 53.3253683], [-6.3296922, 53.3253255], [-6.329717, 53.325284], [-6.3297486, 53.3252442], [-6.3297865, 53.3252064], [-6.3298305, 53.325171], [-6.32988, 53.3251383], [-6.3299347, 53.3251087], [-6.329994, 53.3250824], [-6.3300573, 53.3250598], [-6.330124, 53.3250409], [-6.3301935, 53.3250261], [-6.3302651, 53.3250154], [-6.3303381, 53.3250089], [-6.3304118, 53.3250067], [-6.3304855, 53.3250089], [-6.3305585, 53.3250154], [-6.3306301, 53.3250261], [-6.3306996, 53.3250409], [-6.3307663, 53.3250598], [-6.3308296, 53.3250824], [-6.3308889, 53.3251087], [-6.3309436, 53.3251383], [-6.3309931, 53.325171], [-6.3310371, 53.3252064], [-6.331075, 53.3252442], [-6.3311066, 53.325284], [-6.3311314, 53.3253255], [-6.3311494, 53.3253683], [-6.3311602, 53.3254119], [-6.3311638, 53.3254559], [-6.3311602, 53.3254999], [-6.3311494, 53.3255435], [-6.3311314, 53.3255863], [-6.3311066, 53.3256278], [-6.331075, 53.3256676], [-6.3310371, 53.3257054], [-6.3309931, 53.3257408], [-6.3309436, 53.3257735], [-6.3308889, 53.3258031], [-6.3308296, 53.3258294], [-6.3307663, 53.325852], [-6.3306996, 53.3258709], [-6.3306301, 53.3258857], [-6.3305585, 53.3258964], [-6.3304855, 53.3259029], [-6.3304118, 53.3259051]]]}}, {"type": "Feature", "properties": {"MM ID": "50159", "SITE_ID": "30021", "radius_m": 50, "radius_source": "Footfall.RADIUS", "color": "#29B6E8"}, "geometry": {"type": "Polygon", "coordinates": [[[-6.2539596, 53.347243], [-6.2538859, 53.3472408], [-6.2538128, 53.3472343], [-6.2537412, 53.3472236], [-6.2536717, 53.3472088], [-6.2536049, 53.3471899], [-6.2535416, 53.3471673], [-6.2534823, 53.347141], [-6.2534276, 53.3471114], [-6.253378, 53.3470787], [-6.253334, 53.3470433], [-6.253296, 53.3470055], [-6.2532645, 53.3469657], [-6.2532396, 53.3469242], [-6.2532217, 53.3468814], [-6.2532108, 53.3468378], [-6.2532072, 53.3467938], [-6.2532108, 53.3467498], [-6.2532217, 53.3467062], [-6.2532396, 53.3466634], [-6.2532645, 53.3466219], [-6.253296, 53.3465821], [-6.253334, 53.3465443], [-6.253378, 53.3465089], [-6.2534276, 53.3464762], [-6.2534823, 53.3464466], [-6.2535416, 53.3464203], [-6.2536049, 53.3463977], [-6.2536717, 53.3463788], [-6.2537412, 53.346364], [-6.2538128, 53.3463533], [-6.2538859, 53.3463468], [-6.2539596, 53.3463446], [-6.2540333, 53.3463468], [-6.2541064, 53.3463533], [-6.254178, 53.346364], [-6.2542475, 53.3463788], [-6.2543143, 53.3463977], [-6.2543776, 53.3464203], [-6.2544369, 53.3464466], [-6.2544916, 53.3464762], [-6.2545412, 53.3465089], [-6.2545852, 53.3465443], [-6.2546232, 53.3465821], [-6.2546547, 53.3466219], [-6.2546796, 53.3466634], [-6.2546975, 53.3467062], [-6.2547084, 53.3467498], [-6.254712, 53.3467938], [-6.2547084, 53.3468378], [-6.2546975, 53.3468814], [-6.2546796, 53.3469242], [-6.2546547, 53.3469657], [-6.2546232, 53.3470055], [-6.2545852, 53.3470433], [-6.2545412, 53.3470787], [-6.2544916, 53.3471114], [-6.2544369, 53.347141], [-6.2543776, 53.3471673], [-6.2543143, 53.3471899], [-6.2542475, 53.3472088], [-6.254178, 53.3472236], [-6.2541064, 53.3472343], [-6.2540333, 53.3472408], [-6.2539596, 53.347243]]]}}, {"type": "Feature", "properties": {"MM ID": "50160", "SITE_ID": "30022", "radius_m": 50, "radius_source": "Footfall.RADIUS", "color": "#29B6E8"}, "geometry": {"type": "Polygon", "coordinates": [[[-6.2481178, 53.3125304], [-6.2480441, 53.3125282], [-6.2479711, 53.3125217], [-6.2478996, 53.312511], [-6.2478301, 53.3124962], [-6.2477634, 53.3124773], [-6.2477001, 53.3124547], [-6.2476409, 53.3124284], [-6.2475862, 53.3123988], [-6.2475367, 53.3123661], [-6.2474927, 53.3123307], [-6.2474548, 53.3122929], [-6.2474232, 53.3122531], [-6.2473984, 53.3122116], [-6.2473805, 53.3121688], [-6.2473696, 53.3121252], [-6.247366, 53.3120812], [-6.2473696, 53.3120372], [-6.2473805, 53.3119936], [-6.2473984, 53.3119508], [-6.2474232, 53.3119093], [-6.2474548, 53.3118695], [-6.2474927, 53.3118317], [-6.2475367, 53.3117963], [-6.2475862, 53.3117636], [-6.2476409, 53.311734], [-6.2477001, 53.3117077], [-6.2477634, 53.3116851], [-6.2478301, 53.3116662], [-6.2478996, 53.3116514], [-6.2479711, 53.3116407], [-6.2480441, 53.3116342], [-6.2481178, 53.311632], [-6.2481915, 53.3116342], [-6.2482645, 53.3116407], [-6.248336, 53.3116514], [-6.2484055, 53.3116662], [-6.2484722, 53.3116851], [-6.2485355, 53.3117077], [-6.2485947, 53.311734], [-6.2486494, 53.3117636], [-6.2486989, 53.3117963], [-6.2487429, 53.3118317], [-6.2487808, 53.3118695], [-6.2488124, 53.3119093], [-6.2488372, 53.3119508], [-6.2488551, 53.3119936], [-6.248866, 53.3120372], [-6.2488696, 53.3120812], [-6.248866, 53.3121252], [-6.2488551, 53.3121688], [-6.2488372, 53.3122116], [-6.2488124, 53.3122531], [-6.2487808, 53.3122929], [-6.2487429, 53.3123307], [-6.2486989, 53.3123661], [-6.2486494, 53.3123988], [-6.2485947, 53.3124284], [-6.2485355, 53.3124547], [-6.2484722, 53.3124773], [-6.2484055, 53.3124962], [-6.248336, 53.312511], [-6.2482645, 53.3125217], [-6.2481915, 53.3125282], [-6.2481178, 53.3125304]]]}}, {"type": "Feature", "properties": {"MM ID": "50161", "SITE_ID": "30023", "radius_m": 183, "radius_source": "Footfall.RADIUS", "color": "#29B6E8"}, "geometry": {"type": "Polygon", "coordinates": [[[-6.2493359, 53.3459879], [-6.249066, 53.34598], [-6.2487987, 53.3459563], [-6.2485366, 53.3459171], [-6.2482821, 53.3458628], [-6.2480379, 53.3457938], [-6.2478061, 53.3457109], [-6.247589, 53.3456148], [-6.2473888, 53.3455064], [-6.2472073, 53.3453869], [-6.2470464, 53.3452573], [-6.2469074, 53.3451189], [-6.2467919, 53.3449731], [-6.2467009, 53.3448212], [-6.2466352, 53.3446647], [-6.2465956, 53.3445051], [-6.2465823, 53.344344], [-6.2465956, 53.3441829], [-6.2466352, 53.3440233], [-6.2467009, 53.3438668], [-6.2467919, 53.3437149], [-6.2469074, 53.3435691], [-6.2470464, 53.3434307], [-6.2472073, 53.3433011], [-6.2473888, 53.3431816], [-6.247589, 53.3430732], [-6.2478061, 53.3429771], [-6.2480379, 53.3428942], [-6.2482821, 53.3428252], [-6.2485366, 53.3427709], [-6.2487987, 53.3427317], [-6.249066, 53.342708], [-6.2493359, 53.3427001], [-6.2496058, 53.342708], [-6.2498731, 53.3427317], [-6.2501352, 53.3427709], [-6.2503897, 53.3428252], [-6.2506339, 53.3428942], [-6.2508657, 53.3429771], [-6.2510828, 53.3430732], [-6.251283, 53.3431816], [-6.2514645, 53.3433011], [-6.2516254, 53.3434307], [-6.2517644, 53.3435691], [-6.2518799, 53.3437149], [-6.2519709, 53.3438668], [-6.2520366, 53.3440233], [-6.2520762, 53.3441829], [-6.2520895, 53.344344], [-6.2520762, 53.3445051], [-6.2520366, 53.3446647], [-6.2519709, 53.3448212], [-6.2518799, 53.3449731], [-6.2517644, 53.3451189], [-6.2516254, 53.3452573], [-6.2514645, 53.3453869], [-6.251283, 53.3455064], [-6.2510828, 53.3456148], [-6.2508657, 53.3457109], [-6.2506339, 53.3457938], [-6.2503897, 53.3458628], [-6.2501352, 53.3459171], [-6.2498731, 53.3459563], [-6.2496058, 53.34598], [-6.2493359, 53.3459879]]]}}, {"type": "Feature", "properties": {"MM ID": "50162", "SITE_ID": "30024", "radius_m": 183, "radius_source": "Footfall.RADIUS", "color": "#29B6E8"}, "geometry": {"type": "Polygon", "coordinates": [[[-6.2493359, 53.3459879], [-6.249066, 53.34598], [-6.2487987, 53.3459563], [-6.2485366, 53.3459171], [-6.2482821, 53.3458628], [-6.2480379, 53.3457938], [-6.2478061, 53.3457109], [-6.247589, 53.3456148], [-6.2473888, 53.3455064], [-6.2472073, 53.3453869], [-6.2470464, 53.3452573], [-6.2469074, 53.3451189], [-6.2467919, 53.3449731], [-6.2467009, 53.3448212], [-6.2466352, 53.3446647], [-6.2465956, 53.3445051], [-6.2465823, 53.344344], [-6.2465956, 53.3441829], [-6.2466352, 53.3440233], [-6.2467009, 53.3438668], [-6.2467919, 53.3437149], [-6.2469074, 53.3435691], [-6.2470464, 53.3434307], [-6.2472073, 53.3433011], [-6.2473888, 53.3431816], [-6.247589, 53.3430732], [-6.2478061, 53.3429771], [-6.2480379, 53.3428942], [-6.2482821, 53.3428252], [-6.2485366, 53.3427709], [-6.2487987, 53.3427317], [-6.249066, 53.342708], [-6.2493359, 53.3427001], [-6.2496058, 53.342708], [-6.2498731, 53.3427317], [-6.2501352, 53.3427709], [-6.2503897, 53.3428252], [-6.2506339, 53.3428942], [-6.2508657, 53.3429771], [-6.2510828, 53.3430732], [-6.251283, 53.3431816], [-6.2514645, 53.3433011], [-6.2516254, 53.3434307], [-6.2517644, 53.3435691], [-6.2518799, 53.3437149], [-6.2519709, 53.3438668], [-6.2520366, 53.3440233], [-6.2520762, 53.3441829], [-6.2520895, 53.344344], [-6.2520762, 53.3445051], [-6.2520366, 53.3446647], [-6.2519709, 53.3448212], [-6.2518799, 53.3449731], [-6.2517644, 53.3451189], [-6.2516254, 53.3452573], [-6.2514645, 53.3453869], [-6.251283, 53.3455064], [-6.2510828, 53.3456148], [-6.2508657, 53.3457109], [-6.2506339, 53.3457938], [-6.2503897, 53.3458628], [-6.2501352, 53.3459171], [-6.2498731, 53.3459563], [-6.2496058, 53.34598], [-6.2493359, 53.3459879]]]}}, {"type": "Feature", "properties": {"MM ID": "50184", "SITE_ID": "30025", "radius_m": 50, "radius_source": "Footfall.RADIUS", "color": "#29B6E8"}, "geometry": {"type": "Polygon", "coordinates": [[[-6.2656024, 53.3250535], [-6.2655287, 53.3250513], [-6.2654557, 53.3250448], [-6.2653841, 53.3250341], [-6.2653146, 53.3250193], [-6.2652479, 53.3250004], [-6.2651846, 53.3249778], [-6.2651253, 53.3249515], [-6.2650707, 53.3249219], [-6.2650211, 53.3248892], [-6.2649771, 53.3248538], [-6.2649392, 53.324816], [-6.2649076, 53.3247762], [-6.2648828, 53.3247347], [-6.2648648, 53.3246919], [-6.264854, 53.3246483], [-6.2648504, 53.3246043], [-6.264854, 53.3245603], [-6.2648648, 53.3245167], [-6.2648828, 53.3244739], [-6.2649076, 53.3244324], [-6.2649392, 53.3243926], [-6.2649771, 53.3243548], [-6.2650211, 53.3243194], [-6.2650707, 53.3242867], [-6.2651253, 53.3242571], [-6.2651846, 53.3242308], [-6.2652479, 53.3242082], [-6.2653146, 53.3241893], [-6.2653841, 53.3241745], [-6.2654557, 53.3241638], [-6.2655287, 53.3241573], [-6.2656024, 53.3241551], [-6.2656761, 53.3241573], [-6.2657491, 53.3241638], [-6.2658207, 53.3241745], [-6.2658902, 53.3241893], [-6.2659569, 53.3242082], [-6.2660202, 53.3242308], [-6.2660795, 53.3242571], [-6.2661341, 53.3242867], [-6.2661837, 53.3243194], [-6.2662277, 53.3243548], [-6.2662656, 53.3243926], [-6.2662972, 53.3244324], [-6.266322, 53.3244739], [-6.26634, 53.3245167], [-6.2663508, 53.3245603], [-6.2663544, 53.3246043], [-6.2663508, 53.3246483], [-6.26634, 53.3246919], [-6.266322, 53.3247347], [-6.2662972, 53.3247762], [-6.2662656, 53.324816], [-6.2662277, 53.3248538], [-6.2661837, 53.3248892], [-6.2661341, 53.3249219], [-6.2660795, 53.3249515], [-6.2660202, 53.3249778], [-6.2659569, 53.3250004], [-6.2658902, 53.3250193], [-6.2658207, 53.3250341], [-6.2657491, 53.3250448], [-6.2656761, 53.3250513], [-6.2656024, 53.3250535]]]}}, {"type": "Feature", "properties": {"MM ID": "50185", "SITE_ID": "30026", "radius_m": 50, "radius_source": "Footfall.RADIUS", "color": "#29B6E8"}, "geometry": {"type": "Polygon", "coordinates": [[[-6.2199704, 53.3407244], [-6.2198967, 53.3407222], [-6.2198236, 53.3407157], [-6.219752, 53.340705], [-6.2196825, 53.3406902], [-6.2196158, 53.3406713], [-6.2195525, 53.3406487], [-6.2194932, 53.3406224], [-6.2194385, 53.3405928], [-6.2193889, 53.3405601], [-6.2193449, 53.3405247], [-6.219307, 53.3404869], [-6.2192754, 53.3404471], [-6.2192505, 53.3404056], [-6.2192326, 53.3403628], [-6.2192217, 53.3403192], [-6.2192181, 53.3402752], [-6.2192217, 53.3402312], [-6.2192326, 53.3401876], [-6.2192505, 53.3401448], [-6.2192754, 53.3401033], [-6.219307, 53.3400635], [-6.2193449, 53.3400257], [-6.2193889, 53.3399903], [-6.2194385, 53.3399576], [-6.2194932, 53.339928], [-6.2195525, 53.3399017], [-6.2196158, 53.3398791], [-6.2196825, 53.3398602], [-6.219752, 53.3398454], [-6.2198236, 53.3398347], [-6.2198967, 53.3398282], [-6.2199704, 53.339826], [-6.2200441, 53.3398282], [-6.2201172, 53.3398347], [-6.2201888, 53.3398454], [-6.2202583, 53.3398602], [-6.220325, 53.3398791], [-6.2203883, 53.3399017], [-6.2204476, 53.339928], [-6.2205023, 53.3399576], [-6.2205519, 53.3399903], [-6.2205959, 53.3400257], [-6.2206338, 53.3400635], [-6.2206654, 53.3401033], [-6.2206903, 53.3401448], [-6.2207082, 53.3401876], [-6.2207191, 53.3402312], [-6.2207227, 53.3402752], [-6.2207191, 53.3403192], [-6.2207082, 53.3403628], [-6.2206903, 53.3404056], [-6.2206654, 53.3404471], [-6.2206338, 53.3404869], [-6.2205959, 53.3405247], [-6.2205519, 53.3405601], [-6.2205023, 53.3405928], [-6.2204476, 53.3406224], [-6.2203883, 53.3406487], [-6.220325, 53.3406713], [-6.2202583, 53.3406902], [-6.2201888, 53.340705], [-6.2201172, 53.3407157], [-6.2200441, 53.3407222], [-6.2199704, 53.3407244]]]}}, {"type": "Feature", "properties": {"MM ID": "50186", "SITE_ID": "30027", "radius_m": 50, "radius_source": "Footfall.RADIUS", "color": "#29B6E8"}, "geometry": {"type": "Polygon", "coordinates": [[[-6.2199704, 53.3407244], [-6.2198967, 53.3407222], [-6.2198236, 53.3407157], [-6.219752, 53.340705], [-6.2196825, 53.3406902], [-6.2196158, 53.3406713], [-6.2195525, 53.3406487], [-6.2194932, 53.3406224], [-6.2194385, 53.3405928], [-6.2193889, 53.3405601], [-6.2193449, 53.3405247], [-6.219307, 53.3404869], [-6.2192754, 53.3404471], [-6.2192505, 53.3404056], [-6.2192326, 53.3403628], [-6.2192217, 53.3403192], [-6.2192181, 53.3402752], [-6.2192217, 53.3402312], [-6.2192326, 53.3401876], [-6.2192505, 53.3401448], [-6.2192754, 53.3401033], [-6.219307, 53.3400635], [-6.2193449, 53.3400257], [-6.2193889, 53.3399903], [-6.2194385, 53.3399576], [-6.2194932, 53.339928], [-6.2195525, 53.3399017], [-6.2196158, 53.3398791], [-6.2196825, 53.3398602], [-6.219752, 53.3398454], [-6.2198236, 53.3398347], [-6.2198967, 53.3398282], [-6.2199704, 53.339826], [-6.2200441, 53.3398282], [-6.2201172, 53.3398347], [-6.2201888, 53.3398454], [-6.2202583, 53.3398602], [-6.220325, 53.3398791], [-6.2203883, 53.3399017], [-6.2204476, 53.339928], [-6.2205023, 53.3399576], [-6.2205519, 53.3399903], [-6.2205959, 53.3400257], [-6.2206338, 53.3400635], [-6.2206654, 53.3401033], [-6.2206903, 53.3401448], [-6.2207082, 53.3401876], [-6.2207191, 53.3402312], [-6.2207227, 53.3402752], [-6.2207191, 53.3403192], [-6.2207082, 53.3403628], [-6.2206903, 53.3404056], [-6.2206654, 53.3404471], [-6.2206338, 53.3404869], [-6.2205959, 53.3405247], [-6.2205519, 53.3405601], [-6.2205023, 53.3405928], [-6.2204476, 53.3406224], [-6.2203883, 53.3406487], [-6.220325, 53.3406713], [-6.2202583, 53.3406902], [-6.2201888, 53.340705], [-6.2201172, 53.3407157], [-6.2200441, 53.3407222], [-6.2199704, 53.3407244]]]}}, {"type": "Feature", "properties": {"MM ID": "50187", "SITE_ID": "30028", "radius_m": 50, "radius_source": "Footfall.RADIUS", "color": "#29B6E8"}, "geometry": {"type": "Polygon", "coordinates": [[[-6.242252, 53.2874312], [-6.2421784, 53.287429], [-6.2421054, 53.2874225], [-6.2420339, 53.2874118], [-6.2419645, 53.287397], [-6.2418978, 53.2873781], [-6.2418346, 53.2873555], [-6.2417754, 53.2873292], [-6.2417207, 53.2872996], [-6.2416712, 53.2872669], [-6.2416273, 53.2872315], [-6.2415894, 53.2871937], [-6.2415579, 53.2871539], [-6.241533, 53.2871124], [-6.2415151, 53.2870696], [-6.2415043, 53.287026], [-6.2415007, 53.286982], [-6.2415043, 53.286938], [-6.2415151, 53.2868944], [-6.241533, 53.2868516], [-6.2415579, 53.2868101], [-6.2415894, 53.2867703], [-6.2416273, 53.2867325], [-6.2416712, 53.2866971], [-6.2417207, 53.2866644], [-6.2417754, 53.2866348], [-6.2418346, 53.2866085], [-6.2418978, 53.2865859], [-6.2419645, 53.286567], [-6.2420339, 53.2865522], [-6.2421054, 53.2865415], [-6.2421784, 53.286535], [-6.242252, 53.2865328], [-6.2423256, 53.286535], [-6.2423986, 53.2865415], [-6.2424701, 53.2865522], [-6.2425395, 53.286567], [-6.2426062, 53.2865859], [-6.2426694, 53.2866085], [-6.2427286, 53.2866348], [-6.2427833, 53.2866644], [-6.2428328, 53.2866971], [-6.2428767, 53.2867325], [-6.2429146, 53.2867703], [-6.2429461, 53.2868101], [-6.242971, 53.2868516], [-6.2429889, 53.2868944], [-6.2429997, 53.286938], [-6.2430033, 53.286982], [-6.2429997, 53.287026], [-6.2429889, 53.2870696], [-6.242971, 53.2871124], [-6.2429461, 53.2871539], [-6.2429146, 53.2871937], [-6.2428767, 53.2872315], [-6.2428328, 53.2872669], [-6.2427833, 53.2872996], [-6.2427286, 53.2873292], [-6.2426694, 53.2873555], [-6.2426062, 53.2873781], [-6.2425395, 53.287397], [-6.2424701, 53.2874118], [-6.2423986, 53.2874225], [-6.2423256, 53.287429], [-6.242252, 53.2874312]]]}}, {"type": "Feature", "properties": {"MM ID": "50188", "SITE_ID": "30029", "radius_m": 50, "radius_source": "Footfall.RADIUS", "color": "#29B6E8"}, "geometry": {"type": "Polygon", "coordinates": [[[-6.3754266, 53.2880537], [-6.375353, 53.2880515], [-6.37528, 53.288045], [-6.3752085, 53.2880343], [-6.3751391, 53.2880195], [-6.3750724, 53.2880006], [-6.3750092, 53.287978], [-6.3749499, 53.2879517], [-6.3748953, 53.2879221], [-6.3748458, 53.2878894], [-6.3748019, 53.287854], [-6.374764, 53.2878162], [-6.3747324, 53.2877764], [-6.3747076, 53.2877349], [-6.3746897, 53.2876921], [-6.3746789, 53.2876485], [-6.3746753, 53.2876045], [-6.3746789, 53.2875605], [-6.3746897, 53.2875169], [-6.3747076, 53.2874741], [-6.3747324, 53.2874326], [-6.374764, 53.2873928], [-6.3748019, 53.287355], [-6.3748458, 53.2873196], [-6.3748953, 53.2872869], [-6.3749499, 53.2872573], [-6.3750092, 53.287231], [-6.3750724, 53.2872084], [-6.3751391, 53.2871895], [-6.3752085, 53.2871747], [-6.37528, 53.287164], [-6.375353, 53.2871575], [-6.3754266, 53.2871553], [-6.3755002, 53.2871575], [-6.3755732, 53.287164], [-6.3756447, 53.2871747], [-6.3757141, 53.2871895], [-6.3757808, 53.2872084], [-6.375844, 53.287231], [-6.3759033, 53.2872573], [-6.3759579, 53.2872869], [-6.3760074, 53.2873196], [-6.3760513, 53.287355], [-6.3760892, 53.2873928], [-6.3761208, 53.2874326], [-6.3761456, 53.2874741], [-6.3761635, 53.2875169], [-6.3761743, 53.2875605], [-6.3761779, 53.2876045], [-6.3761743, 53.2876485], [-6.3761635, 53.2876921], [-6.3761456, 53.2877349], [-6.3761208, 53.2877764], [-6.3760892, 53.2878162], [-6.3760513, 53.287854], [-6.3760074, 53.2878894], [-6.3759579, 53.2879221], [-6.3759033, 53.2879517], [-6.375844, 53.287978], [-6.3757808, 53.2880006], [-6.3757141, 53.2880195], [-6.3756447, 53.2880343], [-6.3755732, 53.288045], [-6.3755002, 53.2880515], [-6.3754266, 53.2880537]]]}}, {"type": "Feature", "properties": {"MM ID": "50189", "SITE_ID": "30030", "radius_m": 50, "radius_source": "Footfall.RADIUS", "color": "#29B6E8"}, "geometry": {"type": "Polygon", "coordinates": [[[-6.1994725, 53.2888423], [-6.1993989, 53.2888401], [-6.1993259, 53.2888336], [-6.1992544, 53.2888229], [-6.199185, 53.2888081], [-6.1991183, 53.2887892], [-6.1990551, 53.2887666], [-6.1989958, 53.2887403], [-6.1989412, 53.2887107], [-6.1988917, 53.288678], [-6.1988478, 53.2886426], [-6.1988099, 53.2886048], [-6.1987783, 53.288565], [-6.1987535, 53.2885235], [-6.1987356, 53.2884807], [-6.1987248, 53.2884371], [-6.1987211, 53.2883931], [-6.1987248, 53.2883491], [-6.1987356, 53.2883055], [-6.1987535, 53.2882627], [-6.1987783, 53.2882212], [-6.1988099, 53.2881814], [-6.1988478, 53.2881436], [-6.1988917, 53.2881082], [-6.1989412, 53.2880755], [-6.1989958, 53.2880459], [-6.1990551, 53.2880196], [-6.1991183, 53.287997], [-6.199185, 53.2879781], [-6.1992544, 53.2879633], [-6.1993259, 53.2879526], [-6.1993989, 53.2879461], [-6.1994725, 53.2879439], [-6.1995461, 53.2879461], [-6.1996191, 53.2879526], [-6.1996906, 53.2879633], [-6.19976, 53.2879781], [-6.1998267, 53.287997], [-6.1998899, 53.2880196], [-6.1999492, 53.2880459], [-6.2000038, 53.2880755], [-6.2000533, 53.2881082], [-6.2000972, 53.2881436], [-6.2001351, 53.2881814], [-6.2001667, 53.2882212], [-6.2001915, 53.2882627], [-6.2002094, 53.2883055], [-6.2002202, 53.2883491], [-6.2002239, 53.2883931], [-6.2002202, 53.2884371], [-6.2002094, 53.2884807], [-6.2001915, 53.2885235], [-6.2001667, 53.288565], [-6.2001351, 53.2886048], [-6.2000972, 53.2886426], [-6.2000533, 53.288678], [-6.2000038, 53.2887107], [-6.1999492, 53.2887403], [-6.1998899, 53.2887666], [-6.1998267, 53.2887892], [-6.19976, 53.2888081], [-6.1996906, 53.2888229], [-6.1996191, 53.2888336], [-6.1995461, 53.2888401], [-6.1994725, 53.2888423]]]}}, {"type": "Feature", "properties": {"MM ID": "50190", "SITE_ID": "30031", "radius_m": 50, "radius_source": "Footfall.RADIUS", "color": "#29B6E8"}, "geometry": {"type": "Polygon", "coordinates": [[[-6.1994725, 53.2888423], [-6.1993989, 53.2888401], [-6.1993259, 53.2888336], [-6.1992544, 53.2888229], [-6.199185, 53.2888081], [-6.1991183, 53.2887892], [-6.1990551, 53.2887666], [-6.1989958, 53.2887403], [-6.1989412, 53.2887107], [-6.1988917, 53.288678], [-6.1988478, 53.2886426], [-6.1988099, 53.2886048], [-6.1987783, 53.288565], [-6.1987535, 53.2885235], [-6.1987356, 53.2884807], [-6.1987248, 53.2884371], [-6.1987211, 53.2883931], [-6.1987248, 53.2883491], [-6.1987356, 53.2883055], [-6.1987535, 53.2882627], [-6.1987783, 53.2882212], [-6.1988099, 53.2881814], [-6.1988478, 53.2881436], [-6.1988917, 53.2881082], [-6.1989412, 53.2880755], [-6.1989958, 53.2880459], [-6.1990551, 53.2880196], [-6.1991183, 53.287997], [-6.199185, 53.2879781], [-6.1992544, 53.2879633], [-6.1993259, 53.2879526], [-6.1993989, 53.2879461], [-6.1994725, 53.2879439], [-6.1995461, 53.2879461], [-6.1996191, 53.2879526], [-6.1996906, 53.2879633], [-6.19976, 53.2879781], [-6.1998267, 53.287997], [-6.1998899, 53.2880196], [-6.1999492, 53.2880459], [-6.2000038, 53.2880755], [-6.2000533, 53.2881082], [-6.2000972, 53.2881436], [-6.2001351, 53.2881814], [-6.2001667, 53.2882212], [-6.2001915, 53.2882627], [-6.2002094, 53.2883055], [-6.2002202, 53.2883491], [-6.2002239, 53.2883931], [-6.2002202, 53.2884371], [-6.2002094, 53.2884807], [-6.2001915, 53.2885235], [-6.2001667, 53.288565], [-6.2001351, 53.2886048], [-6.2000972, 53.2886426], [-6.2000533, 53.288678], [-6.2000038, 53.2887107], [-6.1999492, 53.2887403], [-6.1998899, 53.2887666], [-6.1998267, 53.2887892], [-6.19976, 53.2888081], [-6.1996906, 53.2888229], [-6.1996191, 53.2888336], [-6.1995461, 53.2888401], [-6.1994725, 53.2888423]]]}}, {"type": "Feature", "properties": {"MM ID": "50191", "SITE_ID": "30032", "radius_m": 50, "radius_source": "Footfall.RADIUS", "color": "#29B6E8"}, "geometry": {"type": "Polygon", "coordinates": [[[-6.2816126, 53.3488051], [-6.2815388, 53.3488029], [-6.2814658, 53.3487964], [-6.2813942, 53.3487857], [-6.2813247, 53.3487709], [-6.2812579, 53.348752], [-6.2811946, 53.3487294], [-6.2811353, 53.3487031], [-6.2810806, 53.3486735], [-6.281031, 53.3486408], [-6.280987, 53.3486054], [-6.280949, 53.3485676], [-6.2809175, 53.3485278], [-6.2808926, 53.3484863], [-6.2808746, 53.3484435], [-6.2808638, 53.3483999], [-6.2808602, 53.3483559], [-6.2808638, 53.3483119], [-6.2808746, 53.3482683], [-6.2808926, 53.3482255], [-6.2809175, 53.348184], [-6.280949, 53.3481442], [-6.280987, 53.3481064], [-6.281031, 53.348071], [-6.2810806, 53.3480383], [-6.2811353, 53.3480087], [-6.2811946, 53.3479824], [-6.2812579, 53.3479598], [-6.2813247, 53.3479409], [-6.2813942, 53.3479261], [-6.2814658, 53.3479154], [-6.2815388, 53.3479089], [-6.2816126, 53.3479067], [-6.2816864, 53.3479089], [-6.2817594, 53.3479154], [-6.281831, 53.3479261], [-6.2819005, 53.3479409], [-6.2819673, 53.3479598], [-6.2820306, 53.3479824], [-6.2820899, 53.3480087], [-6.2821446, 53.3480383], [-6.2821942, 53.348071], [-6.2822382, 53.3481064], [-6.2822762, 53.3481442], [-6.2823077, 53.348184], [-6.2823326, 53.3482255], [-6.2823506, 53.3482683], [-6.2823614, 53.3483119], [-6.282365, 53.3483559], [-6.2823614, 53.3483999], [-6.2823506, 53.3484435], [-6.2823326, 53.3484863], [-6.2823077, 53.3485278], [-6.2822762, 53.3485676], [-6.2822382, 53.3486054], [-6.2821942, 53.3486408], [-6.2821446, 53.3486735], [-6.2820899, 53.3487031], [-6.2820306, 53.3487294], [-6.2819673, 53.348752], [-6.2819005, 53.3487709], [-6.281831, 53.3487857], [-6.2817594, 53.3487964], [-6.2816864, 53.3488029], [-6.2816126, 53.3488051]]]}}, {"type": "Feature", "properties": {"MM ID": "50192", "SITE_ID": "30033", "radius_m": 183, "radius_source": "Footfall.RADIUS", "color": "#29B6E8"}, "geometry": {"type": "Polygon", "coordinates": [[[-6.2816126, 53.3499998], [-6.2813427, 53.3499919], [-6.2810753, 53.3499682], [-6.2808132, 53.349929], [-6.2805587, 53.3498747], [-6.2803144, 53.3498057], [-6.2800826, 53.3497228], [-6.2798656, 53.3496267], [-6.2796653, 53.3495183], [-6.2794838, 53.3493988], [-6.2793229, 53.3492692], [-6.2791839, 53.3491308], [-6.2790684, 53.348985], [-6.2789773, 53.3488331], [-6.2789117, 53.3486766], [-6.278872, 53.348517], [-6.2788587, 53.3483559], [-6.278872, 53.3481948], [-6.2789117, 53.3480352], [-6.2789773, 53.3478787], [-6.2790684, 53.3477268], [-6.2791839, 53.347581], [-6.2793229, 53.3474426], [-6.2794838, 53.347313], [-6.2796653, 53.3471935], [-6.2798656, 53.3470851], [-6.2800826, 53.346989], [-6.2803144, 53.3469061], [-6.2805587, 53.3468371], [-6.2808132, 53.3467828], [-6.2810753, 53.3467436], [-6.2813427, 53.3467199], [-6.2816126, 53.346712], [-6.2818825, 53.3467199], [-6.2821499, 53.3467436], [-6.282412, 53.3467828], [-6.2826665, 53.3468371], [-6.2829108, 53.3469061], [-6.2831426, 53.346989], [-6.2833596, 53.3470851], [-6.2835599, 53.3471935], [-6.2837414, 53.347313], [-6.2839023, 53.3474426], [-6.2840413, 53.347581], [-6.2841568, 53.3477268], [-6.2842479, 53.3478787], [-6.2843135, 53.3480352], [-6.2843532, 53.3481948], [-6.2843665, 53.3483559], [-6.2843532, 53.348517], [-6.2843135, 53.3486766], [-6.2842479, 53.3488331], [-6.2841568, 53.348985], [-6.2840413, 53.3491308], [-6.2839023, 53.3492692], [-6.2837414, 53.3493988], [-6.2835599, 53.3495183], [-6.2833596, 53.3496267], [-6.2831426, 53.3497228], [-6.2829108, 53.3498057], [-6.2826665, 53.3498747], [-6.282412, 53.349929], [-6.2821499, 53.3499682], [-6.2818825, 53.3499919], [-6.2816126, 53.3499998]]]}}, {"type": "Feature", "properties": {"MM ID": "50196", "SITE_ID": "30034", "radius_m": 50, "radius_source": "Footfall.RADIUS", "color": "#29B6E8"}, "geometry": {"type": "Polygon", "coordinates": [[[-6.2079152, 53.2761038], [-6.2078416, 53.2761016], [-6.2077687, 53.2760951], [-6.2076972, 53.2760844], [-6.2076278, 53.2760696], [-6.2075611, 53.2760507], [-6.2074979, 53.2760281], [-6.2074387, 53.2760018], [-6.2073841, 53.2759722], [-6.2073346, 53.2759395], [-6.2072907, 53.2759041], [-6.2072528, 53.2758663], [-6.2072212, 53.2758265], [-6.2071964, 53.275785], [-6.2071785, 53.2757422], [-6.2071677, 53.2756986], [-6.2071641, 53.2756546], [-6.2071677, 53.2756106], [-6.2071785, 53.275567], [-6.2071964, 53.2755242], [-6.2072212, 53.2754827], [-6.2072528, 53.2754429], [-6.2072907, 53.2754051], [-6.2073346, 53.2753697], [-6.2073841, 53.275337], [-6.2074387, 53.2753074], [-6.2074979, 53.2752811], [-6.2075611, 53.2752585], [-6.2076278, 53.2752396], [-6.2076972, 53.2752248], [-6.2077687, 53.2752141], [-6.2078416, 53.2752076], [-6.2079152, 53.2752054], [-6.2079888, 53.2752076], [-6.2080617, 53.2752141], [-6.2081332, 53.2752248], [-6.2082026, 53.2752396], [-6.2082693, 53.2752585], [-6.2083325, 53.2752811], [-6.2083917, 53.2753074], [-6.2084463, 53.275337], [-6.2084958, 53.2753697], [-6.2085397, 53.2754051], [-6.2085776, 53.2754429], [-6.2086092, 53.2754827], [-6.208634, 53.2755242], [-6.2086519, 53.275567], [-6.2086627, 53.2756106], [-6.2086663, 53.2756546], [-6.2086627, 53.2756986], [-6.2086519, 53.2757422], [-6.208634, 53.275785], [-6.2086092, 53.2758265], [-6.2085776, 53.2758663], [-6.2085397, 53.2759041], [-6.2084958, 53.2759395], [-6.2084463, 53.2759722], [-6.2083917, 53.2760018], [-6.2083325, 53.2760281], [-6.2082693, 53.2760507], [-6.2082026, 53.2760696], [-6.2081332, 53.2760844], [-6.2080617, 53.2760951], [-6.2079888, 53.2761016], [-6.2079152, 53.2761038]]]}}, {"type": "Feature", "properties": {"MM ID": "50211", "SITE_ID": "30035", "radius_m": 50, "radius_source": "Footfall.RADIUS", "color": "#29B6E8"}, "geometry": {"type": "Polygon", "coordinates": [[[-6.2929234, 53.3387265], [-6.2928497, 53.3387243], [-6.2927766, 53.3387178], [-6.292705, 53.3387071], [-6.2926355, 53.3386923], [-6.2925688, 53.3386734], [-6.2925055, 53.3386508], [-6.2924462, 53.3386245], [-6.2923915, 53.3385949], [-6.2923419, 53.3385622], [-6.2922979, 53.3385268], [-6.29226, 53.338489], [-6.2922284, 53.3384492], [-6.2922035, 53.3384077], [-6.2921856, 53.3383649], [-6.2921748, 53.3383213], [-6.2921712, 53.3382773], [-6.2921748, 53.3382333], [-6.2921856, 53.3381897], [-6.2922035, 53.3381469], [-6.2922284, 53.3381054], [-6.29226, 53.3380656], [-6.2922979, 53.3380278], [-6.2923419, 53.3379924], [-6.2923915, 53.3379597], [-6.2924462, 53.3379301], [-6.2925055, 53.3379038], [-6.2925688, 53.3378812], [-6.2926355, 53.3378623], [-6.292705, 53.3378475], [-6.2927766, 53.3378368], [-6.2928497, 53.3378303], [-6.2929234, 53.3378281], [-6.2929971, 53.3378303], [-6.2930702, 53.3378368], [-6.2931418, 53.3378475], [-6.2932113, 53.3378623], [-6.293278, 53.3378812], [-6.2933413, 53.3379038], [-6.2934006, 53.3379301], [-6.2934553, 53.3379597], [-6.2935049, 53.3379924], [-6.2935489, 53.3380278], [-6.2935868, 53.3380656], [-6.2936184, 53.3381054], [-6.2936433, 53.3381469], [-6.2936612, 53.3381897], [-6.293672, 53.3382333], [-6.2936756, 53.3382773], [-6.293672, 53.3383213], [-6.2936612, 53.3383649], [-6.2936433, 53.3384077], [-6.2936184, 53.3384492], [-6.2935868, 53.338489], [-6.2935489, 53.3385268], [-6.2935049, 53.3385622], [-6.2934553, 53.3385949], [-6.2934006, 53.3386245], [-6.2933413, 53.3386508], [-6.293278, 53.3386734], [-6.2932113, 53.3386923], [-6.2931418, 53.3387071], [-6.2930702, 53.3387178], [-6.2929971, 53.3387243], [-6.2929234, 53.3387265]]]}}, {"type": "Feature", "properties": {"MM ID": "50213", "SITE_ID": "30036", "radius_m": 50, "radius_source": "Footfall.RADIUS", "color": "#29B6E8"}, "geometry": {"type": "Polygon", "coordinates": [[[-6.3056389, 53.3911109], [-6.3055651, 53.3911087], [-6.305492, 53.3911022], [-6.3054203, 53.3910915], [-6.3053507, 53.3910767], [-6.3052839, 53.3910578], [-6.3052205, 53.3910352], [-6.3051611, 53.3910089], [-6.3051063, 53.3909793], [-6.3050567, 53.3909466], [-6.3050127, 53.3909112], [-6.3049747, 53.3908734], [-6.3049431, 53.3908336], [-6.3049182, 53.3907921], [-6.3049002, 53.3907493], [-6.3048894, 53.3907057], [-6.3048857, 53.3906617], [-6.3048894, 53.3906177], [-6.3049002, 53.3905741], [-6.3049182, 53.3905313], [-6.3049431, 53.3904898], [-6.3049747, 53.39045], [-6.3050127, 53.3904122], [-6.3050567, 53.3903768], [-6.3051063, 53.3903441], [-6.3051611, 53.3903145], [-6.3052205, 53.3902882], [-6.3052839, 53.3902656], [-6.3053507, 53.3902467], [-6.3054203, 53.3902319], [-6.305492, 53.3902212], [-6.3055651, 53.3902147], [-6.3056389, 53.3902125], [-6.3057127, 53.3902147], [-6.3057858, 53.3902212], [-6.3058575, 53.3902319], [-6.3059271, 53.3902467], [-6.3059939, 53.3902656], [-6.3060573, 53.3902882], [-6.3061167, 53.3903145], [-6.3061715, 53.3903441], [-6.3062211, 53.3903768], [-6.3062651, 53.3904122], [-6.3063031, 53.39045], [-6.3063347, 53.3904898], [-6.3063596, 53.3905313], [-6.3063776, 53.3905741], [-6.3063884, 53.3906177], [-6.3063921, 53.3906617], [-6.3063884, 53.3907057], [-6.3063776, 53.3907493], [-6.3063596, 53.3907921], [-6.3063347, 53.3908336], [-6.3063031, 53.3908734], [-6.3062651, 53.3909112], [-6.3062211, 53.3909466], [-6.3061715, 53.3909793], [-6.3061167, 53.3910089], [-6.3060573, 53.3910352], [-6.3059939, 53.3910578], [-6.3059271, 53.3910767], [-6.3058575, 53.3910915], [-6.3057858, 53.3911022], [-6.3057127, 53.3911087], [-6.3056389, 53.3911109]]]}}, {"type": "Feature", "properties": {"MM ID": "50214", "SITE_ID": "30037", "radius_m": 50, "radius_source": "Footfall.RADIUS", "color": "#29B6E8"}, "geometry": {"type": "Polygon", "coordinates": [[[-6.2369232, 53.3478083], [-6.2368495, 53.3478061], [-6.2367764, 53.3477996], [-6.2367048, 53.3477889], [-6.2366353, 53.3477741], [-6.2365685, 53.3477552], [-6.2365052, 53.3477326], [-6.2364459, 53.3477063], [-6.2363912, 53.3476767], [-6.2363416, 53.347644], [-6.2362976, 53.3476086], [-6.2362596, 53.3475708], [-6.2362281, 53.347531], [-6.2362032, 53.3474895], [-6.2361853, 53.3474467], [-6.2361744, 53.3474031], [-6.2361708, 53.3473591], [-6.2361744, 53.3473151], [-6.2361853, 53.3472715], [-6.2362032, 53.3472287], [-6.2362281, 53.3471872], [-6.2362596, 53.3471474], [-6.2362976, 53.3471096], [-6.2363416, 53.3470742], [-6.2363912, 53.3470415], [-6.2364459, 53.3470119], [-6.2365052, 53.3469856], [-6.2365685, 53.346963], [-6.2366353, 53.3469441], [-6.2367048, 53.3469293], [-6.2367764, 53.3469186], [-6.2368495, 53.3469121], [-6.2369232, 53.3469099], [-6.2369969, 53.3469121], [-6.23707, 53.3469186], [-6.2371416, 53.3469293], [-6.2372111, 53.3469441], [-6.2372779, 53.346963], [-6.2373412, 53.3469856], [-6.2374005, 53.3470119], [-6.2374552, 53.3470415], [-6.2375048, 53.3470742], [-6.2375488, 53.3471096], [-6.2375868, 53.3471474], [-6.2376183, 53.3471872], [-6.2376432, 53.3472287], [-6.2376611, 53.3472715], [-6.237672, 53.3473151], [-6.2376756, 53.3473591], [-6.237672, 53.3474031], [-6.2376611, 53.3474467], [-6.2376432, 53.3474895], [-6.2376183, 53.347531], [-6.2375868, 53.3475708], [-6.2375488, 53.3476086], [-6.2375048, 53.347644], [-6.2374552, 53.3476767], [-6.2374005, 53.3477063], [-6.2373412, 53.3477326], [-6.2372779, 53.3477552], [-6.2372111, 53.3477741], [-6.2371416, 53.3477889], [-6.23707, 53.3477996], [-6.2369969, 53.3478061], [-6.2369232, 53.3478083]]]}}, {"type": "Feature", "properties": {"MM ID": "50215", "SITE_ID": "30038", "radius_m": 50, "radius_source": "Footfall.RADIUS", "color": "#29B6E8"}, "geometry": {"type": "Polygon", "coordinates": [[[-6.1383539, 53.2745933], [-6.1382803, 53.2745911], [-6.1382074, 53.2745846], [-6.1381359, 53.2745739], [-6.1380665, 53.2745591], [-6.1379998, 53.2745402], [-6.1379366, 53.2745176], [-6.1378774, 53.2744913], [-6.1378228, 53.2744617], [-6.1377733, 53.274429], [-6.1377294, 53.2743936], [-6.1376915, 53.2743558], [-6.13766, 53.274316], [-6.1376351, 53.2742745], [-6.1376172, 53.2742317], [-6.1376064, 53.2741881], [-6.1376028, 53.2741441], [-6.1376064, 53.2741001], [-6.1376172, 53.2740565], [-6.1376351, 53.2740137], [-6.13766, 53.2739722], [-6.1376915, 53.2739324], [-6.1377294, 53.2738946], [-6.1377733, 53.2738592], [-6.1378228, 53.2738265], [-6.1378774, 53.2737969], [-6.1379366, 53.2737706], [-6.1379998, 53.273748], [-6.1380665, 53.2737291], [-6.1381359, 53.2737143], [-6.1382074, 53.2737036], [-6.1382803, 53.2736971], [-6.1383539, 53.2736949], [-6.1384275, 53.2736971], [-6.1385004, 53.2737036], [-6.1385719, 53.2737143], [-6.1386413, 53.2737291], [-6.138708, 53.273748], [-6.1387712, 53.2737706], [-6.1388304, 53.2737969], [-6.138885, 53.2738265], [-6.1389345, 53.2738592], [-6.1389784, 53.2738946], [-6.1390163, 53.2739324], [-6.1390478, 53.2739722], [-6.1390727, 53.2740137], [-6.1390906, 53.2740565], [-6.1391014, 53.2741001], [-6.139105, 53.2741441], [-6.1391014, 53.2741881], [-6.1390906, 53.2742317], [-6.1390727, 53.2742745], [-6.1390478, 53.274316], [-6.1390163, 53.2743558], [-6.1389784, 53.2743936], [-6.1389345, 53.274429], [-6.138885, 53.2744617], [-6.1388304, 53.2744913], [-6.1387712, 53.2745176], [-6.138708, 53.2745402], [-6.1386413, 53.2745591], [-6.1385719, 53.2745739], [-6.1385004, 53.2745846], [-6.1384275, 53.2745911], [-6.1383539, 53.2745933]]]}}, {"type": "Feature", "properties": {"MM ID": "50219", "SITE_ID": "30039", "radius_m": 50, "radius_source": "Footfall.RADIUS", "color": "#29B6E8"}, "geometry": {"type": "Polygon", "coordinates": [[[-7.2324597, 52.6537965], [-7.2323871, 52.6537943], [-7.2323153, 52.6537878], [-7.2322448, 52.6537771], [-7.2321764, 52.6537623], [-7.2321107, 52.6537434], [-7.2320484, 52.6537208], [-7.23199, 52.6536945], [-7.2319362, 52.6536649], [-7.2318874, 52.6536322], [-7.2318441, 52.6535968], [-7.2318067, 52.653559], [-7.2317757, 52.6535192], [-7.2317512, 52.6534777], [-7.2317335, 52.6534349], [-7.2317229, 52.6533913], [-7.2317193, 52.6533473], [-7.2317229, 52.6533033], [-7.2317335, 52.6532597], [-7.2317512, 52.6532169], [-7.2317757, 52.6531754], [-7.2318067, 52.6531356], [-7.2318441, 52.6530978], [-7.2318874, 52.6530624], [-7.2319362, 52.6530297], [-7.23199, 52.6530001], [-7.2320484, 52.6529738], [-7.2321107, 52.6529512], [-7.2321764, 52.6529323], [-7.2322448, 52.6529175], [-7.2323153, 52.6529068], [-7.2323871, 52.6529003], [-7.2324597, 52.6528981], [-7.2325323, 52.6529003], [-7.2326041, 52.6529068], [-7.2326746, 52.6529175], [-7.232743, 52.6529323], [-7.2328087, 52.6529512], [-7.232871, 52.6529738], [-7.2329294, 52.6530001], [-7.2329832, 52.6530297], [-7.233032, 52.6530624], [-7.2330753, 52.6530978], [-7.2331127, 52.6531356], [-7.2331437, 52.6531754], [-7.2331682, 52.6532169], [-7.2331859, 52.6532597], [-7.2331965, 52.6533033], [-7.2332001, 52.6533473], [-7.2331965, 52.6533913], [-7.2331859, 52.6534349], [-7.2331682, 52.6534777], [-7.2331437, 52.6535192], [-7.2331127, 52.653559], [-7.2330753, 52.6535968], [-7.233032, 52.6536322], [-7.2329832, 52.6536649], [-7.2329294, 52.6536945], [-7.232871, 52.6537208], [-7.2328087, 52.6537434], [-7.232743, 52.6537623], [-7.2326746, 52.6537771], [-7.2326041, 52.6537878], [-7.2325323, 52.6537943], [-7.2324597, 52.6537965]]]}}, {"type": "Feature", "properties": {"MM ID": "50221", "SITE_ID": "30040", "radius_m": 50, "radius_source": "Footfall.RADIUS", "color": "#29B6E8"}, "geometry": {"type": "Polygon", "coordinates": [[[-6.3915062, 53.3529567], [-6.3914324, 53.3529545], [-6.3913594, 53.352948], [-6.3912878, 53.3529373], [-6.3912182, 53.3529225], [-6.3911515, 53.3529036], [-6.3910881, 53.352881], [-6.3910288, 53.3528547], [-6.3909741, 53.3528251], [-6.3909245, 53.3527924], [-6.3908805, 53.352757], [-6.3908426, 53.3527192], [-6.390811, 53.3526794], [-6.3907861, 53.3526379], [-6.3907682, 53.3525951], [-6.3907573, 53.3525515], [-6.3907537, 53.3525075], [-6.3907573, 53.3524635], [-6.3907682, 53.3524199], [-6.3907861, 53.3523771], [-6.390811, 53.3523356], [-6.3908426, 53.3522958], [-6.3908805, 53.352258], [-6.3909245, 53.3522226], [-6.3909741, 53.3521899], [-6.3910288, 53.3521603], [-6.3910881, 53.352134], [-6.3911515, 53.3521114], [-6.3912182, 53.3520925], [-6.3912878, 53.3520777], [-6.3913594, 53.352067], [-6.3914324, 53.3520605], [-6.3915062, 53.3520583], [-6.39158, 53.3520605], [-6.391653, 53.352067], [-6.3917246, 53.3520777], [-6.3917942, 53.3520925], [-6.3918609, 53.3521114], [-6.3919243, 53.352134], [-6.3919836, 53.3521603], [-6.3920383, 53.3521899], [-6.3920879, 53.3522226], [-6.3921319, 53.352258], [-6.3921698, 53.3522958], [-6.3922014, 53.3523356], [-6.3922263, 53.3523771], [-6.3922442, 53.3524199], [-6.3922551, 53.3524635], [-6.3922587, 53.3525075], [-6.3922551, 53.3525515], [-6.3922442, 53.3525951], [-6.3922263, 53.3526379], [-6.3922014, 53.3526794], [-6.3921698, 53.3527192], [-6.3921319, 53.352757], [-6.3920879, 53.3527924], [-6.3920383, 53.3528251], [-6.3919836, 53.3528547], [-6.3919243, 53.352881], [-6.3918609, 53.3529036], [-6.3917942, 53.3529225], [-6.3917246, 53.3529373], [-6.391653, 53.352948], [-6.39158, 53.3529545], [-6.3915062, 53.3529567]]]}}, {"type": "Feature", "properties": {"MM ID": "50226", "SITE_ID": "30041", "radius_m": 50, "radius_source": "Footfall.RADIUS", "color": "#29B6E8"}, "geometry": {"type": "Polygon", "coordinates": [[[-7.2471278, 52.6552377], [-7.2470552, 52.6552355], [-7.2469833, 52.655229], [-7.2469129, 52.6552183], [-7.2468445, 52.6552035], [-7.2467788, 52.6551846], [-7.2467164, 52.655162], [-7.2466581, 52.6551357], [-7.2466042, 52.6551061], [-7.2465554, 52.6550734], [-7.2465122, 52.655038], [-7.2464748, 52.6550002], [-7.2464437, 52.6549604], [-7.2464193, 52.6549189], [-7.2464016, 52.6548761], [-7.2463909, 52.6548325], [-7.2463874, 52.6547885], [-7.2463909, 52.6547445], [-7.2464016, 52.6547009], [-7.2464193, 52.6546581], [-7.2464437, 52.6546166], [-7.2464748, 52.6545768], [-7.2465122, 52.654539], [-7.2465554, 52.6545036], [-7.2466042, 52.6544709], [-7.2466581, 52.6544413], [-7.2467164, 52.654415], [-7.2467788, 52.6543924], [-7.2468445, 52.6543735], [-7.2469129, 52.6543587], [-7.2469833, 52.654348], [-7.2470552, 52.6543415], [-7.2471278, 52.6543393], [-7.2472004, 52.6543415], [-7.2472723, 52.654348], [-7.2473427, 52.6543587], [-7.2474111, 52.6543735], [-7.2474768, 52.6543924], [-7.2475392, 52.654415], [-7.2475975, 52.6544413], [-7.2476514, 52.6544709], [-7.2477002, 52.6545036], [-7.2477434, 52.654539], [-7.2477808, 52.6545768], [-7.2478119, 52.6546166], [-7.2478363, 52.6546581], [-7.247854, 52.6547009], [-7.2478647, 52.6547445], [-7.2478682, 52.6547885], [-7.2478647, 52.6548325], [-7.247854, 52.6548761], [-7.2478363, 52.6549189], [-7.2478119, 52.6549604], [-7.2477808, 52.6550002], [-7.2477434, 52.655038], [-7.2477002, 52.6550734], [-7.2476514, 52.6551061], [-7.2475975, 52.6551357], [-7.2475392, 52.655162], [-7.2474768, 52.6551846], [-7.2474111, 52.6552035], [-7.2473427, 52.6552183], [-7.2472723, 52.655229], [-7.2472004, 52.6552355], [-7.2471278, 52.6552377]]]}}, {"type": "Feature", "properties": {"MM ID": "50245", "SITE_ID": "30042", "radius_m": 50, "radius_source": "Footfall.RADIUS", "color": "#29B6E8"}, "geometry": {"type": "Polygon", "coordinates": [[[-6.3622557, 53.3465604], [-6.362182, 53.3465582], [-6.3621089, 53.3465517], [-6.3620373, 53.346541], [-6.3619678, 53.3465262], [-6.361901, 53.3465073], [-6.3618377, 53.3464847], [-6.3617784, 53.3464584], [-6.3617237, 53.3464288], [-6.3616741, 53.3463961], [-6.3616301, 53.3463607], [-6.3615922, 53.3463229], [-6.3615606, 53.3462831], [-6.3615357, 53.3462416], [-6.3615178, 53.3461988], [-6.3615069, 53.3461552], [-6.3615033, 53.3461112], [-6.3615069, 53.3460672], [-6.3615178, 53.3460236], [-6.3615357, 53.3459808], [-6.3615606, 53.3459393], [-6.3615922, 53.3458995], [-6.3616301, 53.3458617], [-6.3616741, 53.3458263], [-6.3617237, 53.3457936], [-6.3617784, 53.345764], [-6.3618377, 53.3457377], [-6.361901, 53.3457151], [-6.3619678, 53.3456962], [-6.3620373, 53.3456814], [-6.3621089, 53.3456707], [-6.362182, 53.3456642], [-6.3622557, 53.345662], [-6.3623294, 53.3456642], [-6.3624025, 53.3456707], [-6.3624741, 53.3456814], [-6.3625436, 53.3456962], [-6.3626104, 53.3457151], [-6.3626737, 53.3457377], [-6.362733, 53.345764], [-6.3627877, 53.3457936], [-6.3628373, 53.3458263], [-6.3628813, 53.3458617], [-6.3629192, 53.3458995], [-6.3629508, 53.3459393], [-6.3629757, 53.3459808], [-6.3629936, 53.3460236], [-6.3630045, 53.3460672], [-6.3630081, 53.3461112], [-6.3630045, 53.3461552], [-6.3629936, 53.3461988], [-6.3629757, 53.3462416], [-6.3629508, 53.3462831], [-6.3629192, 53.3463229], [-6.3628813, 53.3463607], [-6.3628373, 53.3463961], [-6.3627877, 53.3464288], [-6.362733, 53.3464584], [-6.3626737, 53.3464847], [-6.3626104, 53.3465073], [-6.3625436, 53.3465262], [-6.3624741, 53.346541], [-6.3624025, 53.3465517], [-6.3623294, 53.3465582], [-6.3622557, 53.3465604]]]}}, {"type": "Feature", "properties": {"MM ID": "50280", "SITE_ID": "30044", "radius_m": 50, "radius_source": "Footfall.RADIUS", "color": "#29B6E8"}, "geometry": {"type": "Polygon", "coordinates": [[[-6.213561, 53.3855509], [-6.2134872, 53.3855487], [-6.2134141, 53.3855422], [-6.2133424, 53.3855315], [-6.2132728, 53.3855167], [-6.213206, 53.3854978], [-6.2131426, 53.3854752], [-6.2130833, 53.3854489], [-6.2130285, 53.3854193], [-6.2129789, 53.3853866], [-6.2129348, 53.3853512], [-6.2128969, 53.3853134], [-6.2128653, 53.3852736], [-6.2128404, 53.3852321], [-6.2128224, 53.3851893], [-6.2128116, 53.3851457], [-6.2128079, 53.3851017], [-6.2128116, 53.3850577], [-6.2128224, 53.3850141], [-6.2128404, 53.3849713], [-6.2128653, 53.3849298], [-6.2128969, 53.38489], [-6.2129348, 53.3848522], [-6.2129789, 53.3848168], [-6.2130285, 53.3847841], [-6.2130833, 53.3847545], [-6.2131426, 53.3847282], [-6.213206, 53.3847056], [-6.2132728, 53.3846867], [-6.2133424, 53.3846719], [-6.2134141, 53.3846612], [-6.2134872, 53.3846547], [-6.213561, 53.3846525], [-6.2136348, 53.3846547], [-6.2137079, 53.3846612], [-6.2137796, 53.3846719], [-6.2138492, 53.3846867], [-6.213916, 53.3847056], [-6.2139794, 53.3847282], [-6.2140387, 53.3847545], [-6.2140935, 53.3847841], [-6.2141431, 53.3848168], [-6.2141872, 53.3848522], [-6.2142251, 53.38489], [-6.2142567, 53.3849298], [-6.2142816, 53.3849713], [-6.2142996, 53.3850141], [-6.2143104, 53.3850577], [-6.2143141, 53.3851017], [-6.2143104, 53.3851457], [-6.2142996, 53.3851893], [-6.2142816, 53.3852321], [-6.2142567, 53.3852736], [-6.2142251, 53.3853134], [-6.2141872, 53.3853512], [-6.2141431, 53.3853866], [-6.2140935, 53.3854193], [-6.2140387, 53.3854489], [-6.2139794, 53.3854752], [-6.213916, 53.3854978], [-6.2138492, 53.3855167], [-6.2137796, 53.3855315], [-6.2137079, 53.3855422], [-6.2136348, 53.3855487], [-6.213561, 53.3855509]]]}}, {"type": "Feature", "properties": {"MM ID": "50282", "SITE_ID": "30045", "radius_m": 50, "radius_source": "Footfall.RADIUS", "color": "#29B6E8"}, "geometry": {"type": "Polygon", "coordinates": [[[-6.213561, 53.3855509], [-6.2134872, 53.3855487], [-6.2134141, 53.3855422], [-6.2133424, 53.3855315], [-6.2132728, 53.3855167], [-6.213206, 53.3854978], [-6.2131426, 53.3854752], [-6.2130833, 53.3854489], [-6.2130285, 53.3854193], [-6.2129789, 53.3853866], [-6.2129348, 53.3853512], [-6.2128969, 53.3853134], [-6.2128653, 53.3852736], [-6.2128404, 53.3852321], [-6.2128224, 53.3851893], [-6.2128116, 53.3851457], [-6.2128079, 53.3851017], [-6.2128116, 53.3850577], [-6.2128224, 53.3850141], [-6.2128404, 53.3849713], [-6.2128653, 53.3849298], [-6.2128969, 53.38489], [-6.2129348, 53.3848522], [-6.2129789, 53.3848168], [-6.2130285, 53.3847841], [-6.2130833, 53.3847545], [-6.2131426, 53.3847282], [-6.213206, 53.3847056], [-6.2132728, 53.3846867], [-6.2133424, 53.3846719], [-6.2134141, 53.3846612], [-6.2134872, 53.3846547], [-6.213561, 53.3846525], [-6.2136348, 53.3846547], [-6.2137079, 53.3846612], [-6.2137796, 53.3846719], [-6.2138492, 53.3846867], [-6.213916, 53.3847056], [-6.2139794, 53.3847282], [-6.2140387, 53.3847545], [-6.2140935, 53.3847841], [-6.2141431, 53.3848168], [-6.2141872, 53.3848522], [-6.2142251, 53.38489], [-6.2142567, 53.3849298], [-6.2142816, 53.3849713], [-6.2142996, 53.3850141], [-6.2143104, 53.3850577], [-6.2143141, 53.3851017], [-6.2143104, 53.3851457], [-6.2142996, 53.3851893], [-6.2142816, 53.3852321], [-6.2142567, 53.3852736], [-6.2142251, 53.3853134], [-6.2141872, 53.3853512], [-6.2141431, 53.3853866], [-6.2140935, 53.3854193], [-6.2140387, 53.3854489], [-6.2139794, 53.3854752], [-6.213916, 53.3854978], [-6.2138492, 53.3855167], [-6.2137796, 53.3855315], [-6.2137079, 53.3855422], [-6.2136348, 53.3855487], [-6.213561, 53.3855509]]]}}, {"type": "Feature", "properties": {"MM ID": "50300", "SITE_ID": "30046", "radius_m": 50, "radius_source": "Footfall.RADIUS", "color": "#29B6E8"}, "geometry": {"type": "Polygon", "coordinates": [[[-6.2355875, 53.3223985], [-6.2355138, 53.3223963], [-6.2354408, 53.3223898], [-6.2353692, 53.3223791], [-6.2352997, 53.3223643], [-6.235233, 53.3223454], [-6.2351697, 53.3223228], [-6.2351105, 53.3222965], [-6.2350558, 53.3222669], [-6.2350062, 53.3222342], [-6.2349623, 53.3221988], [-6.2349243, 53.322161], [-6.2348928, 53.3221212], [-6.2348679, 53.3220797], [-6.23485, 53.3220369], [-6.2348392, 53.3219933], [-6.2348355, 53.3219493], [-6.2348392, 53.3219053], [-6.23485, 53.3218617], [-6.2348679, 53.3218189], [-6.2348928, 53.3217774], [-6.2349243, 53.3217376], [-6.2349623, 53.3216998], [-6.2350062, 53.3216644], [-6.2350558, 53.3216317], [-6.2351105, 53.3216021], [-6.2351697, 53.3215758], [-6.235233, 53.3215532], [-6.2352997, 53.3215343], [-6.2353692, 53.3215195], [-6.2354408, 53.3215088], [-6.2355138, 53.3215023], [-6.2355875, 53.3215001], [-6.2356612, 53.3215023], [-6.2357342, 53.3215088], [-6.2358058, 53.3215195], [-6.2358753, 53.3215343], [-6.235942, 53.3215532], [-6.2360053, 53.3215758], [-6.2360645, 53.3216021], [-6.2361192, 53.3216317], [-6.2361688, 53.3216644], [-6.2362127, 53.3216998], [-6.2362507, 53.3217376], [-6.2362822, 53.3217774], [-6.2363071, 53.3218189], [-6.236325, 53.3218617], [-6.2363358, 53.3219053], [-6.2363395, 53.3219493], [-6.2363358, 53.3219933], [-6.236325, 53.3220369], [-6.2363071, 53.3220797], [-6.2362822, 53.3221212], [-6.2362507, 53.322161], [-6.2362127, 53.3221988], [-6.2361688, 53.3222342], [-6.2361192, 53.3222669], [-6.2360645, 53.3222965], [-6.2360053, 53.3223228], [-6.235942, 53.3223454], [-6.2358753, 53.3223643], [-6.2358058, 53.3223791], [-6.2357342, 53.3223898], [-6.2356612, 53.3223963], [-6.2355875, 53.3223985]]]}}, {"type": "Feature", "properties": {"MM ID": "50310", "SITE_ID": "30047", "radius_m": 50, "radius_source": "Footfall.RADIUS", "color": "#29B6E8"}, "geometry": {"type": "Polygon", "coordinates": [[[-6.1089325, 53.204963], [-6.108859, 53.2049608], [-6.1087862, 53.2049543], [-6.1087148, 53.2049436], [-6.1086455, 53.2049288], [-6.108579, 53.2049099], [-6.1085159, 53.2048873], [-6.1084568, 53.204861], [-6.1084022, 53.2048314], [-6.1083528, 53.2047987], [-6.108309, 53.2047633], [-6.1082712, 53.2047255], [-6.1082397, 53.2046857], [-6.1082149, 53.2046442], [-6.108197, 53.2046014], [-6.1081862, 53.2045578], [-6.1081826, 53.2045138], [-6.1081862, 53.2044698], [-6.108197, 53.2044262], [-6.1082149, 53.2043834], [-6.1082397, 53.2043419], [-6.1082712, 53.2043021], [-6.108309, 53.2042643], [-6.1083528, 53.2042289], [-6.1084022, 53.2041962], [-6.1084568, 53.2041666], [-6.1085159, 53.2041403], [-6.108579, 53.2041177], [-6.1086455, 53.2040988], [-6.1087148, 53.204084], [-6.1087862, 53.2040733], [-6.108859, 53.2040668], [-6.1089325, 53.2040646], [-6.109006, 53.2040668], [-6.1090788, 53.2040733], [-6.1091502, 53.204084], [-6.1092195, 53.2040988], [-6.109286, 53.2041177], [-6.1093491, 53.2041403], [-6.1094082, 53.2041666], [-6.1094628, 53.2041962], [-6.1095122, 53.2042289], [-6.109556, 53.2042643], [-6.1095938, 53.2043021], [-6.1096253, 53.2043419], [-6.1096501, 53.2043834], [-6.109668, 53.2044262], [-6.1096788, 53.2044698], [-6.1096824, 53.2045138], [-6.1096788, 53.2045578], [-6.109668, 53.2046014], [-6.1096501, 53.2046442], [-6.1096253, 53.2046857], [-6.1095938, 53.2047255], [-6.109556, 53.2047633], [-6.1095122, 53.2047987], [-6.1094628, 53.2048314], [-6.1094082, 53.204861], [-6.1093491, 53.2048873], [-6.109286, 53.2049099], [-6.1092195, 53.2049288], [-6.1091502, 53.2049436], [-6.1090788, 53.2049543], [-6.109006, 53.2049608], [-6.1089325, 53.204963]]]}}, {"type": "Feature", "properties": {"MM ID": "50311", "SITE_ID": "30048", "radius_m": 50, "radius_source": "Footfall.RADIUS", "color": "#29B6E8"}, "geometry": {"type": "Polygon", "coordinates": [[[-6.1089325, 53.204963], [-6.108859, 53.2049608], [-6.1087862, 53.2049543], [-6.1087148, 53.2049436], [-6.1086455, 53.2049288], [-6.108579, 53.2049099], [-6.1085159, 53.2048873], [-6.1084568, 53.204861], [-6.1084022, 53.2048314], [-6.1083528, 53.2047987], [-6.108309, 53.2047633], [-6.1082712, 53.2047255], [-6.1082397, 53.2046857], [-6.1082149, 53.2046442], [-6.108197, 53.2046014], [-6.1081862, 53.2045578], [-6.1081826, 53.2045138], [-6.1081862, 53.2044698], [-6.108197, 53.2044262], [-6.1082149, 53.2043834], [-6.1082397, 53.2043419], [-6.1082712, 53.2043021], [-6.108309, 53.2042643], [-6.1083528, 53.2042289], [-6.1084022, 53.2041962], [-6.1084568, 53.2041666], [-6.1085159, 53.2041403], [-6.108579, 53.2041177], [-6.1086455, 53.2040988], [-6.1087148, 53.204084], [-6.1087862, 53.2040733], [-6.108859, 53.2040668], [-6.1089325, 53.2040646], [-6.109006, 53.2040668], [-6.1090788, 53.2040733], [-6.1091502, 53.204084], [-6.1092195, 53.2040988], [-6.109286, 53.2041177], [-6.1093491, 53.2041403], [-6.1094082, 53.2041666], [-6.1094628, 53.2041962], [-6.1095122, 53.2042289], [-6.109556, 53.2042643], [-6.1095938, 53.2043021], [-6.1096253, 53.2043419], [-6.1096501, 53.2043834], [-6.109668, 53.2044262], [-6.1096788, 53.2044698], [-6.1096824, 53.2045138], [-6.1096788, 53.2045578], [-6.109668, 53.2046014], [-6.1096501, 53.2046442], [-6.1096253, 53.2046857], [-6.1095938, 53.2047255], [-6.109556, 53.2047633], [-6.1095122, 53.2047987], [-6.1094628, 53.2048314], [-6.1094082, 53.204861], [-6.1093491, 53.2048873], [-6.109286, 53.2049099], [-6.1092195, 53.2049288], [-6.1091502, 53.2049436], [-6.1090788, 53.2049543], [-6.109006, 53.2049608], [-6.1089325, 53.204963]]]}}, {"type": "Feature", "properties": {"MM ID": "50318", "SITE_ID": "30049", "radius_m": 50, "radius_source": "Footfall.RADIUS", "color": "#29B6E8"}, "geometry": {"type": "Polygon", "coordinates": [[[-8.4622831, 51.9011892], [-8.4622117, 51.901187], [-8.4621411, 51.9011805], [-8.4620718, 51.9011698], [-8.4620045, 51.901155], [-8.46194, 51.9011361], [-8.4618787, 51.9011135], [-8.4618213, 51.9010872], [-8.4617684, 51.9010576], [-8.4617204, 51.9010249], [-8.4616778, 51.9009895], [-8.4616411, 51.9009517], [-8.4616106, 51.9009119], [-8.4615865, 51.9008704], [-8.4615692, 51.9008276], [-8.4615587, 51.900784], [-8.4615552, 51.90074], [-8.4615587, 51.900696], [-8.4615692, 51.9006524], [-8.4615865, 51.9006096], [-8.4616106, 51.9005681], [-8.4616411, 51.9005283], [-8.4616778, 51.9004905], [-8.4617204, 51.9004551], [-8.4617684, 51.9004224], [-8.4618213, 51.9003928], [-8.4618787, 51.9003665], [-8.46194, 51.9003439], [-8.4620045, 51.900325], [-8.4620718, 51.9003102], [-8.4621411, 51.9002995], [-8.4622117, 51.900293], [-8.4622831, 51.9002908], [-8.4623545, 51.900293], [-8.4624251, 51.9002995], [-8.4624944, 51.9003102], [-8.4625617, 51.900325], [-8.4626262, 51.9003439], [-8.4626875, 51.9003665], [-8.4627449, 51.9003928], [-8.4627978, 51.9004224], [-8.4628458, 51.9004551], [-8.4628884, 51.9004905], [-8.4629251, 51.9005283], [-8.4629556, 51.9005681], [-8.4629797, 51.9006096], [-8.462997, 51.9006524], [-8.4630075, 51.900696], [-8.463011, 51.90074], [-8.4630075, 51.900784], [-8.462997, 51.9008276], [-8.4629797, 51.9008704], [-8.4629556, 51.9009119], [-8.4629251, 51.9009517], [-8.4628884, 51.9009895], [-8.4628458, 51.9010249], [-8.4627978, 51.9010576], [-8.4627449, 51.9010872], [-8.4626875, 51.9011135], [-8.4626262, 51.9011361], [-8.4625617, 51.901155], [-8.4624944, 51.9011698], [-8.4624251, 51.9011805], [-8.4623545, 51.901187], [-8.4622831, 51.9011892]]]}}, {"type": "Feature", "properties": {"MM ID": "50347", "SITE_ID": "30050", "radius_m": 50, "radius_source": "Footfall.RADIUS", "color": "#29B6E8"}, "geometry": {"type": "Polygon", "coordinates": [[[-6.3661784, 53.4136803], [-6.3661045, 53.4136781], [-6.3660314, 53.4136716], [-6.3659597, 53.4136609], [-6.36589, 53.4136461], [-6.3658232, 53.4136272], [-6.3657597, 53.4136046], [-6.3657003, 53.4135783], [-6.3656455, 53.4135487], [-6.3655959, 53.413516], [-6.3655518, 53.4134806], [-6.3655138, 53.4134428], [-6.3654822, 53.413403], [-6.3654573, 53.4133615], [-6.3654393, 53.4133187], [-6.3654285, 53.4132751], [-6.3654248, 53.4132311], [-6.3654285, 53.4131871], [-6.3654393, 53.4131435], [-6.3654573, 53.4131007], [-6.3654822, 53.4130592], [-6.3655138, 53.4130194], [-6.3655518, 53.4129816], [-6.3655959, 53.4129462], [-6.3656455, 53.4129135], [-6.3657003, 53.4128839], [-6.3657597, 53.4128576], [-6.3658232, 53.412835], [-6.36589, 53.4128161], [-6.3659597, 53.4128013], [-6.3660314, 53.4127906], [-6.3661045, 53.4127841], [-6.3661784, 53.4127819], [-6.3662523, 53.4127841], [-6.3663254, 53.4127906], [-6.3663971, 53.4128013], [-6.3664668, 53.4128161], [-6.3665336, 53.412835], [-6.3665971, 53.4128576], [-6.3666565, 53.4128839], [-6.3667113, 53.4129135], [-6.3667609, 53.4129462], [-6.366805, 53.4129816], [-6.366843, 53.4130194], [-6.3668746, 53.4130592], [-6.3668995, 53.4131007], [-6.3669175, 53.4131435], [-6.3669283, 53.4131871], [-6.366932, 53.4132311], [-6.3669283, 53.4132751], [-6.3669175, 53.4133187], [-6.3668995, 53.4133615], [-6.3668746, 53.413403], [-6.366843, 53.4134428], [-6.366805, 53.4134806], [-6.3667609, 53.413516], [-6.3667113, 53.4135487], [-6.3666565, 53.4135783], [-6.3665971, 53.4136046], [-6.3665336, 53.4136272], [-6.3664668, 53.4136461], [-6.3663971, 53.4136609], [-6.3663254, 53.4136716], [-6.3662523, 53.4136781], [-6.3661784, 53.4136803]]]}}, {"type": "Feature", "properties": {"MM ID": "50348", "SITE_ID": "30051", "radius_m": 50, "radius_source": "Footfall.RADIUS", "color": "#29B6E8"}, "geometry": {"type": "Polygon", "coordinates": [[[-6.3661784, 53.4136803], [-6.3661045, 53.4136781], [-6.3660314, 53.4136716], [-6.3659597, 53.4136609], [-6.36589, 53.4136461], [-6.3658232, 53.4136272], [-6.3657597, 53.4136046], [-6.3657003, 53.4135783], [-6.3656455, 53.4135487], [-6.3655959, 53.413516], [-6.3655518, 53.4134806], [-6.3655138, 53.4134428], [-6.3654822, 53.413403], [-6.3654573, 53.4133615], [-6.3654393, 53.4133187], [-6.3654285, 53.4132751], [-6.3654248, 53.4132311], [-6.3654285, 53.4131871], [-6.3654393, 53.4131435], [-6.3654573, 53.4131007], [-6.3654822, 53.4130592], [-6.3655138, 53.4130194], [-6.3655518, 53.4129816], [-6.3655959, 53.4129462], [-6.3656455, 53.4129135], [-6.3657003, 53.4128839], [-6.3657597, 53.4128576], [-6.3658232, 53.412835], [-6.36589, 53.4128161], [-6.3659597, 53.4128013], [-6.3660314, 53.4127906], [-6.3661045, 53.4127841], [-6.3661784, 53.4127819], [-6.3662523, 53.4127841], [-6.3663254, 53.4127906], [-6.3663971, 53.4128013], [-6.3664668, 53.4128161], [-6.3665336, 53.412835], [-6.3665971, 53.4128576], [-6.3666565, 53.4128839], [-6.3667113, 53.4129135], [-6.3667609, 53.4129462], [-6.366805, 53.4129816], [-6.366843, 53.4130194], [-6.3668746, 53.4130592], [-6.3668995, 53.4131007], [-6.3669175, 53.4131435], [-6.3669283, 53.4131871], [-6.366932, 53.4132311], [-6.3669283, 53.4132751], [-6.3669175, 53.4133187], [-6.3668995, 53.4133615], [-6.3668746, 53.413403], [-6.366843, 53.4134428], [-6.366805, 53.4134806], [-6.3667609, 53.413516], [-6.3667113, 53.4135487], [-6.3666565, 53.4135783], [-6.3665971, 53.4136046], [-6.3665336, 53.4136272], [-6.3664668, 53.4136461], [-6.3663971, 53.4136609], [-6.3663254, 53.4136716], [-6.3662523, 53.4136781], [-6.3661784, 53.4136803]]]}}, {"type": "Feature", "properties": {"MM ID": "50354", "SITE_ID": "30052", "radius_m": 50, "radius_source": "Footfall.RADIUS", "color": "#29B6E8"}, "geometry": {"type": "Polygon", "coordinates": [[[-7.1173229, 52.2508835], [-7.117251, 52.2508813], [-7.1171798, 52.2508748], [-7.1171099, 52.2508641], [-7.1170421, 52.2508493], [-7.1169771, 52.2508304], [-7.1169153, 52.2508078], [-7.1168575, 52.2507815], [-7.1168041, 52.2507519], [-7.1167558, 52.2507192], [-7.1167129, 52.2506838], [-7.1166759, 52.250646], [-7.1166451, 52.2506062], [-7.1166208, 52.2505647], [-7.1166033, 52.2505219], [-7.1165928, 52.2504783], [-7.1165892, 52.2504343], [-7.1165928, 52.2503903], [-7.1166033, 52.2503467], [-7.1166208, 52.2503039], [-7.1166451, 52.2502624], [-7.1166759, 52.2502226], [-7.1167129, 52.2501848], [-7.1167558, 52.2501494], [-7.1168041, 52.2501167], [-7.1168575, 52.2500871], [-7.1169153, 52.2500608], [-7.1169771, 52.2500382], [-7.1170421, 52.2500193], [-7.1171099, 52.2500045], [-7.1171798, 52.2499938], [-7.117251, 52.2499873], [-7.1173229, 52.2499851], [-7.1173948, 52.2499873], [-7.117466, 52.2499938], [-7.1175359, 52.2500045], [-7.1176037, 52.2500193], [-7.1176687, 52.2500382], [-7.1177305, 52.2500608], [-7.1177883, 52.2500871], [-7.1178417, 52.2501167], [-7.11789, 52.2501494], [-7.1179329, 52.2501848], [-7.1179699, 52.2502226], [-7.1180007, 52.2502624], [-7.118025, 52.2503039], [-7.1180425, 52.2503467], [-7.118053, 52.2503903], [-7.1180566, 52.2504343], [-7.118053, 52.2504783], [-7.1180425, 52.2505219], [-7.118025, 52.2505647], [-7.1180007, 52.2506062], [-7.1179699, 52.250646], [-7.1179329, 52.2506838], [-7.11789, 52.2507192], [-7.1178417, 52.2507519], [-7.1177883, 52.2507815], [-7.1177305, 52.2508078], [-7.1176687, 52.2508304], [-7.1176037, 52.2508493], [-7.1175359, 52.2508641], [-7.117466, 52.2508748], [-7.1173948, 52.2508813], [-7.1173229, 52.2508835]]]}}, {"type": "Feature", "properties": {"MM ID": "50355", "SITE_ID": "30053", "radius_m": 50, "radius_source": "Footfall.RADIUS", "color": "#29B6E8"}, "geometry": {"type": "Polygon", "coordinates": [[[-7.1173229, 52.2508835], [-7.117251, 52.2508813], [-7.1171798, 52.2508748], [-7.1171099, 52.2508641], [-7.1170421, 52.2508493], [-7.1169771, 52.2508304], [-7.1169153, 52.2508078], [-7.1168575, 52.2507815], [-7.1168041, 52.2507519], [-7.1167558, 52.2507192], [-7.1167129, 52.2506838], [-7.1166759, 52.250646], [-7.1166451, 52.2506062], [-7.1166208, 52.2505647], [-7.1166033, 52.2505219], [-7.1165928, 52.2504783], [-7.1165892, 52.2504343], [-7.1165928, 52.2503903], [-7.1166033, 52.2503467], [-7.1166208, 52.2503039], [-7.1166451, 52.2502624], [-7.1166759, 52.2502226], [-7.1167129, 52.2501848], [-7.1167558, 52.2501494], [-7.1168041, 52.2501167], [-7.1168575, 52.2500871], [-7.1169153, 52.2500608], [-7.1169771, 52.2500382], [-7.1170421, 52.2500193], [-7.1171099, 52.2500045], [-7.1171798, 52.2499938], [-7.117251, 52.2499873], [-7.1173229, 52.2499851], [-7.1173948, 52.2499873], [-7.117466, 52.2499938], [-7.1175359, 52.2500045], [-7.1176037, 52.2500193], [-7.1176687, 52.2500382], [-7.1177305, 52.2500608], [-7.1177883, 52.2500871], [-7.1178417, 52.2501167], [-7.11789, 52.2501494], [-7.1179329, 52.2501848], [-7.1179699, 52.2502226], [-7.1180007, 52.2502624], [-7.118025, 52.2503039], [-7.1180425, 52.2503467], [-7.118053, 52.2503903], [-7.1180566, 52.2504343], [-7.118053, 52.2504783], [-7.1180425, 52.2505219], [-7.118025, 52.2505647], [-7.1180007, 52.2506062], [-7.1179699, 52.250646], [-7.1179329, 52.2506838], [-7.11789, 52.2507192], [-7.1178417, 52.2507519], [-7.1177883, 52.2507815], [-7.1177305, 52.2508078], [-7.1176687, 52.2508304], [-7.1176037, 52.2508493], [-7.1175359, 52.2508641], [-7.117466, 52.2508748], [-7.1173948, 52.2508813], [-7.1173229, 52.2508835]]]}}, {"type": "Feature", "properties": {"MM ID": "50369", "SITE_ID": "30054", "radius_m": 50, "radius_source": "Footfall.RADIUS", "color": "#29B6E8"}, "geometry": {"type": "Polygon", "coordinates": [[[-6.318559, 53.3167658], [-6.3184853, 53.3167636], [-6.3184123, 53.3167571], [-6.3183407, 53.3167464], [-6.3182713, 53.3167316], [-6.3182046, 53.3167127], [-6.3181413, 53.3166901], [-6.318082, 53.3166638], [-6.3180274, 53.3166342], [-6.3179778, 53.3166015], [-6.3179339, 53.3165661], [-6.3178959, 53.3165283], [-6.3178644, 53.3164885], [-6.3178395, 53.316447], [-6.3178216, 53.3164042], [-6.3178108, 53.3163606], [-6.3178071, 53.3163166], [-6.3178108, 53.3162726], [-6.3178216, 53.316229], [-6.3178395, 53.3161862], [-6.3178644, 53.3161447], [-6.3178959, 53.3161049], [-6.3179339, 53.3160671], [-6.3179778, 53.3160317], [-6.3180274, 53.315999], [-6.318082, 53.3159694], [-6.3181413, 53.3159431], [-6.3182046, 53.3159205], [-6.3182713, 53.3159016], [-6.3183407, 53.3158868], [-6.3184123, 53.3158761], [-6.3184853, 53.3158696], [-6.318559, 53.3158674], [-6.3186327, 53.3158696], [-6.3187057, 53.3158761], [-6.3187773, 53.3158868], [-6.3188467, 53.3159016], [-6.3189134, 53.3159205], [-6.3189767, 53.3159431], [-6.319036, 53.3159694], [-6.3190906, 53.315999], [-6.3191402, 53.3160317], [-6.3191841, 53.3160671], [-6.3192221, 53.3161049], [-6.3192536, 53.3161447], [-6.3192785, 53.3161862], [-6.3192964, 53.316229], [-6.3193072, 53.3162726], [-6.3193109, 53.3163166], [-6.3193072, 53.3163606], [-6.3192964, 53.3164042], [-6.3192785, 53.316447], [-6.3192536, 53.3164885], [-6.3192221, 53.3165283], [-6.3191841, 53.3165661], [-6.3191402, 53.3166015], [-6.3190906, 53.3166342], [-6.319036, 53.3166638], [-6.3189767, 53.3166901], [-6.3189134, 53.3167127], [-6.3188467, 53.3167316], [-6.3187773, 53.3167464], [-6.3187057, 53.3167571], [-6.3186327, 53.3167636], [-6.318559, 53.3167658]]]}}, {"type": "Feature", "properties": {"MM ID": "50372", "SITE_ID": "30055", "radius_m": 50, "radius_source": "Footfall.RADIUS", "color": "#29B6E8"}, "geometry": {"type": "Polygon", "coordinates": [[[-6.3122779, 53.324483], [-6.3122042, 53.3244808], [-6.3121312, 53.3244743], [-6.3120596, 53.3244636], [-6.3119901, 53.3244488], [-6.3119234, 53.3244299], [-6.3118601, 53.3244073], [-6.3118008, 53.324381], [-6.3117462, 53.3243514], [-6.3116966, 53.3243187], [-6.3116526, 53.3242833], [-6.3116147, 53.3242455], [-6.3115832, 53.3242057], [-6.3115583, 53.3241642], [-6.3115404, 53.3241214], [-6.3115295, 53.3240778], [-6.3115259, 53.3240338], [-6.3115295, 53.3239898], [-6.3115404, 53.3239462], [-6.3115583, 53.3239034], [-6.3115832, 53.3238619], [-6.3116147, 53.3238221], [-6.3116526, 53.3237843], [-6.3116966, 53.3237489], [-6.3117462, 53.3237162], [-6.3118008, 53.3236866], [-6.3118601, 53.3236603], [-6.3119234, 53.3236377], [-6.3119901, 53.3236188], [-6.3120596, 53.323604], [-6.3121312, 53.3235933], [-6.3122042, 53.3235868], [-6.3122779, 53.3235846], [-6.3123516, 53.3235868], [-6.3124246, 53.3235933], [-6.3124962, 53.323604], [-6.3125657, 53.3236188], [-6.3126324, 53.3236377], [-6.3126957, 53.3236603], [-6.312755, 53.3236866], [-6.3128096, 53.3237162], [-6.3128592, 53.3237489], [-6.3129032, 53.3237843], [-6.3129411, 53.3238221], [-6.3129726, 53.3238619], [-6.3129975, 53.3239034], [-6.3130154, 53.3239462], [-6.3130263, 53.3239898], [-6.3130299, 53.3240338], [-6.3130263, 53.3240778], [-6.3130154, 53.3241214], [-6.3129975, 53.3241642], [-6.3129726, 53.3242057], [-6.3129411, 53.3242455], [-6.3129032, 53.3242833], [-6.3128592, 53.3243187], [-6.3128096, 53.3243514], [-6.312755, 53.324381], [-6.3126957, 53.3244073], [-6.3126324, 53.3244299], [-6.3125657, 53.3244488], [-6.3124962, 53.3244636], [-6.3124246, 53.3244743], [-6.3123516, 53.3244808], [-6.3122779, 53.324483]]]}}, {"type": "Feature", "properties": {"MM ID": "50375", "SITE_ID": "30056", "radius_m": 50, "radius_source": "Footfall.RADIUS", "color": "#29B6E8"}, "geometry": {"type": "Polygon", "coordinates": [[[-6.7969136, 53.173993], [-6.7968402, 53.1739908], [-6.7967674, 53.1739843], [-6.7966961, 53.1739736], [-6.7966268, 53.1739588], [-6.7965604, 53.1739399], [-6.7964973, 53.1739173], [-6.7964382, 53.173891], [-6.7963837, 53.1738614], [-6.7963343, 53.1738287], [-6.7962905, 53.1737933], [-6.7962527, 53.1737555], [-6.7962213, 53.1737157], [-6.7961965, 53.1736742], [-6.7961786, 53.1736314], [-6.7961679, 53.1735878], [-6.7961642, 53.1735438], [-6.7961679, 53.1734998], [-6.7961786, 53.1734562], [-6.7961965, 53.1734134], [-6.7962213, 53.1733719], [-6.7962527, 53.1733321], [-6.7962905, 53.1732943], [-6.7963343, 53.1732589], [-6.7963837, 53.1732262], [-6.7964382, 53.1731966], [-6.7964973, 53.1731703], [-6.7965604, 53.1731477], [-6.7966268, 53.1731288], [-6.7966961, 53.173114], [-6.7967674, 53.1731033], [-6.7968402, 53.1730968], [-6.7969136, 53.1730946], [-6.796987, 53.1730968], [-6.7970598, 53.1731033], [-6.7971311, 53.173114], [-6.7972004, 53.1731288], [-6.7972668, 53.1731477], [-6.7973299, 53.1731703], [-6.797389, 53.1731966], [-6.7974435, 53.1732262], [-6.7974929, 53.1732589], [-6.7975367, 53.1732943], [-6.7975745, 53.1733321], [-6.7976059, 53.1733719], [-6.7976307, 53.1734134], [-6.7976486, 53.1734562], [-6.7976593, 53.1734998], [-6.797663, 53.1735438], [-6.7976593, 53.1735878], [-6.7976486, 53.1736314], [-6.7976307, 53.1736742], [-6.7976059, 53.1737157], [-6.7975745, 53.1737555], [-6.7975367, 53.1737933], [-6.7974929, 53.1738287], [-6.7974435, 53.1738614], [-6.797389, 53.173891], [-6.7973299, 53.1739173], [-6.7972668, 53.1739399], [-6.7972004, 53.1739588], [-6.7971311, 53.1739736], [-6.7970598, 53.1739843], [-6.796987, 53.1739908], [-6.7969136, 53.173993]]]}}, {"type": "Feature", "properties": {"MM ID": "50376", "SITE_ID": "30057", "radius_m": 50, "radius_source": "Footfall.RADIUS", "color": "#29B6E8"}, "geometry": {"type": "Polygon", "coordinates": [[[-6.7969136, 53.173993], [-6.7968402, 53.1739908], [-6.7967674, 53.1739843], [-6.7966961, 53.1739736], [-6.7966268, 53.1739588], [-6.7965604, 53.1739399], [-6.7964973, 53.1739173], [-6.7964382, 53.173891], [-6.7963837, 53.1738614], [-6.7963343, 53.1738287], [-6.7962905, 53.1737933], [-6.7962527, 53.1737555], [-6.7962213, 53.1737157], [-6.7961965, 53.1736742], [-6.7961786, 53.1736314], [-6.7961679, 53.1735878], [-6.7961642, 53.1735438], [-6.7961679, 53.1734998], [-6.7961786, 53.1734562], [-6.7961965, 53.1734134], [-6.7962213, 53.1733719], [-6.7962527, 53.1733321], [-6.7962905, 53.1732943], [-6.7963343, 53.1732589], [-6.7963837, 53.1732262], [-6.7964382, 53.1731966], [-6.7964973, 53.1731703], [-6.7965604, 53.1731477], [-6.7966268, 53.1731288], [-6.7966961, 53.173114], [-6.7967674, 53.1731033], [-6.7968402, 53.1730968], [-6.7969136, 53.1730946], [-6.796987, 53.1730968], [-6.7970598, 53.1731033], [-6.7971311, 53.173114], [-6.7972004, 53.1731288], [-6.7972668, 53.1731477], [-6.7973299, 53.1731703], [-6.797389, 53.1731966], [-6.7974435, 53.1732262], [-6.7974929, 53.1732589], [-6.7975367, 53.1732943], [-6.7975745, 53.1733321], [-6.7976059, 53.1733719], [-6.7976307, 53.1734134], [-6.7976486, 53.1734562], [-6.7976593, 53.1734998], [-6.797663, 53.1735438], [-6.7976593, 53.1735878], [-6.7976486, 53.1736314], [-6.7976307, 53.1736742], [-6.7976059, 53.1737157], [-6.7975745, 53.1737555], [-6.7975367, 53.1737933], [-6.7974929, 53.1738287], [-6.7974435, 53.1738614], [-6.797389, 53.173891], [-6.7973299, 53.1739173], [-6.7972668, 53.1739399], [-6.7972004, 53.1739588], [-6.7971311, 53.1739736], [-6.7970598, 53.1739843], [-6.796987, 53.1739908], [-6.7969136, 53.173993]]]}}, {"type": "Feature", "properties": {"MM ID": "50379", "SITE_ID": "30058", "radius_m": 50, "radius_source": "Footfall.RADIUS", "color": "#29B6E8"}, "geometry": {"type": "Polygon", "coordinates": [[[-6.3990433, 53.3846396], [-6.3989695, 53.3846374], [-6.3988964, 53.3846309], [-6.3988247, 53.3846202], [-6.3987551, 53.3846054], [-6.3986883, 53.3845865], [-6.3986249, 53.3845639], [-6.3985656, 53.3845376], [-6.3985108, 53.384508], [-6.3984612, 53.3844753], [-6.3984172, 53.3844399], [-6.3983792, 53.3844021], [-6.3983476, 53.3843623], [-6.3983227, 53.3843208], [-6.3983047, 53.384278], [-6.3982939, 53.3842344], [-6.3982902, 53.3841904], [-6.3982939, 53.3841464], [-6.3983047, 53.3841028], [-6.3983227, 53.38406], [-6.3983476, 53.3840185], [-6.3983792, 53.3839787], [-6.3984172, 53.3839409], [-6.3984612, 53.3839055], [-6.3985108, 53.3838728], [-6.3985656, 53.3838432], [-6.3986249, 53.3838169], [-6.3986883, 53.3837943], [-6.3987551, 53.3837754], [-6.3988247, 53.3837606], [-6.3988964, 53.3837499], [-6.3989695, 53.3837434], [-6.3990433, 53.3837412], [-6.3991171, 53.3837434], [-6.3991902, 53.3837499], [-6.3992619, 53.3837606], [-6.3993315, 53.3837754], [-6.3993983, 53.3837943], [-6.3994617, 53.3838169], [-6.399521, 53.3838432], [-6.3995758, 53.3838728], [-6.3996254, 53.3839055], [-6.3996694, 53.3839409], [-6.3997074, 53.3839787], [-6.399739, 53.3840185], [-6.3997639, 53.38406], [-6.3997819, 53.3841028], [-6.3997927, 53.3841464], [-6.3997964, 53.3841904], [-6.3997927, 53.3842344], [-6.3997819, 53.384278], [-6.3997639, 53.3843208], [-6.399739, 53.3843623], [-6.3997074, 53.3844021], [-6.3996694, 53.3844399], [-6.3996254, 53.3844753], [-6.3995758, 53.384508], [-6.399521, 53.3845376], [-6.3994617, 53.3845639], [-6.3993983, 53.3845865], [-6.3993315, 53.3846054], [-6.3992619, 53.3846202], [-6.3991902, 53.3846309], [-6.3991171, 53.3846374], [-6.3990433, 53.3846396]]]}}, {"type": "Feature", "properties": {"MM ID": "50380", "SITE_ID": "30059", "radius_m": 50, "radius_source": "Footfall.RADIUS", "color": "#29B6E8"}, "geometry": {"type": "Polygon", "coordinates": [[[-6.2682024, 53.3494276], [-6.2681286, 53.3494254], [-6.2680556, 53.3494189], [-6.267984, 53.3494082], [-6.2679145, 53.3493934], [-6.2678477, 53.3493745], [-6.2677844, 53.3493519], [-6.2677251, 53.3493256], [-6.2676704, 53.349296], [-6.2676208, 53.3492633], [-6.2675768, 53.3492279], [-6.2675388, 53.3491901], [-6.2675072, 53.3491503], [-6.2674824, 53.3491088], [-6.2674644, 53.349066], [-6.2674536, 53.3490224], [-6.26745, 53.3489784], [-6.2674536, 53.3489344], [-6.2674644, 53.3488908], [-6.2674824, 53.348848], [-6.2675072, 53.3488065], [-6.2675388, 53.3487667], [-6.2675768, 53.3487289], [-6.2676208, 53.3486935], [-6.2676704, 53.3486608], [-6.2677251, 53.3486312], [-6.2677844, 53.3486049], [-6.2678477, 53.3485823], [-6.2679145, 53.3485634], [-6.267984, 53.3485486], [-6.2680556, 53.3485379], [-6.2681286, 53.3485314], [-6.2682024, 53.3485292], [-6.2682762, 53.3485314], [-6.2683492, 53.3485379], [-6.2684208, 53.3485486], [-6.2684903, 53.3485634], [-6.2685571, 53.3485823], [-6.2686204, 53.3486049], [-6.2686797, 53.3486312], [-6.2687344, 53.3486608], [-6.268784, 53.3486935], [-6.268828, 53.3487289], [-6.268866, 53.3487667], [-6.2688976, 53.3488065], [-6.2689224, 53.348848], [-6.2689404, 53.3488908], [-6.2689512, 53.3489344], [-6.2689548, 53.3489784], [-6.2689512, 53.3490224], [-6.2689404, 53.349066], [-6.2689224, 53.3491088], [-6.2688976, 53.3491503], [-6.268866, 53.3491901], [-6.268828, 53.3492279], [-6.268784, 53.3492633], [-6.2687344, 53.349296], [-6.2686797, 53.3493256], [-6.2686204, 53.3493519], [-6.2685571, 53.3493745], [-6.2684903, 53.3493934], [-6.2684208, 53.3494082], [-6.2683492, 53.3494189], [-6.2682762, 53.3494254], [-6.2682024, 53.3494276]]]}}, {"type": "Feature", "properties": {"MM ID": "50381", "SITE_ID": "30060", "radius_m": 50, "radius_source": "Footfall.RADIUS", "color": "#29B6E8"}, "geometry": {"type": "Polygon", "coordinates": [[[-6.2121933, 53.3961554], [-6.2121195, 53.3961532], [-6.2120463, 53.3961467], [-6.2119746, 53.396136], [-6.211905, 53.3961212], [-6.2118382, 53.3961023], [-6.2117748, 53.3960797], [-6.2117154, 53.3960534], [-6.2116607, 53.3960238], [-6.211611, 53.3959911], [-6.211567, 53.3959557], [-6.211529, 53.3959179], [-6.2114974, 53.3958781], [-6.2114725, 53.3958366], [-6.2114545, 53.3957938], [-6.2114437, 53.3957502], [-6.21144, 53.3957062], [-6.2114437, 53.3956622], [-6.2114545, 53.3956186], [-6.2114725, 53.3955758], [-6.2114974, 53.3955343], [-6.211529, 53.3954945], [-6.211567, 53.3954567], [-6.211611, 53.3954213], [-6.2116607, 53.3953886], [-6.2117154, 53.395359], [-6.2117748, 53.3953327], [-6.2118382, 53.3953101], [-6.211905, 53.3952912], [-6.2119746, 53.3952764], [-6.2120463, 53.3952657], [-6.2121195, 53.3952592], [-6.2121933, 53.395257], [-6.2122671, 53.3952592], [-6.2123403, 53.3952657], [-6.212412, 53.3952764], [-6.2124816, 53.3952912], [-6.2125484, 53.3953101], [-6.2126118, 53.3953327], [-6.2126712, 53.395359], [-6.2127259, 53.3953886], [-6.2127756, 53.3954213], [-6.2128196, 53.3954567], [-6.2128576, 53.3954945], [-6.2128892, 53.3955343], [-6.2129141, 53.3955758], [-6.2129321, 53.3956186], [-6.2129429, 53.3956622], [-6.2129466, 53.3957062], [-6.2129429, 53.3957502], [-6.2129321, 53.3957938], [-6.2129141, 53.3958366], [-6.2128892, 53.3958781], [-6.2128576, 53.3959179], [-6.2128196, 53.3959557], [-6.2127756, 53.3959911], [-6.2127259, 53.3960238], [-6.2126712, 53.3960534], [-6.2126118, 53.3960797], [-6.2125484, 53.3961023], [-6.2124816, 53.3961212], [-6.212412, 53.396136], [-6.2123403, 53.3961467], [-6.2122671, 53.3961532], [-6.2121933, 53.3961554]]]}}, {"type": "Feature", "properties": {"MM ID": "50382", "SITE_ID": "30061", "radius_m": 50, "radius_source": "Footfall.RADIUS", "color": "#29B6E8"}, "geometry": {"type": "Polygon", "coordinates": [[[-8.4686922, 51.8986989], [-8.4686209, 51.8986967], [-8.4685502, 51.8986902], [-8.4684809, 51.8986795], [-8.4684136, 51.8986647], [-8.4683491, 51.8986458], [-8.4682878, 51.8986232], [-8.4682304, 51.8985969], [-8.4681775, 51.8985673], [-8.4681295, 51.8985346], [-8.468087, 51.8984992], [-8.4680503, 51.8984614], [-8.4680197, 51.8984216], [-8.4679956, 51.8983801], [-8.4679783, 51.8983373], [-8.4679678, 51.8982937], [-8.4679643, 51.8982497], [-8.4679678, 51.8982057], [-8.4679783, 51.8981621], [-8.4679956, 51.8981193], [-8.4680197, 51.8980778], [-8.4680503, 51.898038], [-8.468087, 51.8980002], [-8.4681295, 51.8979648], [-8.4681775, 51.8979321], [-8.4682304, 51.8979025], [-8.4682878, 51.8978762], [-8.4683491, 51.8978536], [-8.4684136, 51.8978347], [-8.4684809, 51.8978199], [-8.4685502, 51.8978092], [-8.4686209, 51.8978027], [-8.4686922, 51.8978005], [-8.4687635, 51.8978027], [-8.4688342, 51.8978092], [-8.4689035, 51.8978199], [-8.4689708, 51.8978347], [-8.4690353, 51.8978536], [-8.4690966, 51.8978762], [-8.469154, 51.8979025], [-8.4692069, 51.8979321], [-8.4692549, 51.8979648], [-8.4692974, 51.8980002], [-8.4693341, 51.898038], [-8.4693647, 51.8980778], [-8.4693888, 51.8981193], [-8.4694061, 51.8981621], [-8.4694166, 51.8982057], [-8.4694201, 51.8982497], [-8.4694166, 51.8982937], [-8.4694061, 51.8983373], [-8.4693888, 51.8983801], [-8.4693647, 51.8984216], [-8.4693341, 51.8984614], [-8.4692974, 51.8984992], [-8.4692549, 51.8985346], [-8.4692069, 51.8985673], [-8.469154, 51.8985969], [-8.4690966, 51.8986232], [-8.4690353, 51.8986458], [-8.4689708, 51.8986647], [-8.4689035, 51.8986795], [-8.4688342, 51.8986902], [-8.4687635, 51.8986967], [-8.4686922, 51.8986989]]]}}, {"type": "Feature", "properties": {"MM ID": "50383", "SITE_ID": "30062", "radius_m": 50, "radius_source": "Footfall.RADIUS", "color": "#29B6E8"}, "geometry": {"type": "Polygon", "coordinates": [[[-8.4760618, 51.8999263], [-8.4759905, 51.8999241], [-8.4759198, 51.8999176], [-8.4758505, 51.8999069], [-8.4757832, 51.8998921], [-8.4757187, 51.8998732], [-8.4756574, 51.8998506], [-8.4756, 51.8998243], [-8.4755471, 51.8997947], [-8.4754991, 51.899762], [-8.4754566, 51.8997266], [-8.4754198, 51.8996888], [-8.4753893, 51.899649], [-8.4753652, 51.8996075], [-8.4753479, 51.8995647], [-8.4753374, 51.8995211], [-8.4753339, 51.8994771], [-8.4753374, 51.8994331], [-8.4753479, 51.8993895], [-8.4753652, 51.8993467], [-8.4753893, 51.8993052], [-8.4754198, 51.8992654], [-8.4754566, 51.8992276], [-8.4754991, 51.8991922], [-8.4755471, 51.8991595], [-8.4756, 51.8991299], [-8.4756574, 51.8991036], [-8.4757187, 51.899081], [-8.4757832, 51.8990621], [-8.4758505, 51.8990473], [-8.4759198, 51.8990366], [-8.4759905, 51.8990301], [-8.4760618, 51.8990279], [-8.4761331, 51.8990301], [-8.4762038, 51.8990366], [-8.4762731, 51.8990473], [-8.4763404, 51.8990621], [-8.4764049, 51.899081], [-8.4764662, 51.8991036], [-8.4765236, 51.8991299], [-8.4765765, 51.8991595], [-8.4766245, 51.8991922], [-8.476667, 51.8992276], [-8.4767038, 51.8992654], [-8.4767343, 51.8993052], [-8.4767584, 51.8993467], [-8.4767757, 51.8993895], [-8.4767862, 51.8994331], [-8.4767897, 51.8994771], [-8.4767862, 51.8995211], [-8.4767757, 51.8995647], [-8.4767584, 51.8996075], [-8.4767343, 51.899649], [-8.4767038, 51.8996888], [-8.476667, 51.8997266], [-8.4766245, 51.899762], [-8.4765765, 51.8997947], [-8.4765236, 51.8998243], [-8.4764662, 51.8998506], [-8.4764049, 51.8998732], [-8.4763404, 51.8998921], [-8.4762731, 51.8999069], [-8.4762038, 51.8999176], [-8.4761331, 51.8999241], [-8.4760618, 51.8999263]]]}}, {"type": "Feature", "properties": {"MM ID": "50384", "SITE_ID": "30063", "radius_m": 50, "radius_source": "Footfall.RADIUS", "color": "#29B6E8"}, "geometry": {"type": "Polygon", "coordinates": [[[-8.4760618, 51.8999263], [-8.4759905, 51.8999241], [-8.4759198, 51.8999176], [-8.4758505, 51.8999069], [-8.4757832, 51.8998921], [-8.4757187, 51.8998732], [-8.4756574, 51.8998506], [-8.4756, 51.8998243], [-8.4755471, 51.8997947], [-8.4754991, 51.899762], [-8.4754566, 51.8997266], [-8.4754198, 51.8996888], [-8.4753893, 51.899649], [-8.4753652, 51.8996075], [-8.4753479, 51.8995647], [-8.4753374, 51.8995211], [-8.4753339, 51.8994771], [-8.4753374, 51.8994331], [-8.4753479, 51.8993895], [-8.4753652, 51.8993467], [-8.4753893, 51.8993052], [-8.4754198, 51.8992654], [-8.4754566, 51.8992276], [-8.4754991, 51.8991922], [-8.4755471, 51.8991595], [-8.4756, 51.8991299], [-8.4756574, 51.8991036], [-8.4757187, 51.899081], [-8.4757832, 51.8990621], [-8.4758505, 51.8990473], [-8.4759198, 51.8990366], [-8.4759905, 51.8990301], [-8.4760618, 51.8990279], [-8.4761331, 51.8990301], [-8.4762038, 51.8990366], [-8.4762731, 51.8990473], [-8.4763404, 51.8990621], [-8.4764049, 51.899081], [-8.4764662, 51.8991036], [-8.4765236, 51.8991299], [-8.4765765, 51.8991595], [-8.4766245, 51.8991922], [-8.476667, 51.8992276], [-8.4767038, 51.8992654], [-8.4767343, 51.8993052], [-8.4767584, 51.8993467], [-8.4767757, 51.8993895], [-8.4767862, 51.8994331], [-8.4767897, 51.8994771], [-8.4767862, 51.8995211], [-8.4767757, 51.8995647], [-8.4767584, 51.8996075], [-8.4767343, 51.899649], [-8.4767038, 51.8996888], [-8.476667, 51.8997266], [-8.4766245, 51.899762], [-8.4765765, 51.8997947], [-8.4765236, 51.8998243], [-8.4764662, 51.8998506], [-8.4764049, 51.8998732], [-8.4763404, 51.8998921], [-8.4762731, 51.8999069], [-8.4762038, 51.8999176], [-8.4761331, 51.8999241], [-8.4760618, 51.8999263]]]}}, {"type": "Feature", "properties": {"MM ID": "50395", "SITE_ID": "30064", "radius_m": 50, "radius_source": "Footfall.RADIUS", "color": "#29B6E8"}, "geometry": {"type": "Polygon", "coordinates": [[[-6.2961914, 53.3836383], [-6.2961176, 53.3836361], [-6.2960445, 53.3836296], [-6.2959728, 53.3836189], [-6.2959032, 53.3836041], [-6.2958364, 53.3835852], [-6.295773, 53.3835626], [-6.2957137, 53.3835363], [-6.2956589, 53.3835067], [-6.2956093, 53.383474], [-6.2955653, 53.3834386], [-6.2955273, 53.3834008], [-6.2954957, 53.383361], [-6.2954708, 53.3833195], [-6.2954528, 53.3832767], [-6.295442, 53.3832331], [-6.2954384, 53.3831891], [-6.295442, 53.3831451], [-6.2954528, 53.3831015], [-6.2954708, 53.3830587], [-6.2954957, 53.3830172], [-6.2955273, 53.3829774], [-6.2955653, 53.3829396], [-6.2956093, 53.3829042], [-6.2956589, 53.3828715], [-6.2957137, 53.3828419], [-6.295773, 53.3828156], [-6.2958364, 53.382793], [-6.2959032, 53.3827741], [-6.2959728, 53.3827593], [-6.2960445, 53.3827486], [-6.2961176, 53.3827421], [-6.2961914, 53.3827399], [-6.2962652, 53.3827421], [-6.2963383, 53.3827486], [-6.29641, 53.3827593], [-6.2964796, 53.3827741], [-6.2965464, 53.382793], [-6.2966098, 53.3828156], [-6.2966691, 53.3828419], [-6.2967239, 53.3828715], [-6.2967735, 53.3829042], [-6.2968175, 53.3829396], [-6.2968555, 53.3829774], [-6.2968871, 53.3830172], [-6.296912, 53.3830587], [-6.29693, 53.3831015], [-6.2969408, 53.3831451], [-6.2969444, 53.3831891], [-6.2969408, 53.3832331], [-6.29693, 53.3832767], [-6.296912, 53.3833195], [-6.2968871, 53.383361], [-6.2968555, 53.3834008], [-6.2968175, 53.3834386], [-6.2967735, 53.383474], [-6.2967239, 53.3835067], [-6.2966691, 53.3835363], [-6.2966098, 53.3835626], [-6.2965464, 53.3835852], [-6.2964796, 53.3836041], [-6.29641, 53.3836189], [-6.2963383, 53.3836296], [-6.2962652, 53.3836361], [-6.2961914, 53.3836383]]]}}, {"type": "Feature", "properties": {"MM ID": "50406", "SITE_ID": "30065", "radius_m": 50, "radius_source": "Footfall.RADIUS", "color": "#29B6E8"}, "geometry": {"type": "Polygon", "coordinates": [[[-6.2059899, 53.275775], [-6.2059163, 53.2757728], [-6.2058434, 53.2757663], [-6.2057719, 53.2757556], [-6.2057025, 53.2757408], [-6.2056358, 53.2757219], [-6.2055726, 53.2756993], [-6.2055134, 53.275673], [-6.2054588, 53.2756434], [-6.2054093, 53.2756107], [-6.2053654, 53.2755753], [-6.2053275, 53.2755375], [-6.2052959, 53.2754977], [-6.2052711, 53.2754562], [-6.2052532, 53.2754134], [-6.2052424, 53.2753698], [-6.2052388, 53.2753258], [-6.2052424, 53.2752818], [-6.2052532, 53.2752382], [-6.2052711, 53.2751954], [-6.2052959, 53.2751539], [-6.2053275, 53.2751141], [-6.2053654, 53.2750763], [-6.2054093, 53.2750409], [-6.2054588, 53.2750082], [-6.2055134, 53.2749786], [-6.2055726, 53.2749523], [-6.2056358, 53.2749297], [-6.2057025, 53.2749108], [-6.2057719, 53.274896], [-6.2058434, 53.2748853], [-6.2059163, 53.2748788], [-6.2059899, 53.2748766], [-6.2060635, 53.2748788], [-6.2061364, 53.2748853], [-6.2062079, 53.274896], [-6.2062773, 53.2749108], [-6.206344, 53.2749297], [-6.2064072, 53.2749523], [-6.2064664, 53.2749786], [-6.206521, 53.2750082], [-6.2065705, 53.2750409], [-6.2066144, 53.2750763], [-6.2066523, 53.2751141], [-6.2066839, 53.2751539], [-6.2067087, 53.2751954], [-6.2067266, 53.2752382], [-6.2067374, 53.2752818], [-6.206741, 53.2753258], [-6.2067374, 53.2753698], [-6.2067266, 53.2754134], [-6.2067087, 53.2754562], [-6.2066839, 53.2754977], [-6.2066523, 53.2755375], [-6.2066144, 53.2755753], [-6.2065705, 53.2756107], [-6.206521, 53.2756434], [-6.2064664, 53.275673], [-6.2064072, 53.2756993], [-6.206344, 53.2757219], [-6.2062773, 53.2757408], [-6.2062079, 53.2757556], [-6.2061364, 53.2757663], [-6.2060635, 53.2757728], [-6.2059899, 53.275775]]]}}, {"type": "Feature", "properties": {"MM ID": "50086", "SITE_ID": "60001", "radius_m": 183, "radius_source": "Footfall.RADIUS", "color": "#29B6E8"}, "geometry": {"type": "Polygon", "coordinates": [[[-8.4744247, 51.9000453], [-8.4741636, 51.9000374], [-8.473905, 51.9000137], [-8.4736513, 51.8999745], [-8.4734052, 51.8999202], [-8.4731688, 51.8998512], [-8.4729446, 51.8997683], [-8.4727346, 51.8996722], [-8.4725409, 51.8995638], [-8.4723653, 51.8994443], [-8.4722096, 51.8993147], [-8.4720752, 51.8991763], [-8.4719634, 51.8990305], [-8.4718753, 51.8988786], [-8.4718118, 51.8987221], [-8.4717734, 51.8985625], [-8.4717606, 51.8984014], [-8.4717734, 51.8982403], [-8.4718118, 51.8980807], [-8.4718753, 51.8979242], [-8.4719634, 51.8977723], [-8.4720752, 51.8976265], [-8.4722096, 51.8974881], [-8.4723653, 51.8973585], [-8.4725409, 51.897239], [-8.4727346, 51.8971306], [-8.4729446, 51.8970345], [-8.4731688, 51.8969516], [-8.4734052, 51.8968826], [-8.4736513, 51.8968283], [-8.473905, 51.8967891], [-8.4741636, 51.8967654], [-8.4744247, 51.8967575], [-8.4746858, 51.8967654], [-8.4749444, 51.8967891], [-8.4751981, 51.8968283], [-8.4754442, 51.8968826], [-8.4756806, 51.8969516], [-8.4759048, 51.8970345], [-8.4761148, 51.8971306], [-8.4763085, 51.897239], [-8.4764841, 51.8973585], [-8.4766398, 51.8974881], [-8.4767742, 51.8976265], [-8.476886, 51.8977723], [-8.4769741, 51.8979242], [-8.4770376, 51.8980807], [-8.477076, 51.8982403], [-8.4770888, 51.8984014], [-8.477076, 51.8985625], [-8.4770376, 51.8987221], [-8.4769741, 51.8988786], [-8.476886, 51.8990305], [-8.4767742, 51.8991763], [-8.4766398, 51.8993147], [-8.4764841, 51.8994443], [-8.4763085, 51.8995638], [-8.4761148, 51.8996722], [-8.4759048, 51.8997683], [-8.4756806, 51.8998512], [-8.4754442, 51.8999202], [-8.4751981, 51.8999745], [-8.4749444, 51.9000137], [-8.4746858, 51.9000374], [-8.4744247, 51.9000453]]]}}, {"type": "Feature", "properties": {"MM ID": "50246", "SITE_ID": "60002", "radius_m": 183, "radius_source": "Footfall.RADIUS", "color": "#29B6E8"}, "geometry": {"type": "Polygon", "coordinates": [[[-6.241713, 53.3439318], [-6.2414431, 53.3439239], [-6.2411758, 53.3439002], [-6.2409137, 53.343861], [-6.2406593, 53.3438067], [-6.240415, 53.3437377], [-6.2401833, 53.3436548], [-6.2399662, 53.3435587], [-6.239766, 53.3434503], [-6.2395845, 53.3433308], [-6.2394236, 53.3432012], [-6.2392847, 53.3430628], [-6.2391691, 53.342917], [-6.2390781, 53.3427651], [-6.2390124, 53.3426086], [-6.2389728, 53.342449], [-6.2389595, 53.3422879], [-6.2389728, 53.3421268], [-6.2390124, 53.3419672], [-6.2390781, 53.3418107], [-6.2391691, 53.3416588], [-6.2392847, 53.341513], [-6.2394236, 53.3413746], [-6.2395845, 53.341245], [-6.239766, 53.3411255], [-6.2399662, 53.3410171], [-6.2401833, 53.340921], [-6.240415, 53.3408381], [-6.2406593, 53.3407691], [-6.2409137, 53.3407148], [-6.2411758, 53.3406756], [-6.2414431, 53.3406519], [-6.241713, 53.340644], [-6.2419829, 53.3406519], [-6.2422502, 53.3406756], [-6.2425123, 53.3407148], [-6.2427667, 53.3407691], [-6.243011, 53.3408381], [-6.2432427, 53.340921], [-6.2434598, 53.3410171], [-6.24366, 53.3411255], [-6.2438415, 53.341245], [-6.2440024, 53.3413746], [-6.2441413, 53.341513], [-6.2442569, 53.3416588], [-6.2443479, 53.3418107], [-6.2444136, 53.3419672], [-6.2444532, 53.3421268], [-6.2444665, 53.3422879], [-6.2444532, 53.342449], [-6.2444136, 53.3426086], [-6.2443479, 53.3427651], [-6.2442569, 53.342917], [-6.2441413, 53.3430628], [-6.2440024, 53.3432012], [-6.2438415, 53.3433308], [-6.24366, 53.3434503], [-6.2434598, 53.3435587], [-6.2432427, 53.3436548], [-6.243011, 53.3437377], [-6.2427667, 53.3438067], [-6.2425123, 53.343861], [-6.2422502, 53.3439002], [-6.2419829, 53.3439239], [-6.241713, 53.3439318]]]}}, {"type": "Feature", "properties": {"MM ID": "50319", "SITE_ID": "60003", "radius_m": 183, "radius_source": "Footfall.RADIUS", "color": "#29B6E8"}, "geometry": {"type": "Polygon", "coordinates": [[[-6.2596296, 53.3628025], [-6.2593596, 53.3627946], [-6.2590922, 53.3627709], [-6.25883, 53.3627317], [-6.2585754, 53.3626774], [-6.2583311, 53.3626084], [-6.2580992, 53.3625255], [-6.257882, 53.3624294], [-6.2576817, 53.362321], [-6.2575002, 53.3622015], [-6.2573392, 53.3620719], [-6.2572002, 53.3619335], [-6.2570846, 53.3617877], [-6.2569935, 53.3616358], [-6.2569278, 53.3614793], [-6.2568882, 53.3613197], [-6.2568749, 53.3611586], [-6.2568882, 53.3609975], [-6.2569278, 53.3608379], [-6.2569935, 53.3606814], [-6.2570846, 53.3605295], [-6.2572002, 53.3603837], [-6.2573392, 53.3602453], [-6.2575002, 53.3601157], [-6.2576817, 53.3599962], [-6.257882, 53.3598878], [-6.2580992, 53.3597917], [-6.2583311, 53.3597088], [-6.2585754, 53.3596398], [-6.25883, 53.3595855], [-6.2590922, 53.3595463], [-6.2593596, 53.3595226], [-6.2596296, 53.3595147], [-6.2598996, 53.3595226], [-6.260167, 53.3595463], [-6.2604292, 53.3595855], [-6.2606838, 53.3596398], [-6.2609281, 53.3597088], [-6.26116, 53.3597917], [-6.2613772, 53.3598878], [-6.2615775, 53.3599962], [-6.261759, 53.3601157], [-6.26192, 53.3602453], [-6.262059, 53.3603837], [-6.2621746, 53.3605295], [-6.2622657, 53.3606814], [-6.2623314, 53.3608379], [-6.262371, 53.3609975], [-6.2623843, 53.3611586], [-6.262371, 53.3613197], [-6.2623314, 53.3614793], [-6.2622657, 53.3616358], [-6.2621746, 53.3617877], [-6.262059, 53.3619335], [-6.26192, 53.3620719], [-6.261759, 53.3622015], [-6.2615775, 53.362321], [-6.2613772, 53.3624294], [-6.26116, 53.3625255], [-6.2609281, 53.3626084], [-6.2606838, 53.3626774], [-6.2604292, 53.3627317], [-6.260167, 53.3627709], [-6.2598996, 53.3627946], [-6.2596296, 53.3628025]]]}}, {"type": "Feature", "properties": {"MM ID": "50388", "SITE_ID": "60005", "radius_m": 183, "radius_source": "Footfall.RADIUS", "color": "#29B6E8"}, "geometry": {"type": "Polygon", "coordinates": [[[-6.233265, 53.3393839], [-6.2329951, 53.339376], [-6.2327279, 53.3393523], [-6.2324658, 53.3393131], [-6.2322114, 53.3392588], [-6.2319672, 53.3391898], [-6.2317354, 53.3391069], [-6.2315184, 53.3390108], [-6.2313182, 53.3389024], [-6.2311368, 53.3387829], [-6.2309758, 53.3386533], [-6.2308369, 53.3385149], [-6.2307214, 53.3383691], [-6.2306304, 53.3382172], [-6.2305647, 53.3380607], [-6.2305251, 53.3379011], [-6.2305118, 53.33774], [-6.2305251, 53.3375789], [-6.2305647, 53.3374193], [-6.2306304, 53.3372628], [-6.2307214, 53.3371109], [-6.2308369, 53.3369651], [-6.2309758, 53.3368267], [-6.2311368, 53.3366971], [-6.2313182, 53.3365776], [-6.2315184, 53.3364692], [-6.2317354, 53.3363731], [-6.2319672, 53.3362902], [-6.2322114, 53.3362212], [-6.2324658, 53.3361669], [-6.2327279, 53.3361277], [-6.2329951, 53.336104], [-6.233265, 53.3360961], [-6.2335349, 53.336104], [-6.2338021, 53.3361277], [-6.2340642, 53.3361669], [-6.2343186, 53.3362212], [-6.2345628, 53.3362902], [-6.2347946, 53.3363731], [-6.2350116, 53.3364692], [-6.2352118, 53.3365776], [-6.2353932, 53.3366971], [-6.2355542, 53.3368267], [-6.2356931, 53.3369651], [-6.2358086, 53.3371109], [-6.2358996, 53.3372628], [-6.2359653, 53.3374193], [-6.2360049, 53.3375789], [-6.2360182, 53.33774], [-6.2360049, 53.3379011], [-6.2359653, 53.3380607], [-6.2358996, 53.3382172], [-6.2358086, 53.3383691], [-6.2356931, 53.3385149], [-6.2355542, 53.3386533], [-6.2353932, 53.3387829], [-6.2352118, 53.3389024], [-6.2350116, 53.3390108], [-6.2347946, 53.3391069], [-6.2345628, 53.3391898], [-6.2343186, 53.3392588], [-6.2340642, 53.3393131], [-6.2338021, 53.3393523], [-6.2335349, 53.339376], [-6.233265, 53.3393839]]]}}, {"type": "Feature", "properties": {"MM ID": "50397", "SITE_ID": "60006", "radius_m": 183, "radius_source": "Footfall.RADIUS", "color": "#29B6E8"}, "geometry": {"type": "Polygon", "coordinates": [[[-6.2427833, 53.362823], [-6.2425133, 53.3628151], [-6.2422459, 53.3627914], [-6.2419837, 53.3627522], [-6.2417291, 53.3626979], [-6.2414848, 53.3626289], [-6.2412529, 53.362546], [-6.2410357, 53.3624499], [-6.2408354, 53.3623415], [-6.2406539, 53.362222], [-6.2404929, 53.3620924], [-6.2403539, 53.361954], [-6.2402383, 53.3618082], [-6.2401472, 53.3616563], [-6.2400815, 53.3614998], [-6.2400419, 53.3613402], [-6.2400286, 53.3611791], [-6.2400419, 53.361018], [-6.2400815, 53.3608584], [-6.2401472, 53.3607019], [-6.2402383, 53.36055], [-6.2403539, 53.3604042], [-6.2404929, 53.3602658], [-6.2406539, 53.3601362], [-6.2408354, 53.3600167], [-6.2410357, 53.3599083], [-6.2412529, 53.3598122], [-6.2414848, 53.3597293], [-6.2417291, 53.3596603], [-6.2419837, 53.359606], [-6.2422459, 53.3595668], [-6.2425133, 53.3595431], [-6.2427833, 53.3595352], [-6.2430533, 53.3595431], [-6.2433207, 53.3595668], [-6.2435829, 53.359606], [-6.2438375, 53.3596603], [-6.2440818, 53.3597293], [-6.2443137, 53.3598122], [-6.2445309, 53.3599083], [-6.2447312, 53.3600167], [-6.2449127, 53.3601362], [-6.2450737, 53.3602658], [-6.2452127, 53.3604042], [-6.2453283, 53.36055], [-6.2454194, 53.3607019], [-6.2454851, 53.3608584], [-6.2455247, 53.361018], [-6.245538, 53.3611791], [-6.2455247, 53.3613402], [-6.2454851, 53.3614998], [-6.2454194, 53.3616563], [-6.2453283, 53.3618082], [-6.2452127, 53.361954], [-6.2450737, 53.3620924], [-6.2449127, 53.362222], [-6.2447312, 53.3623415], [-6.2445309, 53.3624499], [-6.2443137, 53.362546], [-6.2440818, 53.3626289], [-6.2438375, 53.3626979], [-6.2435829, 53.3627522], [-6.2433207, 53.3627914], [-6.2430533, 53.3628151], [-6.2427833, 53.362823]]]}}, {"type": "Feature", "properties": {"MM ID": "50405", "SITE_ID": "60007", "radius_m": 183, "radius_source": "Footfall.RADIUS", "color": "#29B6E8"}, "geometry": {"type": "Polygon", "coordinates": [[[-6.2363385, 53.3238293], [-6.2360687, 53.3238214], [-6.2358016, 53.3237977], [-6.2355396, 53.3237585], [-6.2352853, 53.3237042], [-6.2350411, 53.3236352], [-6.2348095, 53.3235523], [-6.2345925, 53.3234562], [-6.2343924, 53.3233478], [-6.234211, 53.3232283], [-6.2340502, 53.3230987], [-6.2339113, 53.3229603], [-6.2337958, 53.3228145], [-6.2337048, 53.3226626], [-6.2336392, 53.3225061], [-6.2335996, 53.3223465], [-6.2335863, 53.3221854], [-6.2335996, 53.3220243], [-6.2336392, 53.3218647], [-6.2337048, 53.3217082], [-6.2337958, 53.3215563], [-6.2339113, 53.3214105], [-6.2340502, 53.3212721], [-6.234211, 53.3211425], [-6.2343924, 53.321023], [-6.2345925, 53.3209146], [-6.2348095, 53.3208185], [-6.2350411, 53.3207356], [-6.2352853, 53.3206666], [-6.2355396, 53.3206123], [-6.2358016, 53.3205731], [-6.2360687, 53.3205494], [-6.2363385, 53.3205415], [-6.2366083, 53.3205494], [-6.2368754, 53.3205731], [-6.2371374, 53.3206123], [-6.2373917, 53.3206666], [-6.2376359, 53.3207356], [-6.2378675, 53.3208185], [-6.2380845, 53.3209146], [-6.2382846, 53.321023], [-6.238466, 53.3211425], [-6.2386268, 53.3212721], [-6.2387657, 53.3214105], [-6.2388812, 53.3215563], [-6.2389722, 53.3217082], [-6.2390378, 53.3218647], [-6.2390774, 53.3220243], [-6.2390907, 53.3221854], [-6.2390774, 53.3223465], [-6.2390378, 53.3225061], [-6.2389722, 53.3226626], [-6.2388812, 53.3228145], [-6.2387657, 53.3229603], [-6.2386268, 53.3230987], [-6.238466, 53.3232283], [-6.2382846, 53.3233478], [-6.2380845, 53.3234562], [-6.2378675, 53.3235523], [-6.2376359, 53.3236352], [-6.2373917, 53.3237042], [-6.2371374, 53.3237585], [-6.2368754, 53.3237977], [-6.2366083, 53.3238214], [-6.2363385, 53.3238293]]]}}, {"type": "Feature", "properties": {"MM ID": "50410", "SITE_ID": "60008", "radius_m": 183, "radius_source": "Footfall.RADIUS", "color": "#29B6E8"}, "geometry": {"type": "Polygon", "coordinates": [[[-6.3589151, 53.3309694], [-6.3586453, 53.3309615], [-6.3583781, 53.3309378], [-6.3581161, 53.3308986], [-6.3578617, 53.3308443], [-6.3576175, 53.3307753], [-6.3573858, 53.3306924], [-6.3571689, 53.3305963], [-6.3569687, 53.3304879], [-6.3567873, 53.3303684], [-6.3566264, 53.3302388], [-6.3564875, 53.3301004], [-6.356372, 53.3299546], [-6.356281, 53.3298027], [-6.3562154, 53.3296462], [-6.3561757, 53.3294866], [-6.3561625, 53.3293255], [-6.3561757, 53.3291644], [-6.3562154, 53.3290048], [-6.356281, 53.3288483], [-6.356372, 53.3286964], [-6.3564875, 53.3285506], [-6.3566264, 53.3284122], [-6.3567873, 53.3282826], [-6.3569687, 53.3281631], [-6.3571689, 53.3280547], [-6.3573858, 53.3279586], [-6.3576175, 53.3278757], [-6.3578617, 53.3278067], [-6.3581161, 53.3277524], [-6.3583781, 53.3277132], [-6.3586453, 53.3276895], [-6.3589151, 53.3276816], [-6.3591849, 53.3276895], [-6.3594521, 53.3277132], [-6.3597141, 53.3277524], [-6.3599685, 53.3278067], [-6.3602127, 53.3278757], [-6.3604444, 53.3279586], [-6.3606613, 53.3280547], [-6.3608615, 53.3281631], [-6.3610429, 53.3282826], [-6.3612038, 53.3284122], [-6.3613427, 53.3285506], [-6.3614582, 53.3286964], [-6.3615492, 53.3288483], [-6.3616148, 53.3290048], [-6.3616545, 53.3291644], [-6.3616677, 53.3293255], [-6.3616545, 53.3294866], [-6.3616148, 53.3296462], [-6.3615492, 53.3298027], [-6.3614582, 53.3299546], [-6.3613427, 53.3301004], [-6.3612038, 53.3302388], [-6.3610429, 53.3303684], [-6.3608615, 53.3304879], [-6.3606613, 53.3305963], [-6.3604444, 53.3306924], [-6.3602127, 53.3307753], [-6.3599685, 53.3308443], [-6.3597141, 53.3308986], [-6.3594521, 53.3309378], [-6.3591849, 53.3309615], [-6.3589151, 53.3309694]]]}}, {"type": "Feature", "properties": {"MM ID": "50002", "SITE_ID": "50002", "radius_m": 183, "radius_source": "Footfall.RADIUS", "color": "#29B6E8"}, "geometry": {"type": "Polygon", "coordinates": [[[-6.2596369, 53.3458354], [-6.259367, 53.3458275], [-6.2590997, 53.3458038], [-6.2588376, 53.3457646], [-6.2585831, 53.3457103], [-6.2583389, 53.3456413], [-6.2581071, 53.3455584], [-6.25789, 53.3454623], [-6.2576898, 53.3453539], [-6.2575083, 53.3452344], [-6.2573474, 53.3451048], [-6.2572085, 53.3449664], [-6.2570929, 53.3448206], [-6.2570019, 53.3446687], [-6.2569362, 53.3445122], [-6.2568966, 53.3443526], [-6.2568833, 53.3441915], [-6.2568966, 53.3440304], [-6.2569362, 53.3438708], [-6.2570019, 53.3437143], [-6.2570929, 53.3435624], [-6.2572085, 53.3434166], [-6.2573474, 53.3432782], [-6.2575083, 53.3431486], [-6.2576898, 53.3430291], [-6.25789, 53.3429207], [-6.2581071, 53.3428246], [-6.2583389, 53.3427417], [-6.2585831, 53.3426727], [-6.2588376, 53.3426184], [-6.2590997, 53.3425792], [-6.259367, 53.3425555], [-6.2596369, 53.3425476], [-6.2599068, 53.3425555], [-6.2601741, 53.3425792], [-6.2604362, 53.3426184], [-6.2606907, 53.3426727], [-6.2609349, 53.3427417], [-6.2611667, 53.3428246], [-6.2613838, 53.3429207], [-6.261584, 53.3430291], [-6.2617655, 53.3431486], [-6.2619264, 53.3432782], [-6.2620653, 53.3434166], [-6.2621809, 53.3435624], [-6.2622719, 53.3437143], [-6.2623376, 53.3438708], [-6.2623772, 53.3440304], [-6.2623905, 53.3441915], [-6.2623772, 53.3443526], [-6.2623376, 53.3445122], [-6.2622719, 53.3446687], [-6.2621809, 53.3448206], [-6.2620653, 53.3449664], [-6.2619264, 53.3451048], [-6.2617655, 53.3452344], [-6.261584, 53.3453539], [-6.2613838, 53.3454623], [-6.2611667, 53.3455584], [-6.2609349, 53.3456413], [-6.2606907, 53.3457103], [-6.2604362, 53.3457646], [-6.2601741, 53.3458038], [-6.2599068, 53.3458275], [-6.2596369, 53.3458354]]]}}, {"type": "Feature", "properties": {"MM ID": "50007", "SITE_ID": "50007", "radius_m": 183, "radius_source": "Footfall.RADIUS", "color": "#29B6E8"}, "geometry": {"type": "Polygon", "coordinates": [[[-6.2778237, 53.3501115], [-6.2775538, 53.3501036], [-6.2772864, 53.3500799], [-6.2770243, 53.3500407], [-6.2767698, 53.3499864], [-6.2765255, 53.3499174], [-6.2762937, 53.3498345], [-6.2760767, 53.3497384], [-6.2758764, 53.34963], [-6.2756949, 53.3495105], [-6.2755339, 53.3493809], [-6.275395, 53.3492425], [-6.2752795, 53.3490967], [-6.2751884, 53.3489448], [-6.2751228, 53.3487883], [-6.2750831, 53.3486287], [-6.2750698, 53.3484676], [-6.2750831, 53.3483065], [-6.2751228, 53.3481469], [-6.2751884, 53.3479904], [-6.2752795, 53.3478385], [-6.275395, 53.3476927], [-6.2755339, 53.3475543], [-6.2756949, 53.3474247], [-6.2758764, 53.3473052], [-6.2760767, 53.3471968], [-6.2762937, 53.3471007], [-6.2765255, 53.3470178], [-6.2767698, 53.3469488], [-6.2770243, 53.3468945], [-6.2772864, 53.3468553], [-6.2775538, 53.3468316], [-6.2778237, 53.3468237], [-6.2780936, 53.3468316], [-6.278361, 53.3468553], [-6.2786231, 53.3468945], [-6.2788776, 53.3469488], [-6.2791219, 53.3470178], [-6.2793537, 53.3471007], [-6.2795707, 53.3471968], [-6.279771, 53.3473052], [-6.2799525, 53.3474247], [-6.2801135, 53.3475543], [-6.2802524, 53.3476927], [-6.2803679, 53.3478385], [-6.280459, 53.3479904], [-6.2805246, 53.3481469], [-6.2805643, 53.3483065], [-6.2805776, 53.3484676], [-6.2805643, 53.3486287], [-6.2805246, 53.3487883], [-6.280459, 53.3489448], [-6.2803679, 53.3490967], [-6.2802524, 53.3492425], [-6.2801135, 53.3493809], [-6.2799525, 53.3495105], [-6.279771, 53.34963], [-6.2795707, 53.3497384], [-6.2793537, 53.3498345], [-6.2791219, 53.3499174], [-6.2788776, 53.3499864], [-6.2786231, 53.3500407], [-6.278361, 53.3500799], [-6.2780936, 53.3501036], [-6.2778237, 53.3501115]]]}}, {"type": "Feature", "properties": {"MM ID": "50032", "SITE_ID": "50032", "radius_m": 183, "radius_source": "Footfall.RADIUS", "color": "#29B6E8"}, "geometry": {"type": "Polygon", "coordinates": [[[-6.2559151, 53.3499637], [-6.2556452, 53.3499558], [-6.2553778, 53.3499321], [-6.2551157, 53.3498929], [-6.2548612, 53.3498386], [-6.2546169, 53.3497696], [-6.2543851, 53.3496867], [-6.2541681, 53.3495906], [-6.2539678, 53.3494822], [-6.2537863, 53.3493627], [-6.2536254, 53.3492331], [-6.2534864, 53.3490947], [-6.2533709, 53.3489489], [-6.2532798, 53.348797], [-6.2532142, 53.3486405], [-6.2531745, 53.3484809], [-6.2531612, 53.3483198], [-6.2531745, 53.3481587], [-6.2532142, 53.3479991], [-6.2532798, 53.3478426], [-6.2533709, 53.3476907], [-6.2534864, 53.3475449], [-6.2536254, 53.3474065], [-6.2537863, 53.3472769], [-6.2539678, 53.3471574], [-6.2541681, 53.347049], [-6.2543851, 53.3469529], [-6.2546169, 53.34687], [-6.2548612, 53.346801], [-6.2551157, 53.3467467], [-6.2553778, 53.3467075], [-6.2556452, 53.3466838], [-6.2559151, 53.3466759], [-6.256185, 53.3466838], [-6.2564524, 53.3467075], [-6.2567145, 53.3467467], [-6.256969, 53.346801], [-6.2572133, 53.34687], [-6.2574451, 53.3469529], [-6.2576621, 53.347049], [-6.2578624, 53.3471574], [-6.2580439, 53.3472769], [-6.2582048, 53.3474065], [-6.2583438, 53.3475449], [-6.2584593, 53.3476907], [-6.2585504, 53.3478426], [-6.258616, 53.3479991], [-6.2586557, 53.3481587], [-6.258669, 53.3483198], [-6.2586557, 53.3484809], [-6.258616, 53.3486405], [-6.2585504, 53.348797], [-6.2584593, 53.3489489], [-6.2583438, 53.3490947], [-6.2582048, 53.3492331], [-6.2580439, 53.3493627], [-6.2578624, 53.3494822], [-6.2576621, 53.3495906], [-6.2574451, 53.3496867], [-6.2572133, 53.3497696], [-6.256969, 53.3498386], [-6.2567145, 53.3498929], [-6.2564524, 53.3499321], [-6.256185, 53.3499558], [-6.2559151, 53.3499637]]]}}, {"type": "Feature", "properties": {"MM ID": "50043", "SITE_ID": "50043", "radius_m": 183, "radius_source": "Footfall.RADIUS", "color": "#29B6E8"}, "geometry": {"type": "Polygon", "coordinates": [[[-6.261291, 53.341704], [-6.2610211, 53.3416961], [-6.2607538, 53.3416724], [-6.2604917, 53.3416332], [-6.2602373, 53.3415789], [-6.2599931, 53.3415099], [-6.2597613, 53.3414269], [-6.2595443, 53.3413308], [-6.2593441, 53.3412225], [-6.2591626, 53.341103], [-6.2590017, 53.3409734], [-6.2588628, 53.340835], [-6.2587472, 53.3406892], [-6.2586562, 53.3405373], [-6.2585906, 53.3403808], [-6.2585509, 53.3402212], [-6.2585377, 53.3400601], [-6.2585509, 53.339899], [-6.2585906, 53.3397394], [-6.2586562, 53.3395829], [-6.2587472, 53.339431], [-6.2588628, 53.3392851], [-6.2590017, 53.3391468], [-6.2591626, 53.3390172], [-6.2593441, 53.3388977], [-6.2595443, 53.3387893], [-6.2597613, 53.3386932], [-6.2599931, 53.3386103], [-6.2602373, 53.3385413], [-6.2604917, 53.338487], [-6.2607538, 53.3384478], [-6.2610211, 53.3384241], [-6.261291, 53.3384162], [-6.2615608, 53.3384241], [-6.2618281, 53.3384478], [-6.2620902, 53.338487], [-6.2623446, 53.3385413], [-6.2625889, 53.3386103], [-6.2628206, 53.3386932], [-6.2630377, 53.3387893], [-6.2632379, 53.3388977], [-6.2634193, 53.3390172], [-6.2635803, 53.3391468], [-6.2637192, 53.3392851], [-6.2638347, 53.339431], [-6.2639257, 53.3395829], [-6.2639914, 53.3397394], [-6.264031, 53.339899], [-6.2640443, 53.3400601], [-6.264031, 53.3402212], [-6.2639914, 53.3403808], [-6.2639257, 53.3405373], [-6.2638347, 53.3406892], [-6.2637192, 53.340835], [-6.2635803, 53.3409734], [-6.2634193, 53.341103], [-6.2632379, 53.3412225], [-6.2630377, 53.3413308], [-6.2628206, 53.3414269], [-6.2625889, 53.3415099], [-6.2623446, 53.3415789], [-6.2620902, 53.3416332], [-6.2618281, 53.3416724], [-6.2615608, 53.3416961], [-6.261291, 53.341704]]]}}, {"type": "Feature", "properties": {"MM ID": "50047", "SITE_ID": "50047", "radius_m": 183, "radius_source": "Footfall.RADIUS", "color": "#29B6E8"}, "geometry": {"type": "Polygon", "coordinates": [[[-6.2681019, 53.3488568], [-6.267832, 53.3488489], [-6.2675647, 53.3488252], [-6.2673025, 53.348786], [-6.2670481, 53.3487317], [-6.2668038, 53.3486627], [-6.266572, 53.3485798], [-6.2663549, 53.3484837], [-6.2661547, 53.3483753], [-6.2659732, 53.3482558], [-6.2658122, 53.3481262], [-6.2656733, 53.3479878], [-6.2655577, 53.347842], [-6.2654667, 53.3476901], [-6.265401, 53.3475336], [-6.2653614, 53.347374], [-6.2653481, 53.3472129], [-6.2653614, 53.3470518], [-6.265401, 53.3468922], [-6.2654667, 53.3467357], [-6.2655577, 53.3465838], [-6.2656733, 53.346438], [-6.2658122, 53.3462996], [-6.2659732, 53.34617], [-6.2661547, 53.3460505], [-6.2663549, 53.3459421], [-6.266572, 53.345846], [-6.2668038, 53.3457631], [-6.2670481, 53.3456941], [-6.2673025, 53.3456398], [-6.2675647, 53.3456006], [-6.267832, 53.3455769], [-6.2681019, 53.345569], [-6.2683718, 53.3455769], [-6.2686391, 53.3456006], [-6.2689013, 53.3456398], [-6.2691557, 53.3456941], [-6.2694, 53.3457631], [-6.2696318, 53.345846], [-6.2698489, 53.3459421], [-6.2700491, 53.3460505], [-6.2702306, 53.34617], [-6.2703916, 53.3462996], [-6.2705305, 53.346438], [-6.2706461, 53.3465838], [-6.2707371, 53.3467357], [-6.2708028, 53.3468922], [-6.2708424, 53.3470518], [-6.2708557, 53.3472129], [-6.2708424, 53.347374], [-6.2708028, 53.3475336], [-6.2707371, 53.3476901], [-6.2706461, 53.347842], [-6.2705305, 53.3479878], [-6.2703916, 53.3481262], [-6.2702306, 53.3482558], [-6.2700491, 53.3483753], [-6.2698489, 53.3484837], [-6.2696318, 53.3485798], [-6.2694, 53.3486627], [-6.2691557, 53.3487317], [-6.2689013, 53.348786], [-6.2686391, 53.3488252], [-6.2683718, 53.3488489], [-6.2681019, 53.3488568]]]}}, {"type": "Feature", "properties": {"MM ID": "50123", "SITE_ID": "50123", "radius_m": 183, "radius_source": "Footfall.RADIUS", "color": "#29B6E8"}, "geometry": {"type": "Polygon", "coordinates": [[[-6.2711249, 53.3522932], [-6.270855, 53.3522853], [-6.2705876, 53.3522616], [-6.2703255, 53.3522224], [-6.270071, 53.3521681], [-6.2698267, 53.3520991], [-6.2695949, 53.3520162], [-6.2693778, 53.3519201], [-6.2691775, 53.3518117], [-6.268996, 53.3516922], [-6.268835, 53.3515626], [-6.2686961, 53.3514242], [-6.2685805, 53.3512784], [-6.2684895, 53.3511265], [-6.2684238, 53.35097], [-6.2683842, 53.3508104], [-6.2683709, 53.3506493], [-6.2683842, 53.3504882], [-6.2684238, 53.3503286], [-6.2684895, 53.3501721], [-6.2685805, 53.3500202], [-6.2686961, 53.3498744], [-6.268835, 53.349736], [-6.268996, 53.3496064], [-6.2691775, 53.3494869], [-6.2693778, 53.3493785], [-6.2695949, 53.3492824], [-6.2698267, 53.3491995], [-6.270071, 53.3491305], [-6.2703255, 53.3490762], [-6.2705876, 53.349037], [-6.270855, 53.3490133], [-6.2711249, 53.3490054], [-6.2713948, 53.3490133], [-6.2716622, 53.349037], [-6.2719243, 53.3490762], [-6.2721788, 53.3491305], [-6.2724231, 53.3491995], [-6.2726549, 53.3492824], [-6.272872, 53.3493785], [-6.2730723, 53.3494869], [-6.2732538, 53.3496064], [-6.2734148, 53.349736], [-6.2735537, 53.3498744], [-6.2736693, 53.3500202], [-6.2737603, 53.3501721], [-6.273826, 53.3503286], [-6.2738656, 53.3504882], [-6.2738789, 53.3506493], [-6.2738656, 53.3508104], [-6.273826, 53.35097], [-6.2737603, 53.3511265], [-6.2736693, 53.3512784], [-6.2735537, 53.3514242], [-6.2734148, 53.3515626], [-6.2732538, 53.3516922], [-6.2730723, 53.3518117], [-6.272872, 53.3519201], [-6.2726549, 53.3520162], [-6.2724231, 53.3520991], [-6.2721788, 53.3521681], [-6.2719243, 53.3522224], [-6.2716622, 53.3522616], [-6.2713948, 53.3522853], [-6.2711249, 53.3522932]]]}}, {"type": "Feature", "properties": {"MM ID": "50142", "SITE_ID": "50142", "radius_m": 50, "radius_source": "Footfall.RADIUS", "color": "#29B6E8"}, "geometry": {"type": "Polygon", "coordinates": [[[-6.3093953, 53.4041909], [-6.3093215, 53.4041887], [-6.3092483, 53.4041822], [-6.3091766, 53.4041715], [-6.309107, 53.4041567], [-6.3090402, 53.4041378], [-6.3089767, 53.4041152], [-6.3089173, 53.4040889], [-6.3088626, 53.4040593], [-6.3088129, 53.4040266], [-6.3087689, 53.4039912], [-6.3087309, 53.4039534], [-6.3086993, 53.4039136], [-6.3086743, 53.4038721], [-6.3086564, 53.4038293], [-6.3086455, 53.4037857], [-6.3086419, 53.4037417], [-6.3086455, 53.4036977], [-6.3086564, 53.4036541], [-6.3086743, 53.4036113], [-6.3086993, 53.4035698], [-6.3087309, 53.40353], [-6.3087689, 53.4034922], [-6.3088129, 53.4034568], [-6.3088626, 53.4034241], [-6.3089173, 53.4033945], [-6.3089767, 53.4033682], [-6.3090402, 53.4033456], [-6.309107, 53.4033267], [-6.3091766, 53.4033119], [-6.3092483, 53.4033012], [-6.3093215, 53.4032947], [-6.3093953, 53.4032925], [-6.3094691, 53.4032947], [-6.3095423, 53.4033012], [-6.309614, 53.4033119], [-6.3096836, 53.4033267], [-6.3097504, 53.4033456], [-6.3098139, 53.4033682], [-6.3098733, 53.4033945], [-6.309928, 53.4034241], [-6.3099777, 53.4034568], [-6.3100217, 53.4034922], [-6.3100597, 53.40353], [-6.3100913, 53.4035698], [-6.3101163, 53.4036113], [-6.3101342, 53.4036541], [-6.3101451, 53.4036977], [-6.3101487, 53.4037417], [-6.3101451, 53.4037857], [-6.3101342, 53.4038293], [-6.3101163, 53.4038721], [-6.3100913, 53.4039136], [-6.3100597, 53.4039534], [-6.3100217, 53.4039912], [-6.3099777, 53.4040266], [-6.309928, 53.4040593], [-6.3098733, 53.4040889], [-6.3098139, 53.4041152], [-6.3097504, 53.4041378], [-6.3096836, 53.4041567], [-6.309614, 53.4041715], [-6.3095423, 53.4041822], [-6.3094691, 53.4041887], [-6.3093953, 53.4041909]]]}}, {"type": "Feature", "properties": {"MM ID": "50165", "SITE_ID": "50165", "radius_m": 183, "radius_source": "Footfall.RADIUS", "color": "#29B6E8"}, "geometry": {"type": "Polygon", "coordinates": [[[-8.4946223, 51.8963061], [-8.4943612, 51.8962982], [-8.4941026, 51.8962745], [-8.493849, 51.8962353], [-8.4936029, 51.896181], [-8.4933666, 51.896112], [-8.4931423, 51.8960291], [-8.4929323, 51.895933], [-8.4927386, 51.8958246], [-8.4925631, 51.8957051], [-8.4924074, 51.8955755], [-8.492273, 51.8954371], [-8.4921612, 51.8952913], [-8.4920731, 51.8951394], [-8.4920096, 51.8949829], [-8.4919712, 51.8948233], [-8.4919584, 51.8946622], [-8.4919712, 51.8945011], [-8.4920096, 51.8943415], [-8.4920731, 51.894185], [-8.4921612, 51.8940331], [-8.492273, 51.8938873], [-8.4924074, 51.8937489], [-8.4925631, 51.8936193], [-8.4927386, 51.8934998], [-8.4929323, 51.8933914], [-8.4931423, 51.8932953], [-8.4933666, 51.8932124], [-8.4936029, 51.8931434], [-8.493849, 51.8930891], [-8.4941026, 51.8930499], [-8.4943612, 51.8930262], [-8.4946223, 51.8930183], [-8.4948834, 51.8930262], [-8.495142, 51.8930499], [-8.4953956, 51.8930891], [-8.4956417, 51.8931434], [-8.495878, 51.8932124], [-8.4961023, 51.8932953], [-8.4963123, 51.8933914], [-8.496506, 51.8934998], [-8.4966815, 51.8936193], [-8.4968372, 51.8937489], [-8.4969716, 51.8938873], [-8.4970834, 51.8940331], [-8.4971715, 51.894185], [-8.497235, 51.8943415], [-8.4972734, 51.8945011], [-8.4972862, 51.8946622], [-8.4972734, 51.8948233], [-8.497235, 51.8949829], [-8.4971715, 51.8951394], [-8.4970834, 51.8952913], [-8.4969716, 51.8954371], [-8.4968372, 51.8955755], [-8.4966815, 51.8957051], [-8.496506, 51.8958246], [-8.4963123, 51.895933], [-8.4961023, 51.8960291], [-8.495878, 51.896112], [-8.4956417, 51.896181], [-8.4953956, 51.8962353], [-8.495142, 51.8962745], [-8.4948834, 51.8962982], [-8.4946223, 51.8963061]]]}}, {"type": "Feature", "properties": {"MM ID": "50168", "SITE_ID": "50168", "radius_m": 183, "radius_source": "Footfall.RADIUS", "color": "#29B6E8"}, "geometry": {"type": "Polygon", "coordinates": [[[-6.2656911, 53.324915], [-6.2654213, 53.3249071], [-6.2651542, 53.3248834], [-6.2648922, 53.3248442], [-6.2646379, 53.3247899], [-6.2643937, 53.3247209], [-6.264162, 53.324638], [-6.2639451, 53.3245419], [-6.263745, 53.3244335], [-6.2635636, 53.324314], [-6.2634027, 53.3241844], [-6.2632638, 53.324046], [-6.2631484, 53.3239002], [-6.2630574, 53.3237483], [-6.2629917, 53.3235918], [-6.2629521, 53.3234322], [-6.2629389, 53.3232711], [-6.2629521, 53.32311], [-6.2629917, 53.3229504], [-6.2630574, 53.3227939], [-6.2631484, 53.322642], [-6.2632638, 53.3224962], [-6.2634027, 53.3223578], [-6.2635636, 53.3222282], [-6.263745, 53.3221087], [-6.2639451, 53.3220003], [-6.264162, 53.3219042], [-6.2643937, 53.3218213], [-6.2646379, 53.3217523], [-6.2648922, 53.321698], [-6.2651542, 53.3216588], [-6.2654213, 53.3216351], [-6.2656911, 53.3216272], [-6.2659609, 53.3216351], [-6.266228, 53.3216588], [-6.26649, 53.321698], [-6.2667443, 53.3217523], [-6.2669885, 53.3218213], [-6.2672202, 53.3219042], [-6.2674371, 53.3220003], [-6.2676372, 53.3221087], [-6.2678186, 53.3222282], [-6.2679795, 53.3223578], [-6.2681184, 53.3224962], [-6.2682338, 53.322642], [-6.2683248, 53.3227939], [-6.2683905, 53.3229504], [-6.2684301, 53.32311], [-6.2684433, 53.3232711], [-6.2684301, 53.3234322], [-6.2683905, 53.3235918], [-6.2683248, 53.3237483], [-6.2682338, 53.3239002], [-6.2681184, 53.324046], [-6.2679795, 53.3241844], [-6.2678186, 53.324314], [-6.2676372, 53.3244335], [-6.2674371, 53.3245419], [-6.2672202, 53.324638], [-6.2669885, 53.3247209], [-6.2667443, 53.3247899], [-6.26649, 53.3248442], [-6.266228, 53.3248834], [-6.2659609, 53.3249071], [-6.2656911, 53.324915]]]}}, {"type": "Feature", "properties": {"MM ID": "50195", "SITE_ID": "50195", "radius_m": 183, "radius_source": "Footfall.RADIUS", "color": "#29B6E8"}, "geometry": {"type": "Polygon", "coordinates": [[[-6.3622919, 53.2881075], [-6.3620224, 53.2880996], [-6.3617554, 53.2880759], [-6.3614937, 53.2880367], [-6.3612396, 53.2879824], [-6.3609956, 53.2879134], [-6.3607642, 53.2878305], [-6.3605474, 53.2877344], [-6.3603475, 53.287626], [-6.3601662, 53.2875065], [-6.3600055, 53.2873769], [-6.3598667, 53.2872385], [-6.3597514, 53.2870927], [-6.3596604, 53.2869408], [-6.3595949, 53.2867843], [-6.3595553, 53.2866247], [-6.359542, 53.2864636], [-6.3595553, 53.2863025], [-6.3595949, 53.2861429], [-6.3596604, 53.2859864], [-6.3597514, 53.2858345], [-6.3598667, 53.2856887], [-6.3600055, 53.2855503], [-6.3601662, 53.2854207], [-6.3603475, 53.2853012], [-6.3605474, 53.2851928], [-6.3607642, 53.2850967], [-6.3609956, 53.2850138], [-6.3612396, 53.2849448], [-6.3614937, 53.2848905], [-6.3617554, 53.2848513], [-6.3620224, 53.2848276], [-6.3622919, 53.2848197], [-6.3625614, 53.2848276], [-6.3628284, 53.2848513], [-6.3630901, 53.2848905], [-6.3633442, 53.2849448], [-6.3635882, 53.2850138], [-6.3638196, 53.2850967], [-6.3640364, 53.2851928], [-6.3642363, 53.2853012], [-6.3644176, 53.2854207], [-6.3645783, 53.2855503], [-6.3647171, 53.2856887], [-6.3648324, 53.2858345], [-6.3649234, 53.2859864], [-6.3649889, 53.2861429], [-6.3650285, 53.2863025], [-6.3650418, 53.2864636], [-6.3650285, 53.2866247], [-6.3649889, 53.2867843], [-6.3649234, 53.2869408], [-6.3648324, 53.2870927], [-6.3647171, 53.2872385], [-6.3645783, 53.2873769], [-6.3644176, 53.2875065], [-6.3642363, 53.287626], [-6.3640364, 53.2877344], [-6.3638196, 53.2878305], [-6.3635882, 53.2879134], [-6.3633442, 53.2879824], [-6.3630901, 53.2880367], [-6.3628284, 53.2880759], [-6.3625614, 53.2880996], [-6.3622919, 53.2881075]]]}}, {"type": "Feature", "properties": {"MM ID": "50209", "SITE_ID": "50209", "radius_m": 183, "radius_source": "Footfall.RADIUS", "color": "#29B6E8"}, "geometry": {"type": "Polygon", "coordinates": [[[-6.2634237, 53.3472257], [-6.2631538, 53.3472178], [-6.2628865, 53.3471941], [-6.2626243, 53.3471549], [-6.2623699, 53.3471006], [-6.2621256, 53.3470316], [-6.2618938, 53.3469487], [-6.2616768, 53.3468526], [-6.2614766, 53.3467442], [-6.2612951, 53.3466247], [-6.2611341, 53.3464951], [-6.2609952, 53.3463567], [-6.2608796, 53.3462109], [-6.2607886, 53.346059], [-6.2607229, 53.3459025], [-6.2606833, 53.3457429], [-6.26067, 53.3455818], [-6.2606833, 53.3454207], [-6.2607229, 53.3452611], [-6.2607886, 53.3451046], [-6.2608796, 53.3449527], [-6.2609952, 53.3448069], [-6.2611341, 53.3446685], [-6.2612951, 53.3445389], [-6.2614766, 53.3444194], [-6.2616768, 53.344311], [-6.2618938, 53.3442149], [-6.2621256, 53.344132], [-6.2623699, 53.344063], [-6.2626243, 53.3440087], [-6.2628865, 53.3439695], [-6.2631538, 53.3439458], [-6.2634237, 53.3439379], [-6.2636936, 53.3439458], [-6.2639609, 53.3439695], [-6.2642231, 53.3440087], [-6.2644775, 53.344063], [-6.2647218, 53.344132], [-6.2649536, 53.3442149], [-6.2651706, 53.344311], [-6.2653708, 53.3444194], [-6.2655523, 53.3445389], [-6.2657133, 53.3446685], [-6.2658522, 53.3448069], [-6.2659678, 53.3449527], [-6.2660588, 53.3451046], [-6.2661245, 53.3452611], [-6.2661641, 53.3454207], [-6.2661774, 53.3455818], [-6.2661641, 53.3457429], [-6.2661245, 53.3459025], [-6.2660588, 53.346059], [-6.2659678, 53.3462109], [-6.2658522, 53.3463567], [-6.2657133, 53.3464951], [-6.2655523, 53.3466247], [-6.2653708, 53.3467442], [-6.2651706, 53.3468526], [-6.2649536, 53.3469487], [-6.2647218, 53.3470316], [-6.2644775, 53.3471006], [-6.2642231, 53.3471549], [-6.2639609, 53.3471941], [-6.2636936, 53.3472178], [-6.2634237, 53.3472257]]]}}, {"type": "Feature", "properties": {"MM ID": "50235", "SITE_ID": "50235", "radius_m": 183, "radius_source": "Footfall.RADIUS", "color": "#29B6E8"}, "geometry": {"type": "Polygon", "coordinates": [[[-6.2657207, 53.3382613], [-6.2654508, 53.3382534], [-6.2651836, 53.3382297], [-6.2649215, 53.3381905], [-6.2646671, 53.3381362], [-6.2644229, 53.3380672], [-6.2641912, 53.3379843], [-6.2639742, 53.3378882], [-6.263774, 53.3377798], [-6.2635925, 53.3376603], [-6.2634316, 53.3375307], [-6.2632927, 53.3373923], [-6.2631772, 53.3372465], [-6.2630861, 53.3370946], [-6.2630205, 53.3369381], [-6.2629809, 53.3367785], [-6.2629676, 53.3366174], [-6.2629809, 53.3364563], [-6.2630205, 53.3362967], [-6.2630861, 53.3361402], [-6.2631772, 53.3359883], [-6.2632927, 53.3358425], [-6.2634316, 53.3357041], [-6.2635925, 53.3355745], [-6.263774, 53.335455], [-6.2639742, 53.3353466], [-6.2641912, 53.3352505], [-6.2644229, 53.3351676], [-6.2646671, 53.3350986], [-6.2649215, 53.3350443], [-6.2651836, 53.3350051], [-6.2654508, 53.3349814], [-6.2657207, 53.3349735], [-6.2659906, 53.3349814], [-6.2662578, 53.3350051], [-6.2665199, 53.3350443], [-6.2667743, 53.3350986], [-6.2670185, 53.3351676], [-6.2672502, 53.3352505], [-6.2674672, 53.3353466], [-6.2676674, 53.335455], [-6.2678489, 53.3355745], [-6.2680098, 53.3357041], [-6.2681487, 53.3358425], [-6.2682642, 53.3359883], [-6.2683553, 53.3361402], [-6.2684209, 53.3362967], [-6.2684605, 53.3364563], [-6.2684738, 53.3366174], [-6.2684605, 53.3367785], [-6.2684209, 53.3369381], [-6.2683553, 53.3370946], [-6.2682642, 53.3372465], [-6.2681487, 53.3373923], [-6.2680098, 53.3375307], [-6.2678489, 53.3376603], [-6.2676674, 53.3377798], [-6.2674672, 53.3378882], [-6.2672502, 53.3379843], [-6.2670185, 53.3380672], [-6.2667743, 53.3381362], [-6.2665199, 53.3381905], [-6.2662578, 53.3382297], [-6.2659906, 53.3382534], [-6.2657207, 53.3382613]]]}}, {"type": "Feature", "properties": {"MM ID": "50278", "SITE_ID": "50278", "radius_m": 50, "radius_source": "Footfall.RADIUS", "color": "#29B6E8"}, "geometry": {"type": "Polygon", "coordinates": [[[-6.3093953, 53.4041909], [-6.3093215, 53.4041887], [-6.3092483, 53.4041822], [-6.3091766, 53.4041715], [-6.309107, 53.4041567], [-6.3090402, 53.4041378], [-6.3089767, 53.4041152], [-6.3089173, 53.4040889], [-6.3088626, 53.4040593], [-6.3088129, 53.4040266], [-6.3087689, 53.4039912], [-6.3087309, 53.4039534], [-6.3086993, 53.4039136], [-6.3086743, 53.4038721], [-6.3086564, 53.4038293], [-6.3086455, 53.4037857], [-6.3086419, 53.4037417], [-6.3086455, 53.4036977], [-6.3086564, 53.4036541], [-6.3086743, 53.4036113], [-6.3086993, 53.4035698], [-6.3087309, 53.40353], [-6.3087689, 53.4034922], [-6.3088129, 53.4034568], [-6.3088626, 53.4034241], [-6.3089173, 53.4033945], [-6.3089767, 53.4033682], [-6.3090402, 53.4033456], [-6.309107, 53.4033267], [-6.3091766, 53.4033119], [-6.3092483, 53.4033012], [-6.3093215, 53.4032947], [-6.3093953, 53.4032925], [-6.3094691, 53.4032947], [-6.3095423, 53.4033012], [-6.309614, 53.4033119], [-6.3096836, 53.4033267], [-6.3097504, 53.4033456], [-6.3098139, 53.4033682], [-6.3098733, 53.4033945], [-6.309928, 53.4034241], [-6.3099777, 53.4034568], [-6.3100217, 53.4034922], [-6.3100597, 53.40353], [-6.3100913, 53.4035698], [-6.3101163, 53.4036113], [-6.3101342, 53.4036541], [-6.3101451, 53.4036977], [-6.3101487, 53.4037417], [-6.3101451, 53.4037857], [-6.3101342, 53.4038293], [-6.3101163, 53.4038721], [-6.3100913, 53.4039136], [-6.3100597, 53.4039534], [-6.3100217, 53.4039912], [-6.3099777, 53.4040266], [-6.309928, 53.4040593], [-6.3098733, 53.4040889], [-6.3098139, 53.4041152], [-6.3097504, 53.4041378], [-6.3096836, 53.4041567], [-6.309614, 53.4041715], [-6.3095423, 53.4041822], [-6.3094691, 53.4041887], [-6.3093953, 53.4041909]]]}}, {"type": "Feature", "properties": {"MM ID": "50288", "SITE_ID": "50288", "radius_m": 50, "radius_source": "Footfall.RADIUS", "color": "#29B6E8"}, "geometry": {"type": "Polygon", "coordinates": [[[-6.2487946, 53.3418187], [-6.2487209, 53.3418165], [-6.2486478, 53.34181], [-6.2485762, 53.3417993], [-6.2485067, 53.3417845], [-6.24844, 53.3417656], [-6.2483766, 53.341743], [-6.2483173, 53.3417167], [-6.2482626, 53.3416871], [-6.2482131, 53.3416544], [-6.2481691, 53.341619], [-6.2481311, 53.3415812], [-6.2480996, 53.3415414], [-6.2480747, 53.3414999], [-6.2480568, 53.3414571], [-6.2480459, 53.3414135], [-6.2480423, 53.3413695], [-6.2480459, 53.3413255], [-6.2480568, 53.3412819], [-6.2480747, 53.3412391], [-6.2480996, 53.3411976], [-6.2481311, 53.3411578], [-6.2481691, 53.34112], [-6.2482131, 53.3410846], [-6.2482626, 53.3410519], [-6.2483173, 53.3410223], [-6.2483766, 53.340996], [-6.24844, 53.3409734], [-6.2485067, 53.3409545], [-6.2485762, 53.3409397], [-6.2486478, 53.340929], [-6.2487209, 53.3409225], [-6.2487946, 53.3409203], [-6.2488683, 53.3409225], [-6.2489414, 53.340929], [-6.249013, 53.3409397], [-6.2490825, 53.3409545], [-6.2491492, 53.3409734], [-6.2492126, 53.340996], [-6.2492719, 53.3410223], [-6.2493266, 53.3410519], [-6.2493761, 53.3410846], [-6.2494201, 53.34112], [-6.2494581, 53.3411578], [-6.2494896, 53.3411976], [-6.2495145, 53.3412391], [-6.2495324, 53.3412819], [-6.2495433, 53.3413255], [-6.2495469, 53.3413695], [-6.2495433, 53.3414135], [-6.2495324, 53.3414571], [-6.2495145, 53.3414999], [-6.2494896, 53.3415414], [-6.2494581, 53.3415812], [-6.2494201, 53.341619], [-6.2493761, 53.3416544], [-6.2493266, 53.3416871], [-6.2492719, 53.3417167], [-6.2492126, 53.341743], [-6.2491492, 53.3417656], [-6.2490825, 53.3417845], [-6.249013, 53.3417993], [-6.2489414, 53.34181], [-6.2488683, 53.3418165], [-6.2487946, 53.3418187]]]}}, {"type": "Feature", "properties": {"MM ID": "50360", "SITE_ID": "50360", "radius_m": 183, "radius_source": "Footfall.RADIUS", "color": "#29B6E8"}, "geometry": {"type": "Polygon", "coordinates": [[[-6.2525807, 53.3436119], [-6.2523108, 53.343604], [-6.2520435, 53.3435803], [-6.2517814, 53.3435411], [-6.251527, 53.3434868], [-6.2512827, 53.3434178], [-6.251051, 53.3433349], [-6.2508339, 53.3432388], [-6.2506337, 53.3431304], [-6.2504523, 53.3430109], [-6.2502913, 53.3428813], [-6.2501524, 53.3427429], [-6.2500369, 53.3425971], [-6.2499458, 53.3424452], [-6.2498802, 53.3422887], [-6.2498405, 53.3421291], [-6.2498273, 53.341968], [-6.2498405, 53.3418069], [-6.2498802, 53.3416473], [-6.2499458, 53.3414908], [-6.2500369, 53.3413389], [-6.2501524, 53.3411931], [-6.2502913, 53.3410547], [-6.2504523, 53.3409251], [-6.2506337, 53.3408056], [-6.2508339, 53.3406972], [-6.251051, 53.3406011], [-6.2512827, 53.3405182], [-6.251527, 53.3404492], [-6.2517814, 53.3403949], [-6.2520435, 53.3403557], [-6.2523108, 53.340332], [-6.2525807, 53.3403241], [-6.2528506, 53.340332], [-6.2531179, 53.3403557], [-6.25338, 53.3403949], [-6.2536344, 53.3404492], [-6.2538787, 53.3405182], [-6.2541104, 53.3406011], [-6.2543275, 53.3406972], [-6.2545277, 53.3408056], [-6.2547091, 53.3409251], [-6.2548701, 53.3410547], [-6.255009, 53.3411931], [-6.2551245, 53.3413389], [-6.2552156, 53.3414908], [-6.2552812, 53.3416473], [-6.2553209, 53.3418069], [-6.2553341, 53.341968], [-6.2553209, 53.3421291], [-6.2552812, 53.3422887], [-6.2552156, 53.3424452], [-6.2551245, 53.3425971], [-6.255009, 53.3427429], [-6.2548701, 53.3428813], [-6.2547091, 53.3430109], [-6.2545277, 53.3431304], [-6.2543275, 53.3432388], [-6.2541104, 53.3433349], [-6.2538787, 53.3434178], [-6.2536344, 53.3434868], [-6.25338, 53.3435411], [-6.2531179, 53.3435803], [-6.2528506, 53.343604], [-6.2525807, 53.3436119]]]}}, {"type": "Feature", "properties": {"MM ID": "50362", "SITE_ID": "50362", "radius_m": 50, "radius_source": "Footfall.RADIUS", "color": "#29B6E8"}, "geometry": {"type": "Polygon", "coordinates": [[[-6.2194921, 53.3035084], [-6.2194184, 53.3035062], [-6.2193455, 53.3034997], [-6.2192739, 53.303489], [-6.2192045, 53.3034742], [-6.2191378, 53.3034553], [-6.2190745, 53.3034327], [-6.2190153, 53.3034064], [-6.2189606, 53.3033768], [-6.2189111, 53.3033441], [-6.2188671, 53.3033087], [-6.2188292, 53.3032709], [-6.2187977, 53.3032311], [-6.2187728, 53.3031896], [-6.2187549, 53.3031468], [-6.2187441, 53.3031032], [-6.2187405, 53.3030592], [-6.2187441, 53.3030152], [-6.2187549, 53.3029716], [-6.2187728, 53.3029288], [-6.2187977, 53.3028873], [-6.2188292, 53.3028475], [-6.2188671, 53.3028097], [-6.2189111, 53.3027743], [-6.2189606, 53.3027416], [-6.2190153, 53.302712], [-6.2190745, 53.3026857], [-6.2191378, 53.3026631], [-6.2192045, 53.3026442], [-6.2192739, 53.3026294], [-6.2193455, 53.3026187], [-6.2194184, 53.3026122], [-6.2194921, 53.30261], [-6.2195658, 53.3026122], [-6.2196387, 53.3026187], [-6.2197103, 53.3026294], [-6.2197797, 53.3026442], [-6.2198464, 53.3026631], [-6.2199097, 53.3026857], [-6.2199689, 53.302712], [-6.2200236, 53.3027416], [-6.2200731, 53.3027743], [-6.2201171, 53.3028097], [-6.220155, 53.3028475], [-6.2201865, 53.3028873], [-6.2202114, 53.3029288], [-6.2202293, 53.3029716], [-6.2202401, 53.3030152], [-6.2202437, 53.3030592], [-6.2202401, 53.3031032], [-6.2202293, 53.3031468], [-6.2202114, 53.3031896], [-6.2201865, 53.3032311], [-6.220155, 53.3032709], [-6.2201171, 53.3033087], [-6.2200731, 53.3033441], [-6.2200236, 53.3033768], [-6.2199689, 53.3034064], [-6.2199097, 53.3034327], [-6.2198464, 53.3034553], [-6.2197797, 53.3034742], [-6.2197103, 53.303489], [-6.2196387, 53.3034997], [-6.2195658, 53.3035062], [-6.2194921, 53.3035084]]]}}, {"type": "Feature", "properties": {"MM ID": "50365", "SITE_ID": "50365", "radius_m": 183, "radius_source": "Footfall.RADIUS", "color": "#29B6E8"}, "geometry": {"type": "Polygon", "coordinates": [[[-6.2504789, 53.3435653], [-6.250209, 53.3435574], [-6.2499417, 53.3435337], [-6.2496796, 53.3434945], [-6.2494252, 53.3434402], [-6.2491809, 53.3433712], [-6.2489492, 53.3432883], [-6.2487321, 53.3431922], [-6.2485319, 53.3430838], [-6.2483505, 53.3429643], [-6.2481895, 53.3428347], [-6.2480506, 53.3426963], [-6.2479351, 53.3425505], [-6.247844, 53.3423986], [-6.2477784, 53.3422421], [-6.2477387, 53.3420825], [-6.2477255, 53.3419214], [-6.2477387, 53.3417603], [-6.2477784, 53.3416007], [-6.247844, 53.3414442], [-6.2479351, 53.3412923], [-6.2480506, 53.3411465], [-6.2481895, 53.3410081], [-6.2483505, 53.3408785], [-6.2485319, 53.340759], [-6.2487321, 53.3406506], [-6.2489492, 53.3405545], [-6.2491809, 53.3404716], [-6.2494252, 53.3404026], [-6.2496796, 53.3403483], [-6.2499417, 53.3403091], [-6.250209, 53.3402854], [-6.2504789, 53.3402775], [-6.2507488, 53.3402854], [-6.2510161, 53.3403091], [-6.2512782, 53.3403483], [-6.2515326, 53.3404026], [-6.2517769, 53.3404716], [-6.2520086, 53.3405545], [-6.2522257, 53.3406506], [-6.2524259, 53.340759], [-6.2526073, 53.3408785], [-6.2527683, 53.3410081], [-6.2529072, 53.3411465], [-6.2530227, 53.3412923], [-6.2531138, 53.3414442], [-6.2531794, 53.3416007], [-6.2532191, 53.3417603], [-6.2532323, 53.3419214], [-6.2532191, 53.3420825], [-6.2531794, 53.3422421], [-6.2531138, 53.3423986], [-6.2530227, 53.3425505], [-6.2529072, 53.3426963], [-6.2527683, 53.3428347], [-6.2526073, 53.3429643], [-6.2524259, 53.3430838], [-6.2522257, 53.3431922], [-6.2520086, 53.3432883], [-6.2517769, 53.3433712], [-6.2515326, 53.3434402], [-6.2512782, 53.3434945], [-6.2510161, 53.3435337], [-6.2507488, 53.3435574], [-6.2504789, 53.3435653]]]}}, {"type": "Feature", "properties": {"MM ID": "50394", "SITE_ID": "50394", "radius_m": 183, "radius_source": "Footfall.RADIUS", "color": "#29B6E8"}, "geometry": {"type": "Polygon", "coordinates": [[[-6.259999, 53.3385971], [-6.2597291, 53.3385892], [-6.2594619, 53.3385655], [-6.2591998, 53.3385263], [-6.2589454, 53.338472], [-6.2587012, 53.338403], [-6.2584694, 53.3383201], [-6.2582524, 53.338224], [-6.2580523, 53.3381156], [-6.2578708, 53.3379961], [-6.2577099, 53.3378665], [-6.257571, 53.3377281], [-6.2574554, 53.3375823], [-6.2573644, 53.3374304], [-6.2572988, 53.3372739], [-6.2572591, 53.3371143], [-6.2572459, 53.3369532], [-6.2572591, 53.3367921], [-6.2572988, 53.3366325], [-6.2573644, 53.336476], [-6.2574554, 53.3363241], [-6.257571, 53.3361783], [-6.2577099, 53.3360399], [-6.2578708, 53.3359103], [-6.2580523, 53.3357908], [-6.2582524, 53.3356824], [-6.2584694, 53.3355863], [-6.2587012, 53.3355034], [-6.2589454, 53.3354344], [-6.2591998, 53.3353801], [-6.2594619, 53.3353409], [-6.2597291, 53.3353172], [-6.259999, 53.3353093], [-6.2602689, 53.3353172], [-6.2605361, 53.3353409], [-6.2607982, 53.3353801], [-6.2610526, 53.3354344], [-6.2612968, 53.3355034], [-6.2615286, 53.3355863], [-6.2617456, 53.3356824], [-6.2619457, 53.3357908], [-6.2621272, 53.3359103], [-6.2622881, 53.3360399], [-6.262427, 53.3361783], [-6.2625426, 53.3363241], [-6.2626336, 53.336476], [-6.2626992, 53.3366325], [-6.2627389, 53.3367921], [-6.2627521, 53.3369532], [-6.2627389, 53.3371143], [-6.2626992, 53.3372739], [-6.2626336, 53.3374304], [-6.2625426, 53.3375823], [-6.262427, 53.3377281], [-6.2622881, 53.3378665], [-6.2621272, 53.3379961], [-6.2619457, 53.3381156], [-6.2617456, 53.338224], [-6.2615286, 53.3383201], [-6.2612968, 53.338403], [-6.2610526, 53.338472], [-6.2607982, 53.3385263], [-6.2605361, 53.3385655], [-6.2602689, 53.3385892], [-6.259999, 53.3385971]]]}}, {"type": "Feature", "properties": {"MM ID": "50396", "SITE_ID": "50396", "radius_m": 183, "radius_source": "Footfall.RADIUS", "color": "#29B6E8"}, "geometry": {"type": "Polygon", "coordinates": [[[-6.2613602, 53.3608939], [-6.2610902, 53.360886], [-6.2608228, 53.3608623], [-6.2605606, 53.3608231], [-6.2603061, 53.3607688], [-6.2600617, 53.3606998], [-6.2598298, 53.3606169], [-6.2596127, 53.3605208], [-6.2594124, 53.3604124], [-6.2592309, 53.3602929], [-6.2590699, 53.3601633], [-6.2589309, 53.3600249], [-6.2588153, 53.3598791], [-6.2587243, 53.3597272], [-6.2586586, 53.3595707], [-6.2586189, 53.3594111], [-6.2586056, 53.35925], [-6.2586189, 53.3590889], [-6.2586586, 53.3589293], [-6.2587243, 53.3587728], [-6.2588153, 53.3586209], [-6.2589309, 53.3584751], [-6.2590699, 53.3583367], [-6.2592309, 53.3582071], [-6.2594124, 53.3580876], [-6.2596127, 53.3579792], [-6.2598298, 53.3578831], [-6.2600617, 53.3578002], [-6.2603061, 53.3577312], [-6.2605606, 53.3576769], [-6.2608228, 53.3576377], [-6.2610902, 53.357614], [-6.2613602, 53.3576061], [-6.2616302, 53.357614], [-6.2618976, 53.3576377], [-6.2621598, 53.3576769], [-6.2624143, 53.3577312], [-6.2626587, 53.3578002], [-6.2628906, 53.3578831], [-6.2631077, 53.3579792], [-6.263308, 53.3580876], [-6.2634895, 53.3582071], [-6.2636505, 53.3583367], [-6.2637895, 53.3584751], [-6.2639051, 53.3586209], [-6.2639961, 53.3587728], [-6.2640618, 53.3589293], [-6.2641015, 53.3590889], [-6.2641148, 53.35925], [-6.2641015, 53.3594111], [-6.2640618, 53.3595707], [-6.2639961, 53.3597272], [-6.2639051, 53.3598791], [-6.2637895, 53.3600249], [-6.2636505, 53.3601633], [-6.2634895, 53.3602929], [-6.263308, 53.3604124], [-6.2631077, 53.3605208], [-6.2628906, 53.3606169], [-6.2626587, 53.3606998], [-6.2624143, 53.3607688], [-6.2621598, 53.3608231], [-6.2618976, 53.3608623], [-6.2616302, 53.360886], [-6.2613602, 53.3608939]]]}}, {"type": "Feature", "properties": {"MM ID": "50421", "SITE_ID": "50421", "radius_m": 183, "radius_source": "Footfall.RADIUS", "color": "#29B6E8"}, "geometry": {"type": "Polygon", "coordinates": [[[-6.2655736, 53.3356694], [-6.2653038, 53.3356615], [-6.2650365, 53.3356378], [-6.2647745, 53.3355986], [-6.2645201, 53.3355443], [-6.2642759, 53.3354753], [-6.2640442, 53.3353924], [-6.2638272, 53.3352963], [-6.263627, 53.3351879], [-6.2634456, 53.3350684], [-6.2632846, 53.3349388], [-6.2631457, 53.3348004], [-6.2630302, 53.3346546], [-6.2629392, 53.3345027], [-6.2628736, 53.3343462], [-6.2628339, 53.3341866], [-6.2628207, 53.3340255], [-6.2628339, 53.3338644], [-6.2628736, 53.3337048], [-6.2629392, 53.3335483], [-6.2630302, 53.3333964], [-6.2631457, 53.3332506], [-6.2632846, 53.3331122], [-6.2634456, 53.3329826], [-6.263627, 53.3328631], [-6.2638272, 53.3327547], [-6.2640442, 53.3326586], [-6.2642759, 53.3325757], [-6.2645201, 53.3325067], [-6.2647745, 53.3324524], [-6.2650365, 53.3324132], [-6.2653038, 53.3323895], [-6.2655736, 53.3323816], [-6.2658434, 53.3323895], [-6.2661107, 53.3324132], [-6.2663727, 53.3324524], [-6.2666271, 53.3325067], [-6.2668713, 53.3325757], [-6.267103, 53.3326586], [-6.26732, 53.3327547], [-6.2675202, 53.3328631], [-6.2677016, 53.3329826], [-6.2678626, 53.3331122], [-6.2680015, 53.3332506], [-6.268117, 53.3333964], [-6.268208, 53.3335483], [-6.2682736, 53.3337048], [-6.2683133, 53.3338644], [-6.2683265, 53.3340255], [-6.2683133, 53.3341866], [-6.2682736, 53.3343462], [-6.268208, 53.3345027], [-6.268117, 53.3346546], [-6.2680015, 53.3348004], [-6.2678626, 53.3349388], [-6.2677016, 53.3350684], [-6.2675202, 53.3351879], [-6.26732, 53.3352963], [-6.267103, 53.3353924], [-6.2668713, 53.3354753], [-6.2666271, 53.3355443], [-6.2663727, 53.3355986], [-6.2661107, 53.3356378], [-6.2658434, 53.3356615], [-6.2655736, 53.3356694]]]}}, {"type": "Feature", "properties": {"MM ID": "50423", "SITE_ID": "50423", "radius_m": 183, "radius_source": "Footfall.RADIUS", "color": "#29B6E8"}, "geometry": {"type": "Polygon", "coordinates": [[[-8.4725655, 51.8992674], [-8.4723044, 51.8992595], [-8.4720458, 51.8992358], [-8.4717922, 51.8991966], [-8.471546, 51.8991423], [-8.4713097, 51.8990733], [-8.4710854, 51.8989904], [-8.4708754, 51.8988943], [-8.4706817, 51.8987859], [-8.4705062, 51.8986664], [-8.4703504, 51.8985368], [-8.470216, 51.8983984], [-8.4701042, 51.8982526], [-8.4700162, 51.8981007], [-8.4699526, 51.8979442], [-8.4699143, 51.8977846], [-8.4699014, 51.8976235], [-8.4699143, 51.8974624], [-8.4699526, 51.8973028], [-8.4700162, 51.8971463], [-8.4701042, 51.8969944], [-8.470216, 51.8968486], [-8.4703504, 51.8967102], [-8.4705062, 51.8965806], [-8.4706817, 51.8964611], [-8.4708754, 51.8963527], [-8.4710854, 51.8962566], [-8.4713097, 51.8961737], [-8.471546, 51.8961047], [-8.4717922, 51.8960504], [-8.4720458, 51.8960112], [-8.4723044, 51.8959875], [-8.4725655, 51.8959796], [-8.4728266, 51.8959875], [-8.4730852, 51.8960112], [-8.4733388, 51.8960504], [-8.473585, 51.8961047], [-8.4738213, 51.8961737], [-8.4740456, 51.8962566], [-8.4742556, 51.8963527], [-8.4744493, 51.8964611], [-8.4746248, 51.8965806], [-8.4747806, 51.8967102], [-8.474915, 51.8968486], [-8.4750268, 51.8969944], [-8.4751148, 51.8971463], [-8.4751784, 51.8973028], [-8.4752167, 51.8974624], [-8.4752296, 51.8976235], [-8.4752167, 51.8977846], [-8.4751784, 51.8979442], [-8.4751148, 51.8981007], [-8.4750268, 51.8982526], [-8.474915, 51.8983984], [-8.4747806, 51.8985368], [-8.4746248, 51.8986664], [-8.4744493, 51.8987859], [-8.4742556, 51.8988943], [-8.4740456, 51.8989904], [-8.4738213, 51.8990733], [-8.473585, 51.8991423], [-8.4733388, 51.8991966], [-8.4730852, 51.8992358], [-8.4728266, 51.8992595], [-8.4725655, 51.8992674]]]}}, {"type": "Feature", "properties": {"MM ID": "50424", "SITE_ID": "50424", "radius_m": 183, "radius_source": "Footfall.RADIUS", "color": "#29B6E8"}, "geometry": {"type": "Polygon", "coordinates": [[[-8.4610635, 51.9043966], [-8.4608023, 51.9043887], [-8.4605437, 51.904365], [-8.4602901, 51.9043258], [-8.4600439, 51.9042715], [-8.4598075, 51.9042025], [-8.4595833, 51.9041196], [-8.4593732, 51.9040235], [-8.4591795, 51.9039151], [-8.4590039, 51.9037956], [-8.4588482, 51.903666], [-8.4587137, 51.9035276], [-8.4586019, 51.9033818], [-8.4585139, 51.9032299], [-8.4584503, 51.9030734], [-8.458412, 51.9029138], [-8.4583991, 51.9027527], [-8.458412, 51.9025916], [-8.4584503, 51.902432], [-8.4585139, 51.9022755], [-8.4586019, 51.9021236], [-8.4587137, 51.9019778], [-8.4588482, 51.9018394], [-8.4590039, 51.9017098], [-8.4591795, 51.9015903], [-8.4593732, 51.9014819], [-8.4595833, 51.9013858], [-8.4598075, 51.9013029], [-8.4600439, 51.9012339], [-8.4602901, 51.9011796], [-8.4605437, 51.9011404], [-8.4608023, 51.9011167], [-8.4610635, 51.9011088], [-8.4613247, 51.9011167], [-8.4615833, 51.9011404], [-8.4618369, 51.9011796], [-8.4620831, 51.9012339], [-8.4623195, 51.9013029], [-8.4625437, 51.9013858], [-8.4627538, 51.9014819], [-8.4629475, 51.9015903], [-8.4631231, 51.9017098], [-8.4632788, 51.9018394], [-8.4634133, 51.9019778], [-8.4635251, 51.9021236], [-8.4636131, 51.9022755], [-8.4636767, 51.902432], [-8.463715, 51.9025916], [-8.4637279, 51.9027527], [-8.463715, 51.9029138], [-8.4636767, 51.9030734], [-8.4636131, 51.9032299], [-8.4635251, 51.9033818], [-8.4634133, 51.9035276], [-8.4632788, 51.903666], [-8.4631231, 51.9037956], [-8.4629475, 51.9039151], [-8.4627538, 51.9040235], [-8.4625437, 51.9041196], [-8.4623195, 51.9042025], [-8.4620831, 51.9042715], [-8.4618369, 51.9043258], [-8.4615833, 51.904365], [-8.4613247, 51.9043887], [-8.4610635, 51.9043966]]]}}, {"type": "Feature", "properties": {"MM ID": "50431", "SITE_ID": "50431", "radius_m": 183, "radius_source": "Footfall.RADIUS", "color": "#29B6E8"}, "geometry": {"type": "Polygon", "coordinates": [[[-6.262875, 53.3472419], [-6.2626051, 53.347234], [-6.2623378, 53.3472103], [-6.2620756, 53.3471711], [-6.2618212, 53.3471168], [-6.2615769, 53.3470478], [-6.2613451, 53.3469649], [-6.2611281, 53.3468688], [-6.2609279, 53.3467604], [-6.2607464, 53.3466409], [-6.2605854, 53.3465113], [-6.2604465, 53.3463729], [-6.2603309, 53.3462271], [-6.2602399, 53.3460752], [-6.2601742, 53.3459187], [-6.2601346, 53.3457591], [-6.2601213, 53.345598], [-6.2601346, 53.3454369], [-6.2601742, 53.3452773], [-6.2602399, 53.3451208], [-6.2603309, 53.3449689], [-6.2604465, 53.3448231], [-6.2605854, 53.3446847], [-6.2607464, 53.3445551], [-6.2609279, 53.3444356], [-6.2611281, 53.3443272], [-6.2613451, 53.3442311], [-6.2615769, 53.3441482], [-6.2618212, 53.3440792], [-6.2620756, 53.3440249], [-6.2623378, 53.3439857], [-6.2626051, 53.343962], [-6.262875, 53.3439541], [-6.2631449, 53.343962], [-6.2634122, 53.3439857], [-6.2636744, 53.3440249], [-6.2639288, 53.3440792], [-6.2641731, 53.3441482], [-6.2644049, 53.3442311], [-6.2646219, 53.3443272], [-6.2648221, 53.3444356], [-6.2650036, 53.3445551], [-6.2651646, 53.3446847], [-6.2653035, 53.3448231], [-6.2654191, 53.3449689], [-6.2655101, 53.3451208], [-6.2655758, 53.3452773], [-6.2656154, 53.3454369], [-6.2656287, 53.345598], [-6.2656154, 53.3457591], [-6.2655758, 53.3459187], [-6.2655101, 53.3460752], [-6.2654191, 53.3462271], [-6.2653035, 53.3463729], [-6.2651646, 53.3465113], [-6.2650036, 53.3466409], [-6.2648221, 53.3467604], [-6.2646219, 53.3468688], [-6.2644049, 53.3469649], [-6.2641731, 53.3470478], [-6.2639288, 53.3471168], [-6.2636744, 53.3471711], [-6.2634122, 53.3472103], [-6.2631449, 53.347234], [-6.262875, 53.3472419]]]}}, {"type": "Feature", "properties": {"MM ID": "50438", "SITE_ID": "50438", "radius_m": 50, "radius_source": "Footfall.RADIUS", "color": "#29B6E8"}, "geometry": {"type": "Polygon", "coordinates": [[[-7.2324597, 52.6537965], [-7.2323871, 52.6537943], [-7.2323153, 52.6537878], [-7.2322448, 52.6537771], [-7.2321764, 52.6537623], [-7.2321107, 52.6537434], [-7.2320484, 52.6537208], [-7.23199, 52.6536945], [-7.2319362, 52.6536649], [-7.2318874, 52.6536322], [-7.2318441, 52.6535968], [-7.2318067, 52.653559], [-7.2317757, 52.6535192], [-7.2317512, 52.6534777], [-7.2317335, 52.6534349], [-7.2317229, 52.6533913], [-7.2317193, 52.6533473], [-7.2317229, 52.6533033], [-7.2317335, 52.6532597], [-7.2317512, 52.6532169], [-7.2317757, 52.6531754], [-7.2318067, 52.6531356], [-7.2318441, 52.6530978], [-7.2318874, 52.6530624], [-7.2319362, 52.6530297], [-7.23199, 52.6530001], [-7.2320484, 52.6529738], [-7.2321107, 52.6529512], [-7.2321764, 52.6529323], [-7.2322448, 52.6529175], [-7.2323153, 52.6529068], [-7.2323871, 52.6529003], [-7.2324597, 52.6528981], [-7.2325323, 52.6529003], [-7.2326041, 52.6529068], [-7.2326746, 52.6529175], [-7.232743, 52.6529323], [-7.2328087, 52.6529512], [-7.232871, 52.6529738], [-7.2329294, 52.6530001], [-7.2329832, 52.6530297], [-7.233032, 52.6530624], [-7.2330753, 52.6530978], [-7.2331127, 52.6531356], [-7.2331437, 52.6531754], [-7.2331682, 52.6532169], [-7.2331859, 52.6532597], [-7.2331965, 52.6533033], [-7.2332001, 52.6533473], [-7.2331965, 52.6533913], [-7.2331859, 52.6534349], [-7.2331682, 52.6534777], [-7.2331437, 52.6535192], [-7.2331127, 52.653559], [-7.2330753, 52.6535968], [-7.233032, 52.6536322], [-7.2329832, 52.6536649], [-7.2329294, 52.6536945], [-7.232871, 52.6537208], [-7.2328087, 52.6537434], [-7.232743, 52.6537623], [-7.2326746, 52.6537771], [-7.2326041, 52.6537878], [-7.2325323, 52.6537943], [-7.2324597, 52.6537965]]]}}, {"type": "Feature", "properties": {"MM ID": "10102", "SITE_ID": "10102", "radius_m": 183, "radius_source": "Footfall.RADIUS", "color": "#29B6E8"}, "geometry": {"type": "Polygon", "coordinates": [[[-6.263408, 53.3441599], [-6.2631381, 53.344152], [-6.2628708, 53.3441283], [-6.2626087, 53.3440891], [-6.2623543, 53.3440348], [-6.26211, 53.3439658], [-6.2618782, 53.3438829], [-6.2616612, 53.3437868], [-6.261461, 53.3436784], [-6.2612795, 53.3435589], [-6.2611186, 53.3434293], [-6.2609796, 53.3432909], [-6.2608641, 53.3431451], [-6.2607731, 53.3429932], [-6.2607074, 53.3428367], [-6.2606678, 53.3426771], [-6.2606545, 53.342516], [-6.2606678, 53.3423549], [-6.2607074, 53.3421953], [-6.2607731, 53.3420388], [-6.2608641, 53.3418869], [-6.2609796, 53.3417411], [-6.2611186, 53.3416027], [-6.2612795, 53.3414731], [-6.261461, 53.3413536], [-6.2616612, 53.3412452], [-6.2618782, 53.3411491], [-6.26211, 53.3410662], [-6.2623543, 53.3409972], [-6.2626087, 53.3409429], [-6.2628708, 53.3409037], [-6.2631381, 53.34088], [-6.263408, 53.3408721], [-6.2636779, 53.34088], [-6.2639452, 53.3409037], [-6.2642073, 53.3409429], [-6.2644617, 53.3409972], [-6.264706, 53.3410662], [-6.2649378, 53.3411491], [-6.2651548, 53.3412452], [-6.265355, 53.3413536], [-6.2655365, 53.3414731], [-6.2656974, 53.3416027], [-6.2658364, 53.3417411], [-6.2659519, 53.3418869], [-6.2660429, 53.3420388], [-6.2661086, 53.3421953], [-6.2661482, 53.3423549], [-6.2661615, 53.342516], [-6.2661482, 53.3426771], [-6.2661086, 53.3428367], [-6.2660429, 53.3429932], [-6.2659519, 53.3431451], [-6.2658364, 53.3432909], [-6.2656974, 53.3434293], [-6.2655365, 53.3435589], [-6.265355, 53.3436784], [-6.2651548, 53.3437868], [-6.2649378, 53.3438829], [-6.264706, 53.3439658], [-6.2644617, 53.3440348], [-6.2642073, 53.3440891], [-6.2639452, 53.3441283], [-6.2636779, 53.344152], [-6.263408, 53.3441599]]]}}, {"type": "Feature", "properties": {"MM ID": "10104", "SITE_ID": "10104", "radius_m": 183, "radius_source": "Footfall.RADIUS", "color": "#29B6E8"}, "geometry": {"type": "Polygon", "coordinates": [[[-6.265919, 53.3403259], [-6.2656491, 53.340318], [-6.2653819, 53.3402943], [-6.2651198, 53.3402551], [-6.2648654, 53.3402008], [-6.2646211, 53.3401318], [-6.2643894, 53.3400489], [-6.2641724, 53.3399528], [-6.2639722, 53.3398444], [-6.2637907, 53.3397249], [-6.2636298, 53.3395953], [-6.2634909, 53.3394569], [-6.2633753, 53.3393111], [-6.2632843, 53.3391592], [-6.2632187, 53.3390027], [-6.263179, 53.3388431], [-6.2631658, 53.338682], [-6.263179, 53.3385209], [-6.2632187, 53.3383613], [-6.2632843, 53.3382048], [-6.2633753, 53.3380529], [-6.2634909, 53.3379071], [-6.2636298, 53.3377687], [-6.2637907, 53.3376391], [-6.2639722, 53.3375196], [-6.2641724, 53.3374112], [-6.2643894, 53.3373151], [-6.2646211, 53.3372322], [-6.2648654, 53.3371632], [-6.2651198, 53.3371089], [-6.2653819, 53.3370697], [-6.2656491, 53.337046], [-6.265919, 53.3370381], [-6.2661889, 53.337046], [-6.2664561, 53.3370697], [-6.2667182, 53.3371089], [-6.2669726, 53.3371632], [-6.2672169, 53.3372322], [-6.2674486, 53.3373151], [-6.2676656, 53.3374112], [-6.2678658, 53.3375196], [-6.2680473, 53.3376391], [-6.2682082, 53.3377687], [-6.2683471, 53.3379071], [-6.2684627, 53.3380529], [-6.2685537, 53.3382048], [-6.2686193, 53.3383613], [-6.268659, 53.3385209], [-6.2686722, 53.338682], [-6.268659, 53.3388431], [-6.2686193, 53.3390027], [-6.2685537, 53.3391592], [-6.2684627, 53.3393111], [-6.2683471, 53.3394569], [-6.2682082, 53.3395953], [-6.2680473, 53.3397249], [-6.2678658, 53.3398444], [-6.2676656, 53.3399528], [-6.2674486, 53.3400489], [-6.2672169, 53.3401318], [-6.2669726, 53.3402008], [-6.2667182, 53.3402551], [-6.2664561, 53.3402943], [-6.2661889, 53.340318], [-6.265919, 53.3403259]]]}}, {"type": "Feature", "properties": {"MM ID": "10105", "SITE_ID": "10105", "radius_m": 183, "radius_source": "Footfall.RADIUS", "color": "#29B6E8"}, "geometry": {"type": "Polygon", "coordinates": [[[-6.254776, 53.3270049], [-6.2545062, 53.326997], [-6.254239, 53.3269733], [-6.253977, 53.3269341], [-6.2537227, 53.3268798], [-6.2534785, 53.3268108], [-6.2532469, 53.3267279], [-6.2530299, 53.3266318], [-6.2528298, 53.3265234], [-6.2526484, 53.3264039], [-6.2524875, 53.3262743], [-6.2523486, 53.3261359], [-6.2522331, 53.3259901], [-6.2521421, 53.3258382], [-6.2520765, 53.3256817], [-6.2520369, 53.3255221], [-6.2520236, 53.325361], [-6.2520369, 53.3251999], [-6.2520765, 53.3250403], [-6.2521421, 53.3248838], [-6.2522331, 53.3247319], [-6.2523486, 53.3245861], [-6.2524875, 53.3244477], [-6.2526484, 53.3243181], [-6.2528298, 53.3241986], [-6.2530299, 53.3240902], [-6.2532469, 53.3239941], [-6.2534785, 53.3239112], [-6.2537227, 53.3238422], [-6.253977, 53.3237879], [-6.254239, 53.3237487], [-6.2545062, 53.323725], [-6.254776, 53.3237171], [-6.2550458, 53.323725], [-6.255313, 53.3237487], [-6.255575, 53.3237879], [-6.2558293, 53.3238422], [-6.2560735, 53.3239112], [-6.2563051, 53.3239941], [-6.2565221, 53.3240902], [-6.2567222, 53.3241986], [-6.2569036, 53.3243181], [-6.2570645, 53.3244477], [-6.2572034, 53.3245861], [-6.2573189, 53.3247319], [-6.2574099, 53.3248838], [-6.2574755, 53.3250403], [-6.2575151, 53.3251999], [-6.2575284, 53.325361], [-6.2575151, 53.3255221], [-6.2574755, 53.3256817], [-6.2574099, 53.3258382], [-6.2573189, 53.3259901], [-6.2572034, 53.3261359], [-6.2570645, 53.3262743], [-6.2569036, 53.3264039], [-6.2567222, 53.3265234], [-6.2565221, 53.3266318], [-6.2563051, 53.3267279], [-6.2560735, 53.3268108], [-6.2558293, 53.3268798], [-6.255575, 53.3269341], [-6.255313, 53.3269733], [-6.2550458, 53.326997], [-6.254776, 53.3270049]]]}}, {"type": "Feature", "properties": {"MM ID": "30068", "SITE_ID": "30068", "radius_m": 183, "radius_source": "Footfall.RADIUS", "color": "#29B6E8"}, "geometry": {"type": "Polygon", "coordinates": [[[-6.32584, 53.3374399], [-6.3255702, 53.337432], [-6.3253029, 53.3374083], [-6.3250408, 53.3373691], [-6.3247865, 53.3373148], [-6.3245422, 53.3372458], [-6.3243105, 53.3371629], [-6.3240935, 53.3370668], [-6.3238933, 53.3369584], [-6.3237119, 53.3368389], [-6.3235509, 53.3367093], [-6.323412, 53.3365709], [-6.3232965, 53.3364251], [-6.3232055, 53.3362732], [-6.3231399, 53.3361167], [-6.3231002, 53.3359571], [-6.323087, 53.335796], [-6.3231002, 53.3356349], [-6.3231399, 53.3354753], [-6.3232055, 53.3353188], [-6.3232965, 53.3351669], [-6.323412, 53.3350211], [-6.3235509, 53.3348827], [-6.3237119, 53.3347531], [-6.3238933, 53.3346336], [-6.3240935, 53.3345252], [-6.3243105, 53.3344291], [-6.3245422, 53.3343462], [-6.3247865, 53.3342772], [-6.3250408, 53.3342229], [-6.3253029, 53.3341837], [-6.3255702, 53.33416], [-6.32584, 53.3341521], [-6.3261098, 53.33416], [-6.3263771, 53.3341837], [-6.3266392, 53.3342229], [-6.3268935, 53.3342772], [-6.3271378, 53.3343462], [-6.3273695, 53.3344291], [-6.3275865, 53.3345252], [-6.3277867, 53.3346336], [-6.3279681, 53.3347531], [-6.3281291, 53.3348827], [-6.328268, 53.3350211], [-6.3283835, 53.3351669], [-6.3284745, 53.3353188], [-6.3285401, 53.3354753], [-6.3285798, 53.3356349], [-6.328593, 53.335796], [-6.3285798, 53.3359571], [-6.3285401, 53.3361167], [-6.3284745, 53.3362732], [-6.3283835, 53.3364251], [-6.328268, 53.3365709], [-6.3281291, 53.3367093], [-6.3279681, 53.3368389], [-6.3277867, 53.3369584], [-6.3275865, 53.3370668], [-6.3273695, 53.3371629], [-6.3271378, 53.3372458], [-6.3268935, 53.3373148], [-6.3266392, 53.3373691], [-6.3263771, 53.3374083], [-6.3261098, 53.337432], [-6.32584, 53.3374399]]]}}, {"type": "Feature", "properties": {"MM ID": "60010", "SITE_ID": "60010", "radius_m": 183, "radius_source": "Footfall.RADIUS", "color": "#29B6E8"}, "geometry": {"type": "Polygon", "coordinates": [[[-9.050646, 53.2766489], [-9.0503765, 53.276641], [-9.0501097, 53.2766173], [-9.049848, 53.2765781], [-9.049594, 53.2765238], [-9.0493501, 53.2764548], [-9.0491187, 53.2763719], [-9.048902, 53.2762758], [-9.0487021, 53.2761674], [-9.0485209, 53.2760479], [-9.0483602, 53.2759183], [-9.0482215, 53.2757799], [-9.0481061, 53.2756341], [-9.0480152, 53.2754822], [-9.0479497, 53.2753257], [-9.0479101, 53.2751661], [-9.0478969, 53.275005], [-9.0479101, 53.2748439], [-9.0479497, 53.2746843], [-9.0480152, 53.2745278], [-9.0481061, 53.2743759], [-9.0482215, 53.2742301], [-9.0483602, 53.2740917], [-9.0485209, 53.2739621], [-9.0487021, 53.2738426], [-9.048902, 53.2737342], [-9.0491187, 53.2736381], [-9.0493501, 53.2735552], [-9.049594, 53.2734862], [-9.049848, 53.2734319], [-9.0501097, 53.2733927], [-9.0503765, 53.273369], [-9.050646, 53.2733611], [-9.0509155, 53.273369], [-9.0511823, 53.2733927], [-9.051444, 53.2734319], [-9.051698, 53.2734862], [-9.0519419, 53.2735552], [-9.0521733, 53.2736381], [-9.05239, 53.2737342], [-9.0525899, 53.2738426], [-9.0527711, 53.2739621], [-9.0529318, 53.2740917], [-9.0530705, 53.2742301], [-9.0531859, 53.2743759], [-9.0532768, 53.2745278], [-9.0533423, 53.2746843], [-9.0533819, 53.2748439], [-9.0533951, 53.275005], [-9.0533819, 53.2751661], [-9.0533423, 53.2753257], [-9.0532768, 53.2754822], [-9.0531859, 53.2756341], [-9.0530705, 53.2757799], [-9.0529318, 53.2759183], [-9.0527711, 53.2760479], [-9.0525899, 53.2761674], [-9.05239, 53.2762758], [-9.0521733, 53.2763719], [-9.0519419, 53.2764548], [-9.051698, 53.2765238], [-9.051444, 53.2765781], [-9.0511823, 53.2766173], [-9.0509155, 53.276641], [-9.050646, 53.2766489]]]}}, {"type": "Feature", "properties": {"MM ID": "70001", "SITE_ID": "70001", "radius_m": 183, "radius_source": "Footfall.RADIUS", "color": "#29B6E8"}, "geometry": {"type": "Polygon", "coordinates": [[[-6.253051, 53.3396489], [-6.2527811, 53.339641], [-6.2525139, 53.3396173], [-6.2522518, 53.3395781], [-6.2519974, 53.3395238], [-6.2517532, 53.3394548], [-6.2515214, 53.3393719], [-6.2513044, 53.3392758], [-6.2511042, 53.3391674], [-6.2509228, 53.3390479], [-6.2507618, 53.3389183], [-6.2506229, 53.3387799], [-6.2505074, 53.3386341], [-6.2504164, 53.3384822], [-6.2503507, 53.3383257], [-6.2503111, 53.3381661], [-6.2502978, 53.338005], [-6.2503111, 53.3378439], [-6.2503507, 53.3376843], [-6.2504164, 53.3375278], [-6.2505074, 53.3373759], [-6.2506229, 53.3372301], [-6.2507618, 53.3370917], [-6.2509228, 53.3369621], [-6.2511042, 53.3368426], [-6.2513044, 53.3367342], [-6.2515214, 53.3366381], [-6.2517532, 53.3365552], [-6.2519974, 53.3364862], [-6.2522518, 53.3364319], [-6.2525139, 53.3363927], [-6.2527811, 53.336369], [-6.253051, 53.3363611], [-6.2533209, 53.336369], [-6.2535881, 53.3363927], [-6.2538502, 53.3364319], [-6.2541046, 53.3364862], [-6.2543488, 53.3365552], [-6.2545806, 53.3366381], [-6.2547976, 53.3367342], [-6.2549978, 53.3368426], [-6.2551792, 53.3369621], [-6.2553402, 53.3370917], [-6.2554791, 53.3372301], [-6.2555946, 53.3373759], [-6.2556856, 53.3375278], [-6.2557513, 53.3376843], [-6.2557909, 53.3378439], [-6.2558042, 53.338005], [-6.2557909, 53.3381661], [-6.2557513, 53.3383257], [-6.2556856, 53.3384822], [-6.2555946, 53.3386341], [-6.2554791, 53.3387799], [-6.2553402, 53.3389183], [-6.2551792, 53.3390479], [-6.2549978, 53.3391674], [-6.2547976, 53.3392758], [-6.2545806, 53.3393719], [-6.2543488, 53.3394548], [-6.2541046, 53.3395238], [-6.2538502, 53.3395781], [-6.2535881, 53.3396173], [-6.2533209, 53.339641], [-6.253051, 53.3396489]]]}}, {"type": "Feature", "properties": {"MM ID": "70002", "SITE_ID": "70002", "radius_m": 183, "radius_source": "Footfall.RADIUS", "color": "#29B6E8"}, "geometry": {"type": "Polygon", "coordinates": [[[-6.264575, 53.3307659], [-6.2643052, 53.330758], [-6.264038, 53.3307343], [-6.263776, 53.3306951], [-6.2635216, 53.3306408], [-6.2632774, 53.3305718], [-6.2630457, 53.3304889], [-6.2628288, 53.3303928], [-6.2626286, 53.3302844], [-6.2624472, 53.3301649], [-6.2622863, 53.3300353], [-6.2621474, 53.3298969], [-6.2620319, 53.3297511], [-6.2619409, 53.3295992], [-6.2618753, 53.3294427], [-6.2618356, 53.3292831], [-6.2618224, 53.329122], [-6.2618356, 53.3289609], [-6.2618753, 53.3288013], [-6.2619409, 53.3286448], [-6.2620319, 53.3284929], [-6.2621474, 53.3283471], [-6.2622863, 53.3282087], [-6.2624472, 53.3280791], [-6.2626286, 53.3279596], [-6.2628288, 53.3278512], [-6.2630457, 53.3277551], [-6.2632774, 53.3276722], [-6.2635216, 53.3276032], [-6.263776, 53.3275489], [-6.264038, 53.3275097], [-6.2643052, 53.327486], [-6.264575, 53.3274781], [-6.2648448, 53.327486], [-6.265112, 53.3275097], [-6.265374, 53.3275489], [-6.2656284, 53.3276032], [-6.2658726, 53.3276722], [-6.2661043, 53.3277551], [-6.2663212, 53.3278512], [-6.2665214, 53.3279596], [-6.2667028, 53.3280791], [-6.2668637, 53.3282087], [-6.2670026, 53.3283471], [-6.2671181, 53.3284929], [-6.2672091, 53.3286448], [-6.2672747, 53.3288013], [-6.2673144, 53.3289609], [-6.2673276, 53.329122], [-6.2673144, 53.3292831], [-6.2672747, 53.3294427], [-6.2672091, 53.3295992], [-6.2671181, 53.3297511], [-6.2670026, 53.3298969], [-6.2668637, 53.3300353], [-6.2667028, 53.3301649], [-6.2665214, 53.3302844], [-6.2663212, 53.3303928], [-6.2661043, 53.3304889], [-6.2658726, 53.3305718], [-6.2656284, 53.3306408], [-6.265374, 53.3306951], [-6.265112, 53.3307343], [-6.2648448, 53.330758], [-6.264575, 53.3307659]]]}}, {"type": "Feature", "properties": {"MM ID": "50004", "SITE_ID": "50004", "radius_m": 183, "radius_source": "Footfall.RADIUS", "color": "#29B6E8"}, "geometry": {"type": "Polygon", "coordinates": [[[-6.2516474, 53.3391628], [-6.2513775, 53.3391549], [-6.2511103, 53.3391312], [-6.2508482, 53.339092], [-6.2505938, 53.3390377], [-6.2503496, 53.3389687], [-6.2501178, 53.3388858], [-6.2499008, 53.3387897], [-6.2497006, 53.3386813], [-6.2495192, 53.3385618], [-6.2493582, 53.3384322], [-6.2492193, 53.3382938], [-6.2491038, 53.338148], [-6.2490128, 53.3379961], [-6.2489471, 53.3378396], [-6.2489075, 53.33768], [-6.2488942, 53.3375189], [-6.2489075, 53.3373578], [-6.2489471, 53.3371982], [-6.2490128, 53.3370417], [-6.2491038, 53.3368898], [-6.2492193, 53.336744], [-6.2493582, 53.3366056], [-6.2495192, 53.336476], [-6.2497006, 53.3363565], [-6.2499008, 53.3362481], [-6.2501178, 53.336152], [-6.2503496, 53.3360691], [-6.2505938, 53.3360001], [-6.2508482, 53.3359458], [-6.2511103, 53.3359066], [-6.2513775, 53.3358829], [-6.2516474, 53.335875], [-6.2519173, 53.3358829], [-6.2521845, 53.3359066], [-6.2524466, 53.3359458], [-6.252701, 53.3360001], [-6.2529452, 53.3360691], [-6.253177, 53.336152], [-6.253394, 53.3362481], [-6.2535942, 53.3363565], [-6.2537756, 53.336476], [-6.2539366, 53.3366056], [-6.2540755, 53.336744], [-6.254191, 53.3368898], [-6.254282, 53.3370417], [-6.2543477, 53.3371982], [-6.2543873, 53.3373578], [-6.2544006, 53.3375189], [-6.2543873, 53.33768], [-6.2543477, 53.3378396], [-6.254282, 53.3379961], [-6.254191, 53.338148], [-6.2540755, 53.3382938], [-6.2539366, 53.3384322], [-6.2537756, 53.3385618], [-6.2535942, 53.3386813], [-6.253394, 53.3387897], [-6.253177, 53.3388858], [-6.2529452, 53.3389687], [-6.252701, 53.3390377], [-6.2524466, 53.339092], [-6.2521845, 53.3391312], [-6.2519173, 53.3391549], [-6.2516474, 53.3391628]]]}}, {"type": "Feature", "properties": {"MM ID": "50131", "SITE_ID": "50131", "radius_m": 50, "radius_source": "Footfall.RADIUS", "color": "#29B6E8"}, "geometry": {"type": "Polygon", "coordinates": [[[-6.4230195, 53.2835661], [-6.4229459, 53.2835639], [-6.4228729, 53.2835574], [-6.4228014, 53.2835467], [-6.422732, 53.2835319], [-6.4226654, 53.283513], [-6.4226021, 53.2834904], [-6.4225429, 53.2834641], [-6.4224883, 53.2834345], [-6.4224388, 53.2834018], [-6.4223948, 53.2833664], [-6.4223569, 53.2833286], [-6.4223254, 53.2832888], [-6.4223006, 53.2832473], [-6.4222827, 53.2832045], [-6.4222718, 53.2831609], [-6.4222682, 53.2831169], [-6.4222718, 53.2830729], [-6.4222827, 53.2830293], [-6.4223006, 53.2829865], [-6.4223254, 53.282945], [-6.4223569, 53.2829052], [-6.4223948, 53.2828674], [-6.4224388, 53.282832], [-6.4224883, 53.2827993], [-6.4225429, 53.2827697], [-6.4226021, 53.2827434], [-6.4226654, 53.2827208], [-6.422732, 53.2827019], [-6.4228014, 53.2826871], [-6.4228729, 53.2826764], [-6.4229459, 53.2826699], [-6.4230195, 53.2826677], [-6.4230931, 53.2826699], [-6.4231661, 53.2826764], [-6.4232376, 53.2826871], [-6.423307, 53.2827019], [-6.4233736, 53.2827208], [-6.4234369, 53.2827434], [-6.4234961, 53.2827697], [-6.4235507, 53.2827993], [-6.4236002, 53.282832], [-6.4236442, 53.2828674], [-6.4236821, 53.2829052], [-6.4237136, 53.282945], [-6.4237384, 53.2829865], [-6.4237563, 53.2830293], [-6.4237672, 53.2830729], [-6.4237708, 53.2831169], [-6.4237672, 53.2831609], [-6.4237563, 53.2832045], [-6.4237384, 53.2832473], [-6.4237136, 53.2832888], [-6.4236821, 53.2833286], [-6.4236442, 53.2833664], [-6.4236002, 53.2834018], [-6.4235507, 53.2834345], [-6.4234961, 53.2834641], [-6.4234369, 53.2834904], [-6.4233736, 53.283513], [-6.423307, 53.2835319], [-6.4232376, 53.2835467], [-6.4231661, 53.2835574], [-6.4230931, 53.2835639], [-6.4230195, 53.2835661]]]}}, {"type": "Feature", "properties": {"MM ID": "50374", "SITE_ID": "50374", "radius_m": 50, "radius_source": "Footfall.RADIUS", "color": "#29B6E8"}, "geometry": {"type": "Polygon", "coordinates": [[[-7.1183298, 52.2568847], [-7.1182579, 52.2568825], [-7.1181867, 52.256876], [-7.1181168, 52.2568653], [-7.118049, 52.2568505], [-7.1179839, 52.2568316], [-7.1179221, 52.256809], [-7.1178643, 52.2567827], [-7.117811, 52.2567531], [-7.1177626, 52.2567204], [-7.1177197, 52.256685], [-7.1176827, 52.2566472], [-7.1176519, 52.2566074], [-7.1176276, 52.2565659], [-7.1176101, 52.2565231], [-7.1175996, 52.2564795], [-7.117596, 52.2564355], [-7.1175996, 52.2563915], [-7.1176101, 52.2563479], [-7.1176276, 52.2563051], [-7.1176519, 52.2562636], [-7.1176827, 52.2562238], [-7.1177197, 52.256186], [-7.1177626, 52.2561506], [-7.117811, 52.2561179], [-7.1178643, 52.2560883], [-7.1179221, 52.256062], [-7.1179839, 52.2560394], [-7.118049, 52.2560205], [-7.1181168, 52.2560057], [-7.1181867, 52.255995], [-7.1182579, 52.2559885], [-7.1183298, 52.2559863], [-7.1184017, 52.2559885], [-7.1184729, 52.255995], [-7.1185428, 52.2560057], [-7.1186106, 52.2560205], [-7.1186757, 52.2560394], [-7.1187375, 52.256062], [-7.1187953, 52.2560883], [-7.1188486, 52.2561179], [-7.118897, 52.2561506], [-7.1189399, 52.256186], [-7.1189769, 52.2562238], [-7.1190077, 52.2562636], [-7.119032, 52.2563051], [-7.1190495, 52.2563479], [-7.11906, 52.2563915], [-7.1190636, 52.2564355], [-7.11906, 52.2564795], [-7.1190495, 52.2565231], [-7.119032, 52.2565659], [-7.1190077, 52.2566074], [-7.1189769, 52.2566472], [-7.1189399, 52.256685], [-7.118897, 52.2567204], [-7.1188486, 52.2567531], [-7.1187953, 52.2567827], [-7.1187375, 52.256809], [-7.1186757, 52.2568316], [-7.1186106, 52.2568505], [-7.1185428, 52.2568653], [-7.1184729, 52.256876], [-7.1184017, 52.2568825], [-7.1183298, 52.2568847]]]}}, {"type": "Feature", "properties": {"MM ID": "50314", "SITE_ID": "50314", "radius_m": 50, "radius_source": "Footfall.RADIUS", "color": "#29B6E8"}, "geometry": {"type": "Polygon", "coordinates": [[[-6.2494085, 53.3574741], [-6.2493347, 53.3574719], [-6.2492617, 53.3574654], [-6.24919, 53.3574547], [-6.2491205, 53.3574399], [-6.2490537, 53.357421], [-6.2489904, 53.3573984], [-6.2489311, 53.3573721], [-6.2488764, 53.3573425], [-6.2488268, 53.3573098], [-6.2487828, 53.3572744], [-6.2487448, 53.3572366], [-6.2487132, 53.3571968], [-6.2486883, 53.3571553], [-6.2486704, 53.3571125], [-6.2486596, 53.3570689], [-6.2486559, 53.3570249], [-6.2486596, 53.3569809], [-6.2486704, 53.3569373], [-6.2486883, 53.3568945], [-6.2487132, 53.356853], [-6.2487448, 53.3568132], [-6.2487828, 53.3567754], [-6.2488268, 53.35674], [-6.2488764, 53.3567073], [-6.2489311, 53.3566777], [-6.2489904, 53.3566514], [-6.2490537, 53.3566288], [-6.2491205, 53.3566099], [-6.24919, 53.3565951], [-6.2492617, 53.3565844], [-6.2493347, 53.3565779], [-6.2494085, 53.3565757], [-6.2494823, 53.3565779], [-6.2495553, 53.3565844], [-6.249627, 53.3565951], [-6.2496965, 53.3566099], [-6.2497633, 53.3566288], [-6.2498266, 53.3566514], [-6.2498859, 53.3566777], [-6.2499406, 53.3567073], [-6.2499902, 53.35674], [-6.2500342, 53.3567754], [-6.2500722, 53.3568132], [-6.2501038, 53.356853], [-6.2501287, 53.3568945], [-6.2501466, 53.3569373], [-6.2501574, 53.3569809], [-6.2501611, 53.3570249], [-6.2501574, 53.3570689], [-6.2501466, 53.3571125], [-6.2501287, 53.3571553], [-6.2501038, 53.3571968], [-6.2500722, 53.3572366], [-6.2500342, 53.3572744], [-6.2499902, 53.3573098], [-6.2499406, 53.3573425], [-6.2498859, 53.3573721], [-6.2498266, 53.3573984], [-6.2497633, 53.357421], [-6.2496965, 53.3574399], [-6.249627, 53.3574547], [-6.2495553, 53.3574654], [-6.2494823, 53.3574719], [-6.2494085, 53.3574741]]]}}, {"type": "Feature", "properties": {"MM ID": "50316", "SITE_ID": "50316", "radius_m": 50, "radius_source": "Footfall.RADIUS", "color": "#29B6E8"}, "geometry": {"type": "Polygon", "coordinates": [[[-6.2462796, 53.3889107], [-6.2462058, 53.3889085], [-6.2461327, 53.388902], [-6.246061, 53.3888913], [-6.2459914, 53.3888765], [-6.2459246, 53.3888576], [-6.2458612, 53.388835], [-6.2458018, 53.3888087], [-6.2457471, 53.3887791], [-6.2456974, 53.3887464], [-6.2456534, 53.388711], [-6.2456154, 53.3886732], [-6.2455838, 53.3886334], [-6.2455589, 53.3885919], [-6.2455409, 53.3885491], [-6.2455301, 53.3885055], [-6.2455265, 53.3884615], [-6.2455301, 53.3884175], [-6.2455409, 53.3883739], [-6.2455589, 53.3883311], [-6.2455838, 53.3882896], [-6.2456154, 53.3882498], [-6.2456534, 53.388212], [-6.2456974, 53.3881766], [-6.2457471, 53.3881439], [-6.2458018, 53.3881143], [-6.2458612, 53.388088], [-6.2459246, 53.3880654], [-6.2459914, 53.3880465], [-6.246061, 53.3880317], [-6.2461327, 53.388021], [-6.2462058, 53.3880145], [-6.2462796, 53.3880123], [-6.2463534, 53.3880145], [-6.2464265, 53.388021], [-6.2464982, 53.3880317], [-6.2465678, 53.3880465], [-6.2466346, 53.3880654], [-6.246698, 53.388088], [-6.2467574, 53.3881143], [-6.2468121, 53.3881439], [-6.2468618, 53.3881766], [-6.2469058, 53.388212], [-6.2469438, 53.3882498], [-6.2469754, 53.3882896], [-6.2470003, 53.3883311], [-6.2470183, 53.3883739], [-6.2470291, 53.3884175], [-6.2470327, 53.3884615], [-6.2470291, 53.3885055], [-6.2470183, 53.3885491], [-6.2470003, 53.3885919], [-6.2469754, 53.3886334], [-6.2469438, 53.3886732], [-6.2469058, 53.388711], [-6.2468618, 53.3887464], [-6.2468121, 53.3887791], [-6.2467574, 53.3888087], [-6.246698, 53.388835], [-6.2466346, 53.3888576], [-6.2465678, 53.3888765], [-6.2464982, 53.3888913], [-6.2464265, 53.388902], [-6.2463534, 53.3889085], [-6.2462796, 53.3889107]]]}}, {"type": "Feature", "properties": {"MM ID": "50317", "SITE_ID": "50317", "radius_m": 50, "radius_source": "Footfall.RADIUS", "color": "#29B6E8"}, "geometry": {"type": "Polygon", "coordinates": [[[-6.2462195, 53.4604774], [-6.2461456, 53.4604752], [-6.2460723, 53.4604687], [-6.2460005, 53.460458], [-6.2459308, 53.4604432], [-6.2458639, 53.4604243], [-6.2458004, 53.4604017], [-6.2457409, 53.4603754], [-6.2456861, 53.4603458], [-6.2456363, 53.4603131], [-6.2455922, 53.4602777], [-6.2455542, 53.4602399], [-6.2455225, 53.4602001], [-6.2454976, 53.4601586], [-6.2454796, 53.4601158], [-6.2454687, 53.4600722], [-6.2454651, 53.4600282], [-6.2454687, 53.4599842], [-6.2454796, 53.4599406], [-6.2454976, 53.4598978], [-6.2455225, 53.4598563], [-6.2455542, 53.4598165], [-6.2455922, 53.4597787], [-6.2456363, 53.4597433], [-6.2456861, 53.4597106], [-6.2457409, 53.459681], [-6.2458004, 53.4596547], [-6.2458639, 53.4596321], [-6.2459308, 53.4596132], [-6.2460005, 53.4595984], [-6.2460723, 53.4595877], [-6.2461456, 53.4595812], [-6.2462195, 53.459579], [-6.2462934, 53.4595812], [-6.2463667, 53.4595877], [-6.2464385, 53.4595984], [-6.2465082, 53.4596132], [-6.2465751, 53.4596321], [-6.2466386, 53.4596547], [-6.2466981, 53.459681], [-6.2467529, 53.4597106], [-6.2468027, 53.4597433], [-6.2468468, 53.4597787], [-6.2468848, 53.4598165], [-6.2469165, 53.4598563], [-6.2469414, 53.4598978], [-6.2469594, 53.4599406], [-6.2469703, 53.4599842], [-6.2469739, 53.4600282], [-6.2469703, 53.4600722], [-6.2469594, 53.4601158], [-6.2469414, 53.4601586], [-6.2469165, 53.4602001], [-6.2468848, 53.4602399], [-6.2468468, 53.4602777], [-6.2468027, 53.4603131], [-6.2467529, 53.4603458], [-6.2466981, 53.4603754], [-6.2466386, 53.4604017], [-6.2465751, 53.4604243], [-6.2465082, 53.4604432], [-6.2464385, 53.460458], [-6.2463667, 53.4604687], [-6.2462934, 53.4604752], [-6.2462195, 53.4604774]]]}}, {"type": "Feature", "properties": {"MM ID": "50320", "SITE_ID": "50320", "radius_m": 50, "radius_source": "Footfall.RADIUS", "color": "#29B6E8"}, "geometry": {"type": "Polygon", "coordinates": [[[-6.2575537, 53.3592277], [-6.2574799, 53.3592255], [-6.2574069, 53.359219], [-6.2573352, 53.3592083], [-6.2572657, 53.3591935], [-6.2571989, 53.3591746], [-6.2571356, 53.359152], [-6.2570763, 53.3591257], [-6.2570215, 53.3590961], [-6.2569719, 53.3590634], [-6.2569279, 53.359028], [-6.25689, 53.3589902], [-6.2568584, 53.3589504], [-6.2568335, 53.3589089], [-6.2568156, 53.3588661], [-6.2568047, 53.3588225], [-6.2568011, 53.3587785], [-6.2568047, 53.3587345], [-6.2568156, 53.3586909], [-6.2568335, 53.3586481], [-6.2568584, 53.3586066], [-6.25689, 53.3585668], [-6.2569279, 53.358529], [-6.2569719, 53.3584936], [-6.2570215, 53.3584609], [-6.2570763, 53.3584313], [-6.2571356, 53.358405], [-6.2571989, 53.3583824], [-6.2572657, 53.3583635], [-6.2573352, 53.3583487], [-6.2574069, 53.358338], [-6.2574799, 53.3583315], [-6.2575537, 53.3583293], [-6.2576275, 53.3583315], [-6.2577005, 53.358338], [-6.2577722, 53.3583487], [-6.2578417, 53.3583635], [-6.2579085, 53.3583824], [-6.2579718, 53.358405], [-6.2580311, 53.3584313], [-6.2580859, 53.3584609], [-6.2581355, 53.3584936], [-6.2581795, 53.358529], [-6.2582174, 53.3585668], [-6.258249, 53.3586066], [-6.2582739, 53.3586481], [-6.2582918, 53.3586909], [-6.2583027, 53.3587345], [-6.2583063, 53.3587785], [-6.2583027, 53.3588225], [-6.2582918, 53.3588661], [-6.2582739, 53.3589089], [-6.258249, 53.3589504], [-6.2582174, 53.3589902], [-6.2581795, 53.359028], [-6.2581355, 53.3590634], [-6.2580859, 53.3590961], [-6.2580311, 53.3591257], [-6.2579718, 53.359152], [-6.2579085, 53.3591746], [-6.2578417, 53.3591935], [-6.2577722, 53.3592083], [-6.2577005, 53.359219], [-6.2576275, 53.3592255], [-6.2575537, 53.3592277]]]}}, {"type": "Feature", "properties": {"MM ID": "50321", "SITE_ID": "50321", "radius_m": 50, "radius_source": "Footfall.RADIUS", "color": "#29B6E8"}, "geometry": {"type": "Polygon", "coordinates": [[[-6.2887429, 53.3578098], [-6.2886691, 53.3578076], [-6.2885961, 53.3578011], [-6.2885244, 53.3577904], [-6.2884549, 53.3577756], [-6.2883881, 53.3577567], [-6.2883248, 53.3577341], [-6.2882655, 53.3577078], [-6.2882107, 53.3576782], [-6.2881611, 53.3576455], [-6.2881172, 53.3576101], [-6.2880792, 53.3575723], [-6.2880476, 53.3575325], [-6.2880227, 53.357491], [-6.2880048, 53.3574482], [-6.2879939, 53.3574046], [-6.2879903, 53.3573606], [-6.2879939, 53.3573166], [-6.2880048, 53.357273], [-6.2880227, 53.3572302], [-6.2880476, 53.3571887], [-6.2880792, 53.3571489], [-6.2881172, 53.3571111], [-6.2881611, 53.3570757], [-6.2882107, 53.357043], [-6.2882655, 53.3570134], [-6.2883248, 53.3569871], [-6.2883881, 53.3569645], [-6.2884549, 53.3569456], [-6.2885244, 53.3569308], [-6.2885961, 53.3569201], [-6.2886691, 53.3569136], [-6.2887429, 53.3569114], [-6.2888167, 53.3569136], [-6.2888897, 53.3569201], [-6.2889614, 53.3569308], [-6.2890309, 53.3569456], [-6.2890977, 53.3569645], [-6.289161, 53.3569871], [-6.2892203, 53.3570134], [-6.2892751, 53.357043], [-6.2893247, 53.3570757], [-6.2893686, 53.3571111], [-6.2894066, 53.3571489], [-6.2894382, 53.3571887], [-6.2894631, 53.3572302], [-6.289481, 53.357273], [-6.2894919, 53.3573166], [-6.2894955, 53.3573606], [-6.2894919, 53.3574046], [-6.289481, 53.3574482], [-6.2894631, 53.357491], [-6.2894382, 53.3575325], [-6.2894066, 53.3575723], [-6.2893686, 53.3576101], [-6.2893247, 53.3576455], [-6.2892751, 53.3576782], [-6.2892203, 53.3577078], [-6.289161, 53.3577341], [-6.2890977, 53.3577567], [-6.2890309, 53.3577756], [-6.2889614, 53.3577904], [-6.2888897, 53.3578011], [-6.2888167, 53.3578076], [-6.2887429, 53.3578098]]]}}, {"type": "Feature", "properties": {"MM ID": "50322", "SITE_ID": "50322", "radius_m": 50, "radius_source": "Footfall.RADIUS", "color": "#29B6E8"}, "geometry": {"type": "Polygon", "coordinates": [[[-6.3934004, 53.4060888], [-6.3933266, 53.4060866], [-6.3932534, 53.4060801], [-6.3931817, 53.4060694], [-6.3931121, 53.4060546], [-6.3930452, 53.4060357], [-6.3929818, 53.4060131], [-6.3929224, 53.4059868], [-6.3928676, 53.4059572], [-6.392818, 53.4059245], [-6.3927739, 53.4058891], [-6.3927359, 53.4058513], [-6.3927043, 53.4058115], [-6.3926794, 53.40577], [-6.3926614, 53.4057272], [-6.3926506, 53.4056836], [-6.392647, 53.4056396], [-6.3926506, 53.4055956], [-6.3926614, 53.405552], [-6.3926794, 53.4055092], [-6.3927043, 53.4054677], [-6.3927359, 53.4054279], [-6.3927739, 53.4053901], [-6.392818, 53.4053547], [-6.3928676, 53.405322], [-6.3929224, 53.4052924], [-6.3929818, 53.4052661], [-6.3930452, 53.4052435], [-6.3931121, 53.4052246], [-6.3931817, 53.4052098], [-6.3932534, 53.4051991], [-6.3933266, 53.4051926], [-6.3934004, 53.4051904], [-6.3934742, 53.4051926], [-6.3935474, 53.4051991], [-6.3936191, 53.4052098], [-6.3936887, 53.4052246], [-6.3937556, 53.4052435], [-6.393819, 53.4052661], [-6.3938784, 53.4052924], [-6.3939332, 53.405322], [-6.3939828, 53.4053547], [-6.3940269, 53.4053901], [-6.3940649, 53.4054279], [-6.3940965, 53.4054677], [-6.3941214, 53.4055092], [-6.3941394, 53.405552], [-6.3941502, 53.4055956], [-6.3941538, 53.4056396], [-6.3941502, 53.4056836], [-6.3941394, 53.4057272], [-6.3941214, 53.40577], [-6.3940965, 53.4058115], [-6.3940649, 53.4058513], [-6.3940269, 53.4058891], [-6.3939828, 53.4059245], [-6.3939332, 53.4059572], [-6.3938784, 53.4059868], [-6.393819, 53.4060131], [-6.3937556, 53.4060357], [-6.3936887, 53.4060546], [-6.3936191, 53.4060694], [-6.3935474, 53.4060801], [-6.3934742, 53.4060866], [-6.3934004, 53.4060888]]]}}, {"type": "Feature", "properties": {"MM ID": "50323", "SITE_ID": "50323", "radius_m": 50, "radius_source": "Footfall.RADIUS", "color": "#29B6E8"}, "geometry": {"type": "Polygon", "coordinates": [[[-6.38565, 53.4188514], [-6.3855761, 53.4188492], [-6.385503, 53.4188427], [-6.3854312, 53.418832], [-6.3853616, 53.4188172], [-6.3852947, 53.4187983], [-6.3852313, 53.4187757], [-6.3851719, 53.4187494], [-6.3851171, 53.4187198], [-6.3850674, 53.4186871], [-6.3850234, 53.4186517], [-6.3849853, 53.4186139], [-6.3849537, 53.4185741], [-6.3849288, 53.4185326], [-6.3849108, 53.4184898], [-6.3849, 53.4184462], [-6.3848963, 53.4184022], [-6.3849, 53.4183582], [-6.3849108, 53.4183146], [-6.3849288, 53.4182718], [-6.3849537, 53.4182303], [-6.3849853, 53.4181905], [-6.3850234, 53.4181527], [-6.3850674, 53.4181173], [-6.3851171, 53.4180846], [-6.3851719, 53.418055], [-6.3852313, 53.4180287], [-6.3852947, 53.4180061], [-6.3853616, 53.4179872], [-6.3854312, 53.4179724], [-6.385503, 53.4179617], [-6.3855761, 53.4179552], [-6.38565, 53.417953], [-6.3857239, 53.4179552], [-6.385797, 53.4179617], [-6.3858688, 53.4179724], [-6.3859384, 53.4179872], [-6.3860053, 53.4180061], [-6.3860687, 53.4180287], [-6.3861281, 53.418055], [-6.3861829, 53.4180846], [-6.3862326, 53.4181173], [-6.3862766, 53.4181527], [-6.3863147, 53.4181905], [-6.3863463, 53.4182303], [-6.3863712, 53.4182718], [-6.3863892, 53.4183146], [-6.3864, 53.4183582], [-6.3864037, 53.4184022], [-6.3864, 53.4184462], [-6.3863892, 53.4184898], [-6.3863712, 53.4185326], [-6.3863463, 53.4185741], [-6.3863147, 53.4186139], [-6.3862766, 53.4186517], [-6.3862326, 53.4186871], [-6.3861829, 53.4187198], [-6.3861281, 53.4187494], [-6.3860687, 53.4187757], [-6.3860053, 53.4187983], [-6.3859384, 53.4188172], [-6.3858688, 53.418832], [-6.385797, 53.4188427], [-6.3857239, 53.4188492], [-6.38565, 53.4188514]]]}}, {"type": "Feature", "properties": {"MM ID": "50325", "SITE_ID": "50325", "radius_m": 183, "radius_source": "Footfall.RADIUS", "color": "#29B6E8"}, "geometry": {"type": "Polygon", "coordinates": [[[-6.1518146, 53.4039215], [-6.1515443, 53.4039136], [-6.1512767, 53.4038899], [-6.1510142, 53.4038507], [-6.1507594, 53.4037964], [-6.1505148, 53.4037274], [-6.1502827, 53.4036445], [-6.1500654, 53.4035484], [-6.1498649, 53.40344], [-6.1496831, 53.4033205], [-6.149522, 53.4031909], [-6.1493828, 53.4030525], [-6.1492671, 53.4029067], [-6.149176, 53.4027548], [-6.1491102, 53.4025983], [-6.1490705, 53.4024387], [-6.1490573, 53.4022776], [-6.1490705, 53.4021165], [-6.1491102, 53.4019569], [-6.149176, 53.4018004], [-6.1492671, 53.4016485], [-6.1493828, 53.4015027], [-6.149522, 53.4013643], [-6.1496831, 53.4012347], [-6.1498649, 53.4011152], [-6.1500654, 53.4010068], [-6.1502827, 53.4009107], [-6.1505148, 53.4008278], [-6.1507594, 53.4007588], [-6.1510142, 53.4007045], [-6.1512767, 53.4006653], [-6.1515443, 53.4006416], [-6.1518146, 53.4006337], [-6.1520849, 53.4006416], [-6.1523525, 53.4006653], [-6.152615, 53.4007045], [-6.1528698, 53.4007588], [-6.1531144, 53.4008278], [-6.1533465, 53.4009107], [-6.1535638, 53.4010068], [-6.1537643, 53.4011152], [-6.1539461, 53.4012347], [-6.1541072, 53.4013643], [-6.1542464, 53.4015027], [-6.1543621, 53.4016485], [-6.1544532, 53.4018004], [-6.154519, 53.4019569], [-6.1545587, 53.4021165], [-6.1545719, 53.4022776], [-6.1545587, 53.4024387], [-6.154519, 53.4025983], [-6.1544532, 53.4027548], [-6.1543621, 53.4029067], [-6.1542464, 53.4030525], [-6.1541072, 53.4031909], [-6.1539461, 53.4033205], [-6.1537643, 53.40344], [-6.1535638, 53.4035484], [-6.1533465, 53.4036445], [-6.1531144, 53.4037274], [-6.1528698, 53.4037964], [-6.152615, 53.4038507], [-6.1523525, 53.4038899], [-6.1520849, 53.4039136], [-6.1518146, 53.4039215]]]}}, {"type": "Feature", "properties": {"MM ID": "50326", "SITE_ID": "50326", "radius_m": 50, "radius_source": "Footfall.RADIUS", "color": "#29B6E8"}, "geometry": {"type": "Polygon", "coordinates": [[[-6.1897058, 53.359964], [-6.189632, 53.3599618], [-6.189559, 53.3599553], [-6.1894873, 53.3599446], [-6.1894178, 53.3599298], [-6.189351, 53.3599109], [-6.1892877, 53.3598883], [-6.1892283, 53.359862], [-6.1891736, 53.3598324], [-6.189124, 53.3597997], [-6.18908, 53.3597643], [-6.1890421, 53.3597265], [-6.1890105, 53.3596867], [-6.1889856, 53.3596452], [-6.1889676, 53.3596024], [-6.1889568, 53.3595588], [-6.1889532, 53.3595148], [-6.1889568, 53.3594708], [-6.1889676, 53.3594272], [-6.1889856, 53.3593844], [-6.1890105, 53.3593429], [-6.1890421, 53.3593031], [-6.18908, 53.3592653], [-6.189124, 53.3592299], [-6.1891736, 53.3591972], [-6.1892283, 53.3591676], [-6.1892877, 53.3591413], [-6.189351, 53.3591187], [-6.1894178, 53.3590998], [-6.1894873, 53.359085], [-6.189559, 53.3590743], [-6.189632, 53.3590678], [-6.1897058, 53.3590656], [-6.1897796, 53.3590678], [-6.1898526, 53.3590743], [-6.1899243, 53.359085], [-6.1899938, 53.3590998], [-6.1900606, 53.3591187], [-6.1901239, 53.3591413], [-6.1901833, 53.3591676], [-6.190238, 53.3591972], [-6.1902876, 53.3592299], [-6.1903316, 53.3592653], [-6.1903695, 53.3593031], [-6.1904011, 53.3593429], [-6.190426, 53.3593844], [-6.190444, 53.3594272], [-6.1904548, 53.3594708], [-6.1904584, 53.3595148], [-6.1904548, 53.3595588], [-6.190444, 53.3596024], [-6.190426, 53.3596452], [-6.1904011, 53.3596867], [-6.1903695, 53.3597265], [-6.1903316, 53.3597643], [-6.1902876, 53.3597997], [-6.190238, 53.3598324], [-6.1901833, 53.359862], [-6.1901239, 53.3598883], [-6.1900606, 53.3599109], [-6.1899938, 53.3599298], [-6.1899243, 53.3599446], [-6.1898526, 53.3599553], [-6.1897796, 53.3599618], [-6.1897058, 53.359964]]]}}, {"type": "Feature", "properties": {"MM ID": "50329", "SITE_ID": "50329", "radius_m": 50, "radius_source": "Footfall.RADIUS", "color": "#29B6E8"}, "geometry": {"type": "Polygon", "coordinates": [[[-6.3715773, 53.3847889], [-6.3715035, 53.3847867], [-6.3714304, 53.3847802], [-6.3713587, 53.3847695], [-6.3712891, 53.3847547], [-6.3712223, 53.3847358], [-6.3711589, 53.3847132], [-6.3710996, 53.3846869], [-6.3710448, 53.3846573], [-6.3709952, 53.3846246], [-6.3709512, 53.3845892], [-6.3709132, 53.3845514], [-6.3708816, 53.3845116], [-6.3708567, 53.3844701], [-6.3708387, 53.3844273], [-6.3708279, 53.3843837], [-6.3708242, 53.3843397], [-6.3708279, 53.3842957], [-6.3708387, 53.3842521], [-6.3708567, 53.3842093], [-6.3708816, 53.3841678], [-6.3709132, 53.384128], [-6.3709512, 53.3840902], [-6.3709952, 53.3840548], [-6.3710448, 53.3840221], [-6.3710996, 53.3839925], [-6.3711589, 53.3839662], [-6.3712223, 53.3839436], [-6.3712891, 53.3839247], [-6.3713587, 53.3839099], [-6.3714304, 53.3838992], [-6.3715035, 53.3838927], [-6.3715773, 53.3838905], [-6.3716511, 53.3838927], [-6.3717242, 53.3838992], [-6.3717959, 53.3839099], [-6.3718655, 53.3839247], [-6.3719323, 53.3839436], [-6.3719957, 53.3839662], [-6.372055, 53.3839925], [-6.3721098, 53.3840221], [-6.3721594, 53.3840548], [-6.3722034, 53.3840902], [-6.3722414, 53.384128], [-6.372273, 53.3841678], [-6.3722979, 53.3842093], [-6.3723159, 53.3842521], [-6.3723267, 53.3842957], [-6.3723304, 53.3843397], [-6.3723267, 53.3843837], [-6.3723159, 53.3844273], [-6.3722979, 53.3844701], [-6.372273, 53.3845116], [-6.3722414, 53.3845514], [-6.3722034, 53.3845892], [-6.3721594, 53.3846246], [-6.3721098, 53.3846573], [-6.372055, 53.3846869], [-6.3719957, 53.3847132], [-6.3719323, 53.3847358], [-6.3718655, 53.3847547], [-6.3717959, 53.3847695], [-6.3717242, 53.3847802], [-6.3716511, 53.3847867], [-6.3715773, 53.3847889]]]}}, {"type": "Feature", "properties": {"MM ID": "50331", "SITE_ID": "50331", "radius_m": 50, "radius_source": "Footfall.RADIUS", "color": "#29B6E8"}, "geometry": {"type": "Polygon", "coordinates": [[[-6.2982549, 53.4042357], [-6.2981811, 53.4042335], [-6.2981079, 53.404227], [-6.2980362, 53.4042163], [-6.2979666, 53.4042015], [-6.2978997, 53.4041826], [-6.2978363, 53.40416], [-6.2977769, 53.4041337], [-6.2977222, 53.4041041], [-6.2976725, 53.4040714], [-6.2976285, 53.404036], [-6.2975905, 53.4039982], [-6.2975588, 53.4039584], [-6.2975339, 53.4039169], [-6.297516, 53.4038741], [-6.2975051, 53.4038305], [-6.2975015, 53.4037865], [-6.2975051, 53.4037425], [-6.297516, 53.4036989], [-6.2975339, 53.4036561], [-6.2975588, 53.4036146], [-6.2975905, 53.4035748], [-6.2976285, 53.403537], [-6.2976725, 53.4035016], [-6.2977222, 53.4034689], [-6.2977769, 53.4034393], [-6.2978363, 53.403413], [-6.2978997, 53.4033904], [-6.2979666, 53.4033715], [-6.2980362, 53.4033567], [-6.2981079, 53.403346], [-6.2981811, 53.4033395], [-6.2982549, 53.4033373], [-6.2983287, 53.4033395], [-6.2984019, 53.403346], [-6.2984736, 53.4033567], [-6.2985432, 53.4033715], [-6.2986101, 53.4033904], [-6.2986735, 53.403413], [-6.2987329, 53.4034393], [-6.2987876, 53.4034689], [-6.2988373, 53.4035016], [-6.2988813, 53.403537], [-6.2989193, 53.4035748], [-6.298951, 53.4036146], [-6.2989759, 53.4036561], [-6.2989938, 53.4036989], [-6.2990047, 53.4037425], [-6.2990083, 53.4037865], [-6.2990047, 53.4038305], [-6.2989938, 53.4038741], [-6.2989759, 53.4039169], [-6.298951, 53.4039584], [-6.2989193, 53.4039982], [-6.2988813, 53.404036], [-6.2988373, 53.4040714], [-6.2987876, 53.4041041], [-6.2987329, 53.4041337], [-6.2986735, 53.40416], [-6.2986101, 53.4041826], [-6.2985432, 53.4042015], [-6.2984736, 53.4042163], [-6.2984019, 53.404227], [-6.2983287, 53.4042335], [-6.2982549, 53.4042357]]]}}, {"type": "Feature", "properties": {"MM ID": "50332", "SITE_ID": "50332", "radius_m": 50, "radius_source": "Footfall.RADIUS", "color": "#29B6E8"}, "geometry": {"type": "Polygon", "coordinates": [[[-6.4200015, 53.3930258], [-6.4199277, 53.3930236], [-6.4198546, 53.3930171], [-6.4197829, 53.3930064], [-6.4197133, 53.3929916], [-6.4196464, 53.3929727], [-6.419583, 53.3929501], [-6.4195237, 53.3929238], [-6.4194689, 53.3928942], [-6.4194193, 53.3928615], [-6.4193752, 53.3928261], [-6.4193372, 53.3927883], [-6.4193056, 53.3927485], [-6.4192807, 53.392707], [-6.4192628, 53.3926642], [-6.4192519, 53.3926206], [-6.4192483, 53.3925766], [-6.4192519, 53.3925326], [-6.4192628, 53.392489], [-6.4192807, 53.3924462], [-6.4193056, 53.3924047], [-6.4193372, 53.3923649], [-6.4193752, 53.3923271], [-6.4194193, 53.3922917], [-6.4194689, 53.392259], [-6.4195237, 53.3922294], [-6.419583, 53.3922031], [-6.4196464, 53.3921805], [-6.4197133, 53.3921616], [-6.4197829, 53.3921468], [-6.4198546, 53.3921361], [-6.4199277, 53.3921296], [-6.4200015, 53.3921274], [-6.4200753, 53.3921296], [-6.4201484, 53.3921361], [-6.4202201, 53.3921468], [-6.4202897, 53.3921616], [-6.4203566, 53.3921805], [-6.42042, 53.3922031], [-6.4204793, 53.3922294], [-6.4205341, 53.392259], [-6.4205837, 53.3922917], [-6.4206278, 53.3923271], [-6.4206658, 53.3923649], [-6.4206974, 53.3924047], [-6.4207223, 53.3924462], [-6.4207402, 53.392489], [-6.4207511, 53.3925326], [-6.4207547, 53.3925766], [-6.4207511, 53.3926206], [-6.4207402, 53.3926642], [-6.4207223, 53.392707], [-6.4206974, 53.3927485], [-6.4206658, 53.3927883], [-6.4206278, 53.3928261], [-6.4205837, 53.3928615], [-6.4205341, 53.3928942], [-6.4204793, 53.3929238], [-6.42042, 53.3929501], [-6.4203566, 53.3929727], [-6.4202897, 53.3929916], [-6.4202201, 53.3930064], [-6.4201484, 53.3930171], [-6.4200753, 53.3930236], [-6.4200015, 53.3930258]]]}}, {"type": "Feature", "properties": {"MM ID": "50335", "SITE_ID": "50335", "radius_m": 50, "radius_source": "Footfall.RADIUS", "color": "#29B6E8"}, "geometry": {"type": "Polygon", "coordinates": [[[-6.2567338, 53.3652061], [-6.25666, 53.3652039], [-6.256587, 53.3651974], [-6.2565153, 53.3651867], [-6.2564458, 53.3651719], [-6.256379, 53.365153], [-6.2563156, 53.3651304], [-6.2562563, 53.3651041], [-6.2562016, 53.3650745], [-6.2561519, 53.3650418], [-6.2561079, 53.3650064], [-6.25607, 53.3649686], [-6.2560384, 53.3649288], [-6.2560135, 53.3648873], [-6.2559956, 53.3648445], [-6.2559847, 53.3648009], [-6.2559811, 53.3647569], [-6.2559847, 53.3647129], [-6.2559956, 53.3646693], [-6.2560135, 53.3646265], [-6.2560384, 53.364585], [-6.25607, 53.3645452], [-6.2561079, 53.3645074], [-6.2561519, 53.364472], [-6.2562016, 53.3644393], [-6.2562563, 53.3644097], [-6.2563156, 53.3643834], [-6.256379, 53.3643608], [-6.2564458, 53.3643419], [-6.2565153, 53.3643271], [-6.256587, 53.3643164], [-6.25666, 53.3643099], [-6.2567338, 53.3643077], [-6.2568076, 53.3643099], [-6.2568806, 53.3643164], [-6.2569523, 53.3643271], [-6.2570218, 53.3643419], [-6.2570886, 53.3643608], [-6.257152, 53.3643834], [-6.2572113, 53.3644097], [-6.257266, 53.3644393], [-6.2573157, 53.364472], [-6.2573597, 53.3645074], [-6.2573976, 53.3645452], [-6.2574292, 53.364585], [-6.2574541, 53.3646265], [-6.257472, 53.3646693], [-6.2574829, 53.3647129], [-6.2574865, 53.3647569], [-6.2574829, 53.3648009], [-6.257472, 53.3648445], [-6.2574541, 53.3648873], [-6.2574292, 53.3649288], [-6.2573976, 53.3649686], [-6.2573597, 53.3650064], [-6.2573157, 53.3650418], [-6.257266, 53.3650745], [-6.2572113, 53.3651041], [-6.257152, 53.3651304], [-6.2570886, 53.365153], [-6.2570218, 53.3651719], [-6.2569523, 53.3651867], [-6.2568806, 53.3651974], [-6.2568076, 53.3652039], [-6.2567338, 53.3652061]]]}}, {"type": "Feature", "properties": {"MM ID": "50336", "SITE_ID": "50336", "radius_m": 50, "radius_source": "Footfall.RADIUS", "color": "#29B6E8"}, "geometry": {"type": "Polygon", "coordinates": [[[-6.39941, 53.3317376], [-6.3993363, 53.3317354], [-6.3992633, 53.3317289], [-6.3991917, 53.3317182], [-6.3991222, 53.3317034], [-6.3990555, 53.3316845], [-6.3989921, 53.3316619], [-6.3989329, 53.3316356], [-6.3988782, 53.331606], [-6.3988286, 53.3315733], [-6.3987846, 53.3315379], [-6.3987467, 53.3315001], [-6.3987151, 53.3314603], [-6.3986903, 53.3314188], [-6.3986723, 53.331376], [-6.3986615, 53.3313324], [-6.3986579, 53.3312884], [-6.3986615, 53.3312444], [-6.3986723, 53.3312008], [-6.3986903, 53.331158], [-6.3987151, 53.3311165], [-6.3987467, 53.3310767], [-6.3987846, 53.3310389], [-6.3988286, 53.3310035], [-6.3988782, 53.3309708], [-6.3989329, 53.3309412], [-6.3989921, 53.3309149], [-6.3990555, 53.3308923], [-6.3991222, 53.3308734], [-6.3991917, 53.3308586], [-6.3992633, 53.3308479], [-6.3993363, 53.3308414], [-6.39941, 53.3308392], [-6.3994837, 53.3308414], [-6.3995567, 53.3308479], [-6.3996283, 53.3308586], [-6.3996978, 53.3308734], [-6.3997645, 53.3308923], [-6.3998279, 53.3309149], [-6.3998871, 53.3309412], [-6.3999418, 53.3309708], [-6.3999914, 53.3310035], [-6.4000354, 53.3310389], [-6.4000733, 53.3310767], [-6.4001049, 53.3311165], [-6.4001297, 53.331158], [-6.4001477, 53.3312008], [-6.4001585, 53.3312444], [-6.4001621, 53.3312884], [-6.4001585, 53.3313324], [-6.4001477, 53.331376], [-6.4001297, 53.3314188], [-6.4001049, 53.3314603], [-6.4000733, 53.3315001], [-6.4000354, 53.3315379], [-6.3999914, 53.3315733], [-6.3999418, 53.331606], [-6.3998871, 53.3316356], [-6.3998279, 53.3316619], [-6.3997645, 53.3316845], [-6.3996978, 53.3317034], [-6.3996283, 53.3317182], [-6.3995567, 53.3317289], [-6.3994837, 53.3317354], [-6.39941, 53.3317376]]]}}, {"type": "Feature", "properties": {"MM ID": "50344", "SITE_ID": "50344", "radius_m": 50, "radius_source": "Footfall.RADIUS", "color": "#29B6E8"}, "geometry": {"type": "Polygon", "coordinates": [[[-6.1801432, 53.4046702], [-6.1800694, 53.404668], [-6.1799962, 53.4046615], [-6.1799245, 53.4046508], [-6.1798549, 53.404636], [-6.179788, 53.4046171], [-6.1797246, 53.4045945], [-6.1796652, 53.4045682], [-6.1796105, 53.4045386], [-6.1795608, 53.4045059], [-6.1795168, 53.4044705], [-6.1794788, 53.4044327], [-6.1794471, 53.4043929], [-6.1794222, 53.4043514], [-6.1794043, 53.4043086], [-6.1793934, 53.404265], [-6.1793898, 53.404221], [-6.1793934, 53.404177], [-6.1794043, 53.4041334], [-6.1794222, 53.4040906], [-6.1794471, 53.4040491], [-6.1794788, 53.4040093], [-6.1795168, 53.4039715], [-6.1795608, 53.4039361], [-6.1796105, 53.4039034], [-6.1796652, 53.4038738], [-6.1797246, 53.4038475], [-6.179788, 53.4038249], [-6.1798549, 53.403806], [-6.1799245, 53.4037912], [-6.1799962, 53.4037805], [-6.1800694, 53.403774], [-6.1801432, 53.4037718], [-6.180217, 53.403774], [-6.1802902, 53.4037805], [-6.1803619, 53.4037912], [-6.1804315, 53.403806], [-6.1804984, 53.4038249], [-6.1805618, 53.4038475], [-6.1806212, 53.4038738], [-6.1806759, 53.4039034], [-6.1807256, 53.4039361], [-6.1807696, 53.4039715], [-6.1808076, 53.4040093], [-6.1808393, 53.4040491], [-6.1808642, 53.4040906], [-6.1808821, 53.4041334], [-6.180893, 53.404177], [-6.1808966, 53.404221], [-6.180893, 53.404265], [-6.1808821, 53.4043086], [-6.1808642, 53.4043514], [-6.1808393, 53.4043929], [-6.1808076, 53.4044327], [-6.1807696, 53.4044705], [-6.1807256, 53.4045059], [-6.1806759, 53.4045386], [-6.1806212, 53.4045682], [-6.1805618, 53.4045945], [-6.1804984, 53.4046171], [-6.1804315, 53.404636], [-6.1803619, 53.4046508], [-6.1802902, 53.4046615], [-6.180217, 53.404668], [-6.1801432, 53.4046702]]]}}, {"type": "Feature", "properties": {"MM ID": "50337", "SITE_ID": "50337", "radius_m": 50, "radius_source": "Footfall.RADIUS", "color": "#29B6E8"}, "geometry": {"type": "Polygon", "coordinates": [[[-8.3918993, 51.8142267], [-8.3918281, 51.8142245], [-8.3917576, 51.814218], [-8.3916884, 51.8142073], [-8.3916213, 51.8141925], [-8.3915568, 51.8141736], [-8.3914957, 51.814151], [-8.3914384, 51.8141247], [-8.3913856, 51.8140951], [-8.3913377, 51.8140624], [-8.3912952, 51.814027], [-8.3912586, 51.8139892], [-8.3912281, 51.8139494], [-8.3912041, 51.8139079], [-8.3911867, 51.8138651], [-8.3911763, 51.8138215], [-8.3911728, 51.8137775], [-8.3911763, 51.8137335], [-8.3911867, 51.8136899], [-8.3912041, 51.8136471], [-8.3912281, 51.8136056], [-8.3912586, 51.8135658], [-8.3912952, 51.813528], [-8.3913377, 51.8134926], [-8.3913856, 51.8134599], [-8.3914384, 51.8134303], [-8.3914957, 51.813404], [-8.3915568, 51.8133814], [-8.3916213, 51.8133625], [-8.3916884, 51.8133477], [-8.3917576, 51.813337], [-8.3918281, 51.8133305], [-8.3918993, 51.8133283], [-8.3919705, 51.8133305], [-8.392041, 51.813337], [-8.3921102, 51.8133477], [-8.3921773, 51.8133625], [-8.3922418, 51.8133814], [-8.3923029, 51.813404], [-8.3923602, 51.8134303], [-8.392413, 51.8134599], [-8.3924609, 51.8134926], [-8.3925034, 51.813528], [-8.39254, 51.8135658], [-8.3925705, 51.8136056], [-8.3925945, 51.8136471], [-8.3926119, 51.8136899], [-8.3926223, 51.8137335], [-8.3926258, 51.8137775], [-8.3926223, 51.8138215], [-8.3926119, 51.8138651], [-8.3925945, 51.8139079], [-8.3925705, 51.8139494], [-8.39254, 51.8139892], [-8.3925034, 51.814027], [-8.3924609, 51.8140624], [-8.392413, 51.8140951], [-8.3923602, 51.8141247], [-8.3923029, 51.814151], [-8.3922418, 51.8141736], [-8.3921773, 51.8141925], [-8.3921102, 51.8142073], [-8.392041, 51.814218], [-8.3919705, 51.8142245], [-8.3918993, 51.8142267]]]}}, {"type": "Feature", "properties": {"MM ID": "50338", "SITE_ID": "50338", "radius_m": 183, "radius_source": "Footfall.RADIUS", "color": "#29B6E8"}, "geometry": {"type": "Polygon", "coordinates": [[[-8.4842144, 51.8936356], [-8.4839533, 51.8936277], [-8.4836947, 51.893604], [-8.4834412, 51.8935648], [-8.483195, 51.8935105], [-8.4829587, 51.8934415], [-8.4827345, 51.8933586], [-8.4825245, 51.8932625], [-8.4823309, 51.8931541], [-8.4821553, 51.8930346], [-8.4819996, 51.892905], [-8.4818652, 51.8927666], [-8.4817534, 51.8926208], [-8.4816654, 51.8924689], [-8.4816019, 51.8923124], [-8.4815635, 51.8921528], [-8.4815507, 51.8919917], [-8.4815635, 51.8918306], [-8.4816019, 51.891671], [-8.4816654, 51.8915145], [-8.4817534, 51.8913626], [-8.4818652, 51.8912168], [-8.4819996, 51.8910784], [-8.4821553, 51.8909488], [-8.4823309, 51.8908293], [-8.4825245, 51.8907209], [-8.4827345, 51.8906248], [-8.4829587, 51.8905419], [-8.483195, 51.8904729], [-8.4834412, 51.8904186], [-8.4836947, 51.8903794], [-8.4839533, 51.8903557], [-8.4842144, 51.8903478], [-8.4844755, 51.8903557], [-8.4847341, 51.8903794], [-8.4849876, 51.8904186], [-8.4852338, 51.8904729], [-8.4854701, 51.8905419], [-8.4856943, 51.8906248], [-8.4859043, 51.8907209], [-8.4860979, 51.8908293], [-8.4862735, 51.8909488], [-8.4864292, 51.8910784], [-8.4865636, 51.8912168], [-8.4866754, 51.8913626], [-8.4867634, 51.8915145], [-8.4868269, 51.891671], [-8.4868653, 51.8918306], [-8.4868781, 51.8919917], [-8.4868653, 51.8921528], [-8.4868269, 51.8923124], [-8.4867634, 51.8924689], [-8.4866754, 51.8926208], [-8.4865636, 51.8927666], [-8.4864292, 51.892905], [-8.4862735, 51.8930346], [-8.4860979, 51.8931541], [-8.4859043, 51.8932625], [-8.4856943, 51.8933586], [-8.4854701, 51.8934415], [-8.4852338, 51.8935105], [-8.4849876, 51.8935648], [-8.4847341, 51.893604], [-8.4844755, 51.8936277], [-8.4842144, 51.8936356]]]}}]}